report_date,report_name,report_period,quarter_name,metric_name,value,single,yoy,mom,single_yoy
2025-09-30,2025三季报,2025-3,2025三季度,index_per_operating_cash_flow_net,0.3019,0.2808,-0.40524035,-0.33991537,-0.55150934
2025-09-30,2025三季报,2025-3,2025三季度,deduct_net_profit_yoy_growth_ratio,60.9244,32.6494,1.45221899,-0.59979554,-0.17279837
2025-09-30,2025三季报,2025-3,2025三季度,parent_holder_net_profit,3678821025.93,984040202.6000,0.39183853,-0.40588692,0.09279633
2025-09-30,2025三季报,2025-3,2025三季度,calc_per_net_assets,6.023,,0.09513073,,
2025-09-30,2025三季报,2025-3,2025三季度,inventory_turnover_ratio,3.5494,,0.08163949,,
2025-09-30,2025三季报,2025-3,2025三季度,conservative_quick_ratio,0.544,,-0.09393738,,
2025-09-30,2025三季报,2025-3,2025三季度,equity_ratio,0.9823,,0.10956738,,
2025-09-30,2025三季报,2025-3,2025三季度,current_ratio,1.3187,,-0.12876586,,
2025-09-30,2025三季报,2025-3,2025三季度,basic_eps,0.76,0.2030,0.38181818,-0.40591162,0.09257266
2025-09-30,2025三季报,2025-3,2025三季度,business_cycle,76.914,,-0.07920067,,
2025-09-30,2025三季报,2025-3,2025三季度,receive_accounts_turnover_days,0.8448,,-0.32426812,,
2025-09-30,2025三季报,2025-3,2025三季度,quick_ratio,0.544,,-0.09393738,,
2025-09-30,2025三季报,2025-3,2025三季度,sale_gross_margin,17.4398,15.2251,0.13251338,-0.14915055,0.12335003
2025-09-30,2025三季报,2025-3,2025三季度,inventory_turnover_days,76.0692,,-0.07547697,,
2025-09-30,2025三季报,2025-3,2025三季度,calculate_operating_income_total_yoy_growth_ratio,17.225109,7.97279000,15.01401694,-0.74683172,-0.13314788
2025-09-30,2025三季报,2025-3,2025三季度,sale_net_interest_ratio,8.7075,6.9378,0.23340935,-0.32218922,0.08501454
2025-09-30,2025三季报,2025-3,2025三季度,per_undistributed_profits,2.4803,,0.23527068,,
2025-09-30,2025三季报,2025-3,2025三季度,operating_income_total,53976127538.88,18908641944.6100,0.17225109,-0.06430717,0.07972790
2025-09-30,2025三季报,2025-3,2025三季度,per_capital_reserve,1.9276,,0.0045862,,
2025-09-30,2025三季报,2025-3,2025三季度,index_full_diluted_roe,12.6006,3.4244,0.27092642,-0.41351967,-0.00560444
2025-09-30,2025三季报,2025-3,2025三季度,calculate_parent_holder_net_profit_yoy_growth_ratio,39.183853,9.27963300,0.42203908,-0.87212393,-0.65990258
2025-09-30,2025三季报,2025-3,2025三季度,assets_debt_ratio,45.194,,0.0642271,,
2025-09-30,2025三季报,2025-3,2025三季度,index_deduct_holder_net_profit,4213518075.31,1256439137.1700,0.60924424,-0.25625722,0.32649407
2025-09-30,2025三季报,2025-3,2025三季度,index_weighted_avg_roe,12.86,3.5000,0.29506546,-0.37943262,0.02639296
2025-09-30,2025三季报,2025-3,2025三季度,pe_ttm,20.17,,,,
2025-09-30,2025三季报,2025-3,2025三季度,pb,3.09,,,,
2025-06-30,2025中报,2025-2,2025二季度,index_per_operating_cash_flow_net,0.0211,0.4254,1.17805907,2.05218897,2.24933921
2025-06-30,2025中报,2025-2,2025二季度,deduct_net_profit_yoy_growth_ratio,76.9505,81.5818,3.31319959,0.14687169,11.88160803
2025-06-30,2025中报,2025-2,2025二季度,parent_holder_net_profit,2694780823.33,1656318016.4600,0.54636174,0.59497096,0.72567392
2025-06-30,2025中报,2025-2,2025二季度,calc_per_net_assets,5.8337,,0.10294563,,
2025-06-30,2025中报,2025-2,2025二季度,inventory_turnover_ratio,2.3229,,0.26375061,,
2025-06-30,2025中报,2025-2,2025二季度,conservative_quick_ratio,0.6647,,0.25344145,,
2025-06-30,2025中报,2025-2,2025二季度,equity_ratio,0.9753,,-0.06607297,,
2025-06-30,2025中报,2025-2,2025二季度,current_ratio,1.5294,,0.11912776,,
2025-06-30,2025中报,2025-2,2025二季度,basic_eps,0.56,0.3417,0.55555556,0.59523810,0.72575758
2025-06-30,2025中报,2025-2,2025二季度,business_cycle,79.9535,,-0.19223631,,
2025-06-30,2025中报,2025-2,2025二季度,receive_accounts_turnover_days,2.4642,,1.33772887,,
2025-06-30,2025中报,2025-2,2025二季度,quick_ratio,0.6647,,0.25344145,,
2025-06-30,2025中报,2025-2,2025二季度,sale_gross_margin,18.6339,17.8940,0.12712767,-0.08891412,-0.01112444
2025-06-30,2025中报,2025-2,2025二季度,inventory_turnover_days,77.4893,,-0.20870504,,
2025-06-30,2025中报,2025-2,2025二季度,calculate_operating_income_total_yoy_growth_ratio,22.903925,31.49205700,7.86344857,1.44546496,7.35212241
2025-06-30,2025中报,2025-2,2025二季度,sale_net_interest_ratio,9.6618,10.2356,0.2937254,0.15247596,0.33643212
2025-06-30,2025中报,2025-2,2025二季度,per_undistributed_profits,2.2773,,0.24982163,,
2025-06-30,2025中报,2025-2,2025二季度,operating_income_total,35067485594.27,20208172284.3200,0.22903925,0.35996677,0.31492057
2025-06-30,2025中报,2025-2,2025二季度,per_capital_reserve,1.9276,,0.0045862,,
2025-06-30,2025中报,2025-2,2025二季度,index_full_diluted_roe,9.5298,5.8389,0.4020391,0.57010326,0.59059086
2025-06-30,2025中报,2025-2,2025二季度,calculate_parent_holder_net_profit_yoy_growth_ratio,54.636174,72.56739200,0.97282475,1.22247073,3.25772326
2025-06-30,2025中报,2025-2,2025二季度,assets_debt_ratio,44.7828,,-0.0390452,,
2025-06-30,2025中报,2025-2,2025二季度,index_deduct_holder_net_profit,2957078938.14,1689346328.9200,0.76950529,0.33257307,0.81581762
2025-06-30,2025中报,2025-2,2025二季度,index_weighted_avg_roe,9.36,5.6400,0.43558282,0.51612903,0.59322034
2025-06-30,2025中报,2025-2,2025二季度,pe_ttm,19.19,,,,
2025-06-30,2025中报,2025-2,2025二季度,pb,2.46,,,,
2025-03-31,2025一季报,2025-1,2025一季度,index_per_operating_cash_flow_net,-0.4043,-0.4043,-2.82117117,-1.36094992,-2.82117117
2025-03-31,2025一季报,2025-1,2025一季度,deduct_net_profit_yoy_growth_ratio,71.1342,71.1342,0.95550412,25.20237218,0.95550412
2025-03-31,2025一季报,2025-1,2025一季度,parent_holder_net_profit,1038462806.87,1038462806.8700,0.32651675,0.39794289,0.32651675
2025-03-31,2025一季报,2025-1,2025一季度,calc_per_net_assets,5.8706,,0.06763417,,
2025-03-31,2025一季报,2025-1,2025一季度,inventory_turnover_ratio,0.9621,,0.0050141,,
2025-03-31,2025一季报,2025-1,2025一季度,conservative_quick_ratio,0.6463,,0.03823293,,
2025-03-31,2025一季报,2025-1,2025一季度,equity_ratio,0.9138,,0.03126058,,
2025-03-31,2025一季报,2025-1,2025一季度,current_ratio,1.5691,,0.12609445,,
2025-03-31,2025一季报,2025-1,2025一季度,basic_eps,0.21,0.2142,0.3125,0.39726027,0.32631579
2025-03-31,2025一季报,2025-1,2025一季度,business_cycle,94.0468,,-0.01211967,,
2025-03-31,2025一季报,2025-1,2025一季度,receive_accounts_turnover_days,0.5014,,-0.57730568,,
2025-03-31,2025一季报,2025-1,2025一季度,quick_ratio,0.647,,0.03935743,,
2025-03-31,2025一季报,2025-1,2025一季度,sale_gross_margin,19.6403,19.6403,0.33541167,0.31849490,0.33541167
2025-03-31,2025一季报,2025-1,2025一季度,inventory_turnover_days,93.5454,,-0.0049886,,
2025-03-31,2025一季报,2025-1,2025一季度,calculate_operating_income_total_yoy_growth_ratio,12.877738,12.87773800,10.37425195,-0.46800025,10.37425195
2025-03-31,2025一季报,2025-1,2025一季度,sale_net_interest_ratio,8.8814,8.8814,0.2257646,0.81850570,0.22576460
2025-03-31,2025一季报,2025-1,2025一季度,per_undistributed_profits,2.3236,,0.14683382,,
2025-03-31,2025一季报,2025-1,2025一季度,operating_income_total,14859313309.95,14859313309.9500,0.12877738,-0.23842521,0.12877738
2025-03-31,2025一季报,2025-1,2025一季度,per_capital_reserve,1.9276,,0.0045862,,
2025-03-31,2025一季报,2025-1,2025一季度,index_full_diluted_roe,3.6493,3.7188,0.24248408,0.35297970,0.24846410
2025-03-31,2025一季报,2025-1,2025一季度,calculate_parent_holder_net_profit_yoy_growth_ratio,32.651675,32.65167500,-0.2533332,2.81599508,-0.25333320
2025-03-31,2025一季报,2025-1,2025一季度,assets_debt_ratio,43.3894,,0.01513482,,
2025-03-31,2025一季报,2025-1,2025一季度,index_deduct_holder_net_profit,1267732609.22,1267732609.2200,0.71134156,0.38763876,0.71134156
2025-03-31,2025一季报,2025-1,2025一季度,index_weighted_avg_roe,3.72,3.7200,0.24832215,0.33812950,0.24832215
2025-03-31,2025一季报,2025-1,2025一季度,pe_ttm,18.81,,,,
2025-03-31,2025一季报,2025-1,2025一季度,pb,2.5,,,,
2024-12-31,2024年报,2024-4,2024四季度,index_per_operating_cash_flow_net,1.6277,1.1201,0.22826743,0.78901134,0.46112705
2024-12-31,2024年报,2024-4,2024四季度,deduct_net_profit_yoy_growth_ratio,18.2543,2.7148,-0.6470512,-0.93121812,-0.98023509
2024-12-31,2024年报,2024-4,2024四季度,parent_holder_net_profit,3385988472.81,742850667.2900,0.13705605,-0.17504947,-0.17980046
2024-12-31,2024年报,2024-4,2024四季度,calc_per_net_assets,5.6511,,0.05726848,,
2024-12-31,2024年报,2024-4,2024四季度,inventory_turnover_ratio,5.0973,,0.10426776,,
2024-12-31,2024年报,2024-4,2024四季度,conservative_quick_ratio,0.772,,0.35939426,,
2024-12-31,2024年报,2024-4,2024四季度,equity_ratio,0.8421,,-0.00578512,,
2024-12-31,2024年报,2024-4,2024四季度,current_ratio,1.5095,,0.10553684,,
2024-12-31,2024年报,2024-4,2024四季度,basic_eps,0.7,0.1533,0.14754098,-0.17491927,-0.17933619
2024-12-31,2024年报,2024-4,2024四季度,business_cycle,70.9036,,-0.09501826,,
2024-12-31,2024年报,2024-4,2024四季度,receive_accounts_turnover_days,0.278,,-0.22454672,,
2024-12-31,2024年报,2024-4,2024四季度,quick_ratio,0.7727,,0.36062687,,
2024-12-31,2024年报,2024-4,2024四季度,sale_gross_margin,15.2495,14.8960,0.14868631,0.09906812,-0.02351406
2024-12-31,2024年报,2024-4,2024四季度,inventory_turnover_days,70.6256,,-0.09442285,,
2024-12-31,2024年报,2024-4,2024四季度,calculate_operating_income_total_yoy_growth_ratio,7.006626,24.20628600,-0.02619301,1.63186040,3.94496523
2024-12-31,2024年报,2024-4,2024四季度,sale_net_interest_ratio,6.4122,4.8839,0.08600366,-0.23619843,-0.29484551
2024-12-31,2024年报,2024-4,2024四季度,per_undistributed_profits,2.1093,,0.13123458,,
2024-12-31,2024年报,2024-4,2024四季度,operating_income_total,65556150182.9,19511298723.6700,0.07006626,0.11414102,0.24206286
2024-12-31,2024年报,2024-4,2024四季度,per_capital_reserve,1.9276,,0.0045862,,
2024-12-31,2024年报,2024-4,2024四季度,index_full_diluted_roe,12.3609,2.7486,0.07545939,-0.20184685,-0.22896095
2024-12-31,2024年报,2024-4,2024四季度,calculate_parent_holder_net_profit_yoy_growth_ratio,13.705605,-17.98004600,-0.76000784,-1.65896650,-1.10382423
2024-12-31,2024年报,2024-4,2024四季度,assets_debt_ratio,41.4573,,-0.00475808,,
2024-12-31,2024年报,2024-4,2024四季度,index_deduct_holder_net_profit,3531910843.6,913589793.8500,0.18254324,-0.03547143,0.02714795
2024-12-31,2024年报,2024-4,2024四季度,index_weighted_avg_roe,12.71,2.7800,0.07166948,-0.18475073,-0.20571429
2024-12-31,2024年报,2024-4,2024四季度,pe_ttm,16.53,,,,
2024-12-31,2024年报,2024-4,2024四季度,pb,2.2,,,,
2024-09-30,2024三季报,2024-3,2024三季度,index_per_operating_cash_flow_net,0.5076,0.6261,-0.09129968,2.83876652,1.15450791
2024-09-30,2024三季报,2024-3,2024三季度,deduct_net_profit_yoy_growth_ratio,24.8446,39.4697,-0.21341755,5.23218910,-0.20558050
2024-09-30,2024三季报,2024-3,2024三季度,parent_holder_net_profit,2643137805.52,900479050.0000,0.27554695,-0.06181470,0.27285220
2024-09-30,2024三季报,2024-3,2024三季度,calc_per_net_assets,5.4998,,0.07047901,,
2024-09-30,2024三季报,2024-3,2024三季度,inventory_turnover_ratio,3.2815,,0.01487598,,
2024-09-30,2024三季报,2024-3,2024三季度,conservative_quick_ratio,0.6004,,0.36609784,,
2024-09-30,2024三季报,2024-3,2024三季度,equity_ratio,0.8853,,-0.11629068,,
2024-09-30,2024三季报,2024-3,2024三季度,current_ratio,1.5136,,0.23761243,,
2024-09-30,2024三季报,2024-3,2024三季度,basic_eps,0.55,0.1858,0.27906977,-0.06161616,0.49959645
2024-09-30,2024三季报,2024-3,2024三季度,business_cycle,83.5296,,-0.01449535,,
2024-09-30,2024三季报,2024-3,2024三季度,receive_accounts_turnover_days,1.2502,,-0.00366592,,
2024-09-30,2024三季报,2024-3,2024三季度,quick_ratio,0.6004,,0.36609784,,
2024-09-30,2024三季报,2024-3,2024三季度,sale_gross_margin,15.3992,13.5533,0.22282837,-0.25100440,0.09467656
2024-09-30,2024三季报,2024-3,2024三季度,inventory_turnover_days,82.2794,,-0.01465809,,
2024-09-30,2024三季报,2024-3,2024三季度,calculate_operating_income_total_yoy_growth_ratio,1.075627,9.19740500,-0.92197087,2.85516755,-0.17968109
2024-09-30,2024三季报,2024-3,2024三季度,sale_net_interest_ratio,7.0597,6.3942,0.2715369,-0.16512815,0.29828836
2024-09-30,2024三季报,2024-3,2024三季度,per_undistributed_profits,2.0079,,0.1686747,,
2024-09-30,2024三季报,2024-3,2024三季度,operating_income_total,46044851459.23,17512413888.8700,0.01075627,0.13951093,0.09197405
2024-09-30,2024三季报,2024-3,2024三季度,per_capital_reserve,1.9188,,0.0149159,,
2024-09-30,2024三季报,2024-3,2024三季度,index_full_diluted_roe,9.9145,3.4437,0.1915607,-0.06189218,0.45851510
2024-09-30,2024三季报,2024-3,2024三季度,calculate_parent_holder_net_profit_yoy_growth_ratio,27.554695,27.28522000,-0.15221303,0.60089694,-0.72053336
2024-09-30,2024三季报,2024-3,2024三季度,assets_debt_ratio,42.4665,,-0.07976796,,
2024-09-30,2024三季报,2024-3,2024三季度,index_deduct_holder_net_profit,2618321049.75,947187902.0800,0.2484459,0.01809822,0.39469669
2024-09-30,2024三季报,2024-3,2024三季度,index_weighted_avg_roe,9.93,3.4100,0.18779904,-0.03672316,0.34782609
2024-09-30,2024三季报,2024-3,2024三季度,pe_ttm,18.86,,,,
2024-09-30,2024三季报,2024-3,2024三季度,pb,2.39,,,,
2024-06-30,2024中报,2024-2,2024二季度,index_per_operating_cash_flow_net,-0.1185,-0.3405,-1.44216418,-2.53378378,-2.01702509
2024-06-30,2024中报,2024-2,2024二季度,deduct_net_profit_yoy_growth_ratio,17.8407,6.3332,-0.26832299,-0.82589811,-0.71626465
2024-06-30,2024中报,2024-2,2024二季度,parent_holder_net_profit,1742658755.52,959809380.4300,0.27694388,0.22604605,0.17043708
2024-06-30,2024中报,2024-2,2024二季度,calc_per_net_assets,5.2892,,-0.01274848,,
2024-06-30,2024中报,2024-2,2024二季度,inventory_turnover_ratio,1.8381,,-0.11310012,,
2024-06-30,2024中报,2024-2,2024二季度,conservative_quick_ratio,0.5303,,-0.06423152,,
2024-06-30,2024中报,2024-2,2024二季度,equity_ratio,1.0443,,0.28150693,,
2024-06-30,2024中报,2024-2,2024二季度,current_ratio,1.3666,,-0.02919656,,
2024-06-30,2024中报,2024-2,2024二季度,basic_eps,0.36,0.1980,0.28571429,0.22600619,0.09452736
2024-06-30,2024中报,2024-2,2024二季度,business_cycle,98.9813,,0.1338207,,
2024-06-30,2024中报,2024-2,2024二季度,receive_accounts_turnover_days,1.0541,,1.35658395,,
2024-06-30,2024中报,2024-2,2024二季度,quick_ratio,0.5303,,-0.06423152,,
2024-06-30,2024中报,2024-2,2024二季度,sale_gross_margin,16.5322,18.0953,0.30089784,0.23036179,0.39013897
2024-06-30,2024中报,2024-2,2024二季度,inventory_turnover_days,97.9272,,0.12752327,,
2024-06-30,2024中报,2024-2,2024二季度,calculate_operating_income_total_yoy_growth_ratio,-3.337087,-4.95772200,-1.21906347,-2.60893622,-1.14203702
2024-06-30,2024中报,2024-2,2024二季度,sale_net_interest_ratio,7.4682,7.6589,0.2673432,0.05704151,0.22835239
2024-06-30,2024中报,2024-2,2024二季度,per_undistributed_profits,1.8221,,-0.05355288,,
2024-06-30,2024中报,2024-2,2024二季度,operating_income_total,28532437570.36,15368359725.1400,-0.03337087,0.16744674,-0.04957722
2024-06-30,2024中报,2024-2,2024二季度,per_capital_reserve,1.9188,,0.0133615,,
2024-06-30,2024中报,2024-2,2024二季度,index_full_diluted_roe,6.7971,3.6709,0.19952352,0.23238325,0.09772435
2024-06-30,2024中报,2024-2,2024二季度,calculate_parent_holder_net_profit_yoy_growth_ratio,27.694388,17.04370800,1.10309023,-0.61025059,0.12155535
2024-06-30,2024中报,2024-2,2024二季度,assets_debt_ratio,46.6024,,0.09101295,,
2024-06-30,2024中报,2024-2,2024二季度,index_deduct_holder_net_profit,1671133147.67,930350223.1000,0.17840707,0.25590128,0.06333163
2024-06-30,2024中报,2024-2,2024二季度,index_weighted_avg_roe,6.52,3.5400,0.11835334,0.18791946,-0.00561798
2024-06-30,2024中报,2024-2,2024二季度,pe_ttm,22.97,,,,
2024-06-30,2024中报,2024-2,2024二季度,pb,2.73,,,,
2024-03-31,2024一季报,2024-1,2024一季度,index_per_operating_cash_flow_net,0.222,0.2220,4.32335329,-0.71040960,4.32335329
2024-03-31,2024一季报,2024-1,2024一季度,deduct_net_profit_yoy_growth_ratio,36.3764,36.3764,0.30588244,-0.73516412,0.30588244
2024-03-31,2024一季报,2024-1,2024一季度,parent_holder_net_profit,782849375.09,782849375.0900,0.43729914,-0.13563691,0.43729914
2024-03-31,2024一季报,2024-1,2024一季度,calc_per_net_assets,5.4987,,0.0069957,,
2024-03-31,2024一季报,2024-1,2024一季度,inventory_turnover_ratio,0.9573,,0.02924417,,
2024-03-31,2024一季报,2024-1,2024一季度,conservative_quick_ratio,0.6225,,0.11719311,,
2024-03-31,2024一季报,2024-1,2024一季度,equity_ratio,0.8861,,0.14320733,,
2024-03-31,2024一季报,2024-1,2024一季度,current_ratio,1.3934,,-0.07697403,,
2024-03-31,2024一季报,2024-1,2024一季度,basic_eps,0.16,0.1615,0.45454545,-0.13543897,0.31621842
2024-03-31,2024一季报,2024-1,2024一季度,business_cycle,95.2006,,-0.02600509,,
2024-03-31,2024一季报,2024-1,2024一季度,receive_accounts_turnover_days,1.1862,,0.21213979,,
2024-03-31,2024一季报,2024-1,2024一季度,quick_ratio,0.6225,,0.11719311,,
2024-03-31,2024一季报,2024-1,2024一季度,sale_gross_margin,14.7073,14.7073,0.19237099,-0.03588402,0.19237099
2024-03-31,2024一季报,2024-1,2024一季度,inventory_turnover_days,94.0144,,-0.02841352,,
2024-03-31,2024一季报,2024-1,2024一季度,calculate_operating_income_total_yoy_growth_ratio,-1.373735,-1.37373500,0.33523944,0.83286978,0.33523944
2024-03-31,2024一季报,2024-1,2024一季度,sale_net_interest_ratio,7.2456,7.2456,0.32264836,0.04614496,0.32264836
2024-03-31,2024一季报,2024-1,2024一季度,per_undistributed_profits,2.0261,,-0.00637536,,
2024-03-31,2024一季报,2024-1,2024一季度,operating_income_total,13164077845.22,13164077845.2200,-0.01373735,-0.16199263,-0.01373735
2024-03-31,2024一季报,2024-1,2024一季度,per_capital_reserve,1.9188,,0.01362916,,
2024-03-31,2024一季报,2024-1,2024一季度,index_full_diluted_roe,2.9371,2.9787,0.30700427,-0.16441315,0.31064373
2024-03-31,2024一季报,2024-1,2024一季度,calculate_parent_holder_net_profit_yoy_growth_ratio,43.729914,43.72991400,3.26791241,-0.74748536,3.26791241
2024-03-31,2024一季报,2024-1,2024一季度,assets_debt_ratio,42.7425,,0.02657309,,
2024-03-31,2024一季报,2024-1,2024一季度,index_deduct_holder_net_profit,740782924.57,740782924.5700,0.3637639,-0.16713862,0.36376390
2024-03-31,2024一季报,2024-1,2024一季度,index_weighted_avg_roe,2.98,2.9800,0.31277533,-0.14857143,0.31277533
2024-03-31,2024一季报,2024-1,2024一季度,pe_ttm,24.15,,,,
2024-03-31,2024一季报,2024-1,2024一季度,pb,2.4,,,,
2023-12-31,2023年报,2023-4,2023四季度,index_per_operating_cash_flow_net,1.3252,0.7666,0.13148907,1.63799036,-0.22885022
2023-12-31,2023年报,2023-4,2023四季度,deduct_net_profit_yoy_growth_ratio,51.7194,137.3545,2.13008903,1.76457873,1.24414556
2023-12-31,2023年报,2023-4,2023四季度,parent_holder_net_profit,2977855387.68,905695049.8000,0.57108554,0.28022516,1.73177740
2023-12-31,2023年报,2023-4,2023四季度,calc_per_net_assets,5.345,,0.00131135,,
2023-12-31,2023年报,2023-4,2023四季度,inventory_turnover_ratio,4.616,,0.08255159,,
2023-12-31,2023年报,2023-4,2023四季度,conservative_quick_ratio,0.5679,,-0.06456926,,
2023-12-31,2023年报,2023-4,2023四季度,equity_ratio,0.847,,0.06193581,,
2023-12-31,2023年报,2023-4,2023四季度,current_ratio,1.3654,,0.02692539,,
2023-12-31,2023年报,2023-4,2023四季度,basic_eps,0.61,0.1868,0.56410256,0.50766747,1.25876663
2023-12-31,2023年报,2023-4,2023四季度,business_cycle,78.3481,,-0.07763369,,
2023-12-31,2023年报,2023-4,2023四季度,receive_accounts_turnover_days,0.3585,,-0.30347775,,
2023-12-31,2023年报,2023-4,2023四季度,quick_ratio,0.5679,,-0.06456926,,
2023-12-31,2023年报,2023-4,2023四季度,sale_gross_margin,13.2756,15.2547,0.13372674,0.23209569,0.55441317
2023-12-31,2023年报,2023-4,2023四季度,inventory_turnover_days,77.9896,,-0.07625687,,
2023-12-31,2023年报,2023-4,2023四季度,calculate_operating_income_total_yoy_growth_ratio,7.195087,-8.21954900,2.84794053,-1.73310369,-1.60556926
2023-12-31,2023年报,2023-4,2023四季度,sale_net_interest_ratio,5.9044,6.9260,0.34908376,0.40626586,1.81373146
2023-12-31,2023年报,2023-4,2023四季度,per_undistributed_profits,1.8646,,-0.02702985,,
2023-12-31,2023年报,2023-4,2023四季度,operating_income_total,61263636266.97,15708785259.0800,0.07195087,-0.02048993,-0.08219549
2023-12-31,2023年报,2023-4,2023四季度,per_capital_reserve,1.9188,,0.01373626,,
2023-12-31,2023年报,2023-4,2023四季度,index_full_diluted_roe,11.4936,3.5648,0.40470778,0.50980475,1.28103404
2023-12-31,2023年报,2023-4,2023四季度,calculate_parent_holder_net_profit_yoy_growth_ratio,57.108554,173.17774000,3.90753045,0.77375885,25.18923245
2023-12-31,2023年报,2023-4,2023四季度,assets_debt_ratio,41.6555,,-0.01826285,,
2023-12-31,2023年报,2023-4,2023四季度,index_deduct_holder_net_profit,2986707566.23,889443236.0000,0.51719355,0.30966995,1.37354506
2023-12-31,2023年报,2023-4,2023四季度,index_weighted_avg_roe,11.86,3.5000,0.42035928,0.38339921,1.22929936
2023-12-31,2023年报,2023-4,2023四季度,pe_ttm,19.11,,,,
2023-12-31,2023年报,2023-4,2023四季度,pb,1.9,,,,
2023-09-30,2023三季报,2023-3,2023三季度,index_per_operating_cash_flow_net,0.5586,0.2906,2.1541502,-0.13201912,-0.02088949
2023-09-30,2023三季报,2023-3,2023三季度,deduct_net_profit_yoy_growth_ratio,31.5855,49.6837,2.36216256,1.22589244,4.98646404
2023-09-30,2023三季报,2023-3,2023三季度,parent_holder_net_profit,2072160337.88,707449813.0100,0.32501909,-0.13730214,0.97633193
2023-09-30,2023三季报,2023-3,2023三季度,calc_per_net_assets,5.1377,,-0.01969127,,
2023-09-30,2023三季报,2023-3,2023三季度,inventory_turnover_ratio,3.2334,,0.15272727,,
2023-09-30,2023三季报,2023-3,2023三季度,conservative_quick_ratio,0.4395,,0.02352119,,
2023-09-30,2023三季报,2023-3,2023三季度,equity_ratio,1.0018,,0.18108937,,
2023-09-30,2023三季报,2023-3,2023三季度,current_ratio,1.223,,-0.07705079,,
2023-09-30,2023三季报,2023-3,2023三季度,basic_eps,0.43,0.1239,0.34375,-0.31509121,0.17663818
2023-09-30,2023三季报,2023-3,2023三季度,business_cycle,84.7582,,-0.12775528,,
2023-09-30,2023三季报,2023-3,2023三季度,receive_accounts_turnover_days,1.2548,,0.37016816,,
2023-09-30,2023三季报,2023-3,2023三季度,quick_ratio,0.4395,,0.02352119,,
2023-09-30,2023三季报,2023-3,2023三季度,sale_gross_margin,12.5931,12.3811,0.00582259,-0.04884419,0.07854001
2023-09-30,2023三季报,2023-3,2023三季度,inventory_turnover_days,83.5034,,-0.1324926,,
2023-09-30,2023三季报,2023-3,2023三季度,calculate_operating_income_total_yoy_growth_ratio,13.784941,11.21198700,6.67633081,-0.67878045,6.53839462
2023-09-30,2023三季报,2023-3,2023三季度,sale_net_interest_ratio,5.5521,4.9251,0.06867746,-0.21010088,0.19217177
2023-09-30,2023三季报,2023-3,2023三季度,per_undistributed_profits,1.7181,,-0.08088589,,
2023-09-30,2023三季报,2023-3,2023三季度,operating_income_total,45554851007.89,16037390215.4900,0.13784941,-0.00820248,0.11211987
2023-09-30,2023三季报,2023-3,2023三季度,per_capital_reserve,1.8906,,-0.00353133,,
2023-09-30,2023三季报,2023-3,2023三季度,index_full_diluted_roe,8.3206,2.3611,0.2314956,-0.29395054,0.17106438
2023-09-30,2023三季报,2023-3,2023三季度,calculate_parent_holder_net_profit_yoy_growth_ratio,32.501909,97.63319300,1.54646449,5.42471872,4.72939628
2023-09-30,2023三季报,2023-3,2023三季度,assets_debt_ratio,46.1476,,0.05718246,,
2023-09-30,2023三季报,2023-3,2023三季度,index_deduct_holder_net_profit,2097264330.23,679135407.0800,0.3158547,-0.22379106,0.49683662
2023-09-30,2023三季报,2023-3,2023三季度,index_weighted_avg_roe,8.36,2.5300,0.23303835,-0.28932584,0.22222222
2023-09-30,2023三季报,2023-3,2023三季度,pe_ttm,23.05,,,,
2023-09-30,2023三季报,2023-3,2023三季度,pb,2.11,,,,
2023-06-30,2023中报,2023-2,2023二季度,index_per_operating_cash_flow_net,0.268,0.3348,3.23893066,6.01197605,1.63414634
2023-06-30,2023中报,2023-2,2023二季度,deduct_net_profit_yoy_growth_ratio,24.3833,22.3208,0.13602501,-0.19870189,-0.69734755
2023-06-30,2023中报,2023-2,2023二季度,parent_holder_net_profit,1364710524.87,820043550.2900,0.13168426,0.50558706,0.15196493
2023-06-30,2023中报,2023-2,2023二季度,calc_per_net_assets,5.3575,,0.0289034,,
2023-06-30,2023中报,2023-2,2023二季度,inventory_turnover_ratio,2.0725,,0.25332608,,
2023-06-30,2023中报,2023-2,2023二季度,conservative_quick_ratio,0.5667,,0.05727612,,
2023-06-30,2023中报,2023-2,2023二季度,equity_ratio,0.8149,,-0.15606877,,
2023-06-30,2023中报,2023-2,2023二季度,current_ratio,1.4077,,-0.01820338,,
2023-06-30,2023中报,2023-2,2023二季度,basic_eps,0.28,0.1809,0.12,0.47432763,0.23144997
2023-06-30,2023中报,2023-2,2023二季度,business_cycle,87.2989,,-0.20828527,,
2023-06-30,2023中报,2023-2,2023二季度,receive_accounts_turnover_days,0.4473,,-0.68326016,,
2023-06-30,2023中报,2023-2,2023二季度,quick_ratio,0.5667,,0.05727612,,
2023-06-30,2023中报,2023-2,2023二季度,sale_gross_margin,12.7083,13.0169,-0.03035228,0.05532450,-0.19297560
2023-06-30,2023中报,2023-2,2023二季度,inventory_turnover_days,86.8516,,-0.20212322,,
2023-06-30,2023中报,2023-2,2023二季度,calculate_operating_income_total_yoy_growth_ratio,15.233425,34.90443500,6.73867836,17.89051498,2.69373196
2023-06-30,2023中报,2023-2,2023二季度,sale_net_interest_ratio,5.8928,6.2351,0.01699946,0.13818660,-0.14527958
2023-06-30,2023中报,2023-2,2023二季度,per_undistributed_profits,1.9252,,0.09144509,,
2023-06-30,2023中报,2023-2,2023二季度,operating_income_total,29517460792.4,16170024585.3100,0.15233425,0.21147045,0.34904435
2023-06-30,2023中报,2023-2,2023二季度,per_capital_reserve,1.8935,,-0.00147656,,
2023-06-30,2023中报,2023-2,2023二季度,index_full_diluted_roe,5.6665,3.3441,0.18603094,0.47142166,0.18530465
2023-06-30,2023中报,2023-2,2023二季度,calculate_parent_holder_net_profit_yoy_growth_ratio,13.168426,15.19649300,-0.60924495,0.48313351,-0.78147407
2023-06-30,2023中报,2023-2,2023二季度,assets_debt_ratio,42.7148,,-0.08944247,,
2023-06-30,2023中报,2023-2,2023二季度,index_deduct_holder_net_profit,1418128923.15,874938913.4500,0.24383297,0.61074191,0.22320763
2023-06-30,2023中报,2023-2,2023二季度,index_weighted_avg_roe,5.83,3.5600,0.23779193,0.56828194,0.29927007
2023-06-30,2023中报,2023-2,2023二季度,pe_ttm,21.96,,,,
2023-06-30,2023中报,2023-2,2023二季度,pb,1.84,,,,
2023-03-31,2023一季报,2023-1,2023一季度,index_per_operating_cash_flow_net,-0.0668,-0.0668,0.72933549,-1.06719646,0.72933549
2023-03-31,2023一季报,2023-1,2023一季度,deduct_net_profit_yoy_growth_ratio,27.8558,27.8558,2.43720688,-0.54488226,2.43720688
2023-03-31,2023一季报,2023-1,2023一季度,parent_holder_net_profit,544666974.58,544666974.5800,0.10246207,0.64283655,0.10246207
2023-03-31,2023一季报,2023-1,2023一季度,calc_per_net_assets,5.4605,,0.04938983,,
2023-03-31,2023一季报,2023-1,2023一季度,inventory_turnover_ratio,0.9301,,0.03493936,,
2023-03-31,2023一季报,2023-1,2023一季度,conservative_quick_ratio,0.5572,,0.40211374,,
2023-03-31,2023一季报,2023-1,2023一季度,equity_ratio,0.7751,,-0.10682185,,
2023-03-31,2023一季报,2023-1,2023一季度,current_ratio,1.5096,,0.10367013,,
2023-03-31,2023一季报,2023-1,2023一季度,basic_eps,0.11,0.1227,0.1,0.48367594,0.20412169
2023-03-31,2023一季报,2023-1,2023一季度,business_cycle,97.7424,,-0.03428243,,
2023-03-31,2023一季报,2023-1,2023一季度,receive_accounts_turnover_days,0.9786,,-0.08327869,,
2023-03-31,2023一季报,2023-1,2023一季度,quick_ratio,0.5572,,0.40211374,,
2023-03-31,2023一季报,2023-1,2023一季度,sale_gross_margin,12.3345,12.3345,0.18065127,0.25685260,0.18065127
2023-03-31,2023一季报,2023-1,2023一季度,inventory_turnover_days,96.7638,,-0.03376015,,
2023-03-31,2023一季报,2023-1,2023一季度,calculate_operating_income_total_yoy_growth_ratio,-2.066511,-2.06651100,-1.09606473,-1.15224869,-1.09606473
2023-03-31,2023一季报,2023-1,2023一季度,sale_net_interest_ratio,5.4781,5.4781,0.2242385,1.22551290,0.22423850
2023-03-31,2023一季报,2023-1,2023一季度,per_undistributed_profits,2.0391,,0.10736396,,
2023-03-31,2023一季报,2023-1,2023一季度,operating_income_total,13347436207.09,13347436207.0900,-0.02066511,-0.22016012,-0.02066511
2023-03-31,2023一季报,2023-1,2023一季度,per_capital_reserve,1.893,,-0.00121353,,
2023-03-31,2023一季报,2023-1,2023一季度,index_full_diluted_roe,2.2472,2.2727,0.14729157,0.45424878,0.15160882
2023-03-31,2023一季报,2023-1,2023一季度,calculate_parent_holder_net_profit_yoy_growth_ratio,10.246207,10.24620700,3.12624749,0.54950802,3.12624749
2023-03-31,2023一季报,2023-1,2023一季度,assets_debt_ratio,41.6361,,-0.06164133,,
2023-03-31,2023一季报,2023-1,2023一季度,index_deduct_holder_net_profit,543190009.7,543190009.7000,0.27855838,0.44954271,0.27855838
2023-03-31,2023一季报,2023-1,2023一季度,index_weighted_avg_roe,2.27,2.2700,0.15228426,0.44585987,0.15228426
2023-03-31,2023一季报,2023-1,2023一季度,pe_ttm,24.2,,,,
2023-03-31,2023一季报,2023-1,2023一季度,pb,1.93,,,,
2022-12-31,2022年报,2022-4,2022四季度,index_per_operating_cash_flow_net,1.1712,0.9941,0.29342904,2.34939353,0.71751900
2022-12-31,2022年报,2022-4,2022四季度,deduct_net_profit_yoy_growth_ratio,16.5233,61.2057,-0.26379879,5.91095313,2.63389046
2022-12-31,2022年报,2022-4,2022四季度,parent_holder_net_profit,1895412635.13,331540575.5200,0.11636923,-0.07380819,0.06612555
2022-12-31,2022年报,2022-4,2022四季度,calc_per_net_assets,5.338,,0.04150001,,
2022-12-31,2022年报,2022-4,2022四季度,inventory_turnover_ratio,4.264,,0.03025031,,
2022-12-31,2022年报,2022-4,2022四季度,conservative_quick_ratio,0.6071,,0.13222678,,
2022-12-31,2022年报,2022-4,2022四季度,equity_ratio,0.7976,,-0.04318618,,
2022-12-31,2022年报,2022-4,2022四季度,current_ratio,1.3296,,-0.0258627,,
2022-12-31,2022年报,2022-4,2022四季度,basic_eps,0.39,0.0827,0.11428571,-0.21462488,0.28816199
2022-12-31,2022年报,2022-4,2022四季度,business_cycle,84.9425,,-0.04226904,,
2022-12-31,2022年报,2022-4,2022四季度,receive_accounts_turnover_days,0.5147,,-0.69895303,,
2022-12-31,2022年报,2022-4,2022四季度,quick_ratio,0.6071,,0.13201566,,
2022-12-31,2022年报,2022-4,2022四季度,sale_gross_margin,11.7097,9.8138,0.01925404,-0.14510214,-0.14730083
2022-12-31,2022年报,2022-4,2022四季度,inventory_turnover_days,84.4278,,-0.02936135,,
2022-12-31,2022年报,2022-4,2022四季度,calculate_operating_income_total_yoy_growth_ratio,1.869854,13.57326000,-0.88930278,7.70479463,4.67735381
2022-12-31,2022年报,2022-4,2022四季度,sale_net_interest_ratio,4.3766,2.4615,0.25346546,-0.40416828,0.22255886
2022-12-31,2022年报,2022-4,2022四季度,per_undistributed_profits,1.9164,,0.10169589,,
2022-12-31,2022年报,2022-4,2022四季度,operating_income_total,57151533876.45,17115611281.3300,0.01869854,0.18688959,0.13573260
2022-12-31,2022年报,2022-4,2022四季度,per_capital_reserve,1.8928,,-0.00068634,,
2022-12-31,2022年报,2022-4,2022四季度,index_full_diluted_roe,8.1822,1.5628,0.19727831,-0.22487848,0.24466391
2022-12-31,2022年报,2022-4,2022四季度,calculate_parent_holder_net_profit_yoy_growth_ratio,11.636923,6.61255500,0.26336977,1.25258662,1.16561367
2022-12-31,2022年报,2022-4,2022四季度,assets_debt_ratio,42.4304,,-0.02410168,,
2022-12-31,2022年报,2022-4,2022四季度,index_deduct_holder_net_profit,1968573862.48,374731978.9800,0.16523342,-0.17407848,0.61205667
2022-12-31,2022年报,2022-4,2022四季度,index_weighted_avg_roe,8.35,1.5700,0.18945869,-0.24154589,0.22656250
2022-12-31,2022年报,2022-4,2022四季度,pe_ttm,18.27,,,,
2022-12-31,2022年报,2022-4,2022四季度,pb,1.46,,,,
2022-09-30,2022三季报,2022-3,2022三季度,index_per_operating_cash_flow_net,0.1771,0.2968,-0.45791246,1.33516916,-0.23721408
2022-09-30,2022三季报,2022-3,2022三季度,deduct_net_profit_yoy_growth_ratio,9.3944,-12.4631,-0.78904111,-1.16898981,-5.65249365
2022-09-30,2022三季报,2022-3,2022三季度,parent_holder_net_profit,1563872059.61,357961030.6600,0.12763543,-0.49715042,-0.26179356
2022-09-30,2022三季报,2022-3,2022三季度,calc_per_net_assets,5.2409,,0.02897925,,
2022-09-30,2022三季报,2022-3,2022三季度,inventory_turnover_ratio,2.805,,-0.01419836,,
2022-09-30,2022三季报,2022-3,2022三季度,conservative_quick_ratio,0.4294,,-0.15935787,,
2022-09-30,2022三季报,2022-3,2022三季度,equity_ratio,0.8482,,-0.13669211,,
2022-09-30,2022三季报,2022-3,2022三季度,current_ratio,1.3251,,-0.01413585,,
2022-09-30,2022三季报,2022-3,2022三季度,basic_eps,0.32,0.1053,0.10344828,-0.28318584,0.05300000
2022-09-30,2022三季报,2022-3,2022三季度,business_cycle,97.1725,,-0.00100134,,
2022-09-30,2022三季报,2022-3,2022三季度,receive_accounts_turnover_days,0.9158,,-0.61519392,,
2022-09-30,2022三季报,2022-3,2022三季度,quick_ratio,0.4294,,-0.15935787,,
2022-09-30,2022三季报,2022-3,2022三季度,sale_gross_margin,12.5202,11.4795,0.09052426,-0.28829164,0.01614574
2022-09-30,2022三季报,2022-3,2022三季度,inventory_turnover_days,96.2567,,0.01440299,,
2022-09-30,2022三季报,2022-3,2022三季度,calculate_operating_income_total_yoy_growth_ratio,-2.428495,-2.02441100,-1.090453,0.90176579,-1.20127517
2022-09-30,2022三季报,2022-3,2022三季度,sale_net_interest_ratio,5.1953,4.1312,0.28771843,-0.43368655,0.12245619
2022-09-30,2022三季报,2022-3,2022三季度,per_undistributed_profits,1.8693,,0.09623505,,
2022-09-30,2022三季报,2022-3,2022三季度,operating_income_total,40035922595.12,14420558962.2500,-0.02428495,0.20308868,-0.02024411
2022-09-30,2022三季报,2022-3,2022三季度,per_capital_reserve,1.8973,,0.00036908,,
2022-09-30,2022三季报,2022-3,2022三季度,index_full_diluted_roe,6.7565,2.0162,0.20278065,-0.28536490,0.01951861
2022-09-30,2022三季报,2022-3,2022三季度,calculate_parent_holder_net_profit_yoy_growth_ratio,12.763543,-26.17935600,-0.62172861,-1.37645976,-2.73947048
2022-09-30,2022三季报,2022-3,2022三季度,assets_debt_ratio,43.6515,,-0.07812734,,
2022-09-30,2022三季报,2022-3,2022三季度,index_deduct_holder_net_profit,1593841883.5,453713782.8300,0.09394385,-0.36568582,-0.12463096
2022-09-30,2022三季报,2022-3,2022三季度,index_weighted_avg_roe,6.78,2.0700,0.18118467,-0.24452555,0.02475248
2022-09-30,2022三季报,2022-3,2022三季度,pe_ttm,18.55,,,,
2022-09-30,2022三季报,2022-3,2022三季度,pb,1.47,,,,
2022-06-30,2022中报,2022-2,2022二季度,index_per_operating_cash_flow_net,-0.1197,0.1271,-0.91826923,1.51499190,-0.51874290
2022-06-30,2022中报,2022-2,2022二季度,deduct_net_profit_yoy_growth_ratio,21.4637,73.7506,-0.75189686,4.80512746,7.60930583
2022-06-30,2022中报,2022-2,2022二季度,parent_holder_net_profit,1205911028.95,711865031.0300,0.33699951,0.44088816,0.69540915
2022-06-30,2022中报,2022-2,2022二季度,calc_per_net_assets,5.207,,0.03654895,,
2022-06-30,2022中报,2022-2,2022二季度,inventory_turnover_ratio,1.6536,,-0.08306532,,
2022-06-30,2022中报,2022-2,2022二季度,conservative_quick_ratio,0.536,,0.328706,,
2022-06-30,2022中报,2022-2,2022二季度,equity_ratio,0.9656,,-0.00750334,,
2022-06-30,2022中报,2022-2,2022二季度,current_ratio,1.4338,,0.08048229,,
2022-06-30,2022中报,2022-2,2022二季度,basic_eps,0.25,0.1469,0.31578947,0.44160942,0.69630485
2022-06-30,2022中报,2022-2,2022二季度,business_cycle,110.2656,,0.08373826,,
2022-06-30,2022中报,2022-2,2022二季度,receive_accounts_turnover_days,1.4122,,-0.26984127,,
2022-06-30,2022中报,2022-2,2022二季度,quick_ratio,0.536,,0.328706,,
2022-06-30,2022中报,2022-2,2022二季度,sale_gross_margin,13.1061,16.1295,0.13141629,0.54390650,0.63255701
2022-06-30,2022中报,2022-2,2022二季度,inventory_turnover_days,108.8534,,0.09058976,,
2022-06-30,2022中报,2022-2,2022二季度,calculate_operating_income_total_yoy_growth_ratio,-2.654518,-20.60800400,-1.06862369,-1.95799263,-1.69809165
2022-06-30,2022中报,2022-2,2022二季度,sale_net_interest_ratio,5.7943,7.2949,0.36900177,0.63025454,1.14536953
2022-06-30,2022中报,2022-2,2022二季度,per_undistributed_profits,1.7639,,0.09886618,,
2022-06-30,2022中报,2022-2,2022二季度,operating_income_total,25615363632.87,11986280943.2700,-0.02654518,-0.12053649,-0.20608004
2022-06-30,2022中报,2022-2,2022二季度,per_capital_reserve,1.8963,,0.00042205,,
2022-06-30,2022中报,2022-2,2022二季度,index_full_diluted_roe,4.7777,2.8213,0.28984099,0.42959210,0.65191170
2022-06-30,2022中报,2022-2,2022二季度,calculate_parent_holder_net_profit_yoy_growth_ratio,33.699951,69.54091500,-0.55034761,27.00480473,2.87319195
2022-06-30,2022中报,2022-2,2022二季度,assets_debt_ratio,46.9106,,-0.00273813,,
2022-06-30,2022中报,2022-2,2022二季度,index_deduct_holder_net_profit,1140128100.67,715282417.0700,0.21463734,0.68362877,0.73750626
2022-06-30,2022中报,2022-2,2022二季度,index_weighted_avg_roe,4.71,2.7400,0.26612903,0.39086294,0.59302326
2022-06-30,2022中报,2022-2,2022二季度,pe_ttm,21.06,,,,
2022-06-30,2022中报,2022-2,2022二季度,pb,1.43,,,,
2022-03-31,2022一季报,2022-1,2022一季度,index_per_operating_cash_flow_net,-0.2468,-0.2468,0.24410413,-1.42639945,0.24410413
2022-03-31,2022一季报,2022-1,2022一季度,deduct_net_profit_yoy_growth_ratio,-19.3819,-19.3819,-1.01587384,0.48259882,-1.01587384
2022-03-31,2022一季报,2022-1,2022一季度,parent_holder_net_profit,494045997.92,494045997.9200,0.02483178,0.58868959,0.02483178
2022-03-31,2022一季报,2022-1,2022一季度,calc_per_net_assets,5.2035,,0.01632844,,
2022-03-31,2022一季报,2022-1,2022一季度,inventory_turnover_ratio,0.8987,,0.27439024,,
2022-03-31,2022一季报,2022-1,2022一季度,conservative_quick_ratio,0.3974,,0.08136054,,
2022-03-31,2022一季报,2022-1,2022一季度,equity_ratio,0.8678,,-0.10866886,,
2022-03-31,2022一季报,2022-1,2022一季度,current_ratio,1.3678,,0.02664565,,
2022-03-31,2022一季报,2022-1,2022一季度,basic_eps,0.1,0.1019,0.0,0.58722741,0.02412060
2022-03-31,2022一季报,2022-1,2022一季度,business_cycle,101.2122,,-0.22382211,,
2022-03-31,2022一季报,2022-1,2022一季度,receive_accounts_turnover_days,1.0675,,-0.61528759,,
2022-03-31,2022一季报,2022-1,2022一季度,quick_ratio,0.3974,,0.08136054,,
2022-03-31,2022一季报,2022-1,2022一季度,sale_gross_margin,10.4472,10.4472,-0.24716802,-0.09226612,-0.24716802
2022-03-31,2022一季报,2022-1,2022一季度,inventory_turnover_days,100.1447,,-0.21531083,,
2022-03-31,2022一季报,2022-1,2022一季度,calculate_operating_income_total_yoy_growth_ratio,21.511652,21.51165200,-0.59622427,6.82807339,-0.59622427
2022-03-31,2022一季报,2022-1,2022一季度,sale_net_interest_ratio,4.4747,4.4747,-0.16404499,1.22245952,-0.16404499
2022-03-31,2022一季报,2022-1,2022一季度,per_undistributed_profits,1.8414,,0.09672424,,
2022-03-31,2022一季报,2022-1,2022一季度,operating_income_total,13629082689.6,13629082689.6000,0.21511652,-0.09562135,0.21511652
2022-03-31,2022一季报,2022-1,2022一季度,per_capital_reserve,1.8953,,0.00047508,,
2022-03-31,2022一季报,2022-1,2022一季度,index_full_diluted_roe,1.9587,1.9735,0.00833977,0.57175852,-0.01280576
2022-03-31,2022一季报,2022-1,2022一季度,calculate_parent_holder_net_profit_yoy_growth_ratio,2.483178,2.48317800,-0.98771106,1.06219203,-0.98771106
2022-03-31,2022一季报,2022-1,2022一季度,assets_debt_ratio,44.3712,,-0.05967322,,
2022-03-31,2022一季报,2022-1,2022一季度,index_deduct_holder_net_profit,424845683.6,424845683.6000,-0.19381881,0.82764043,-0.19381881
2022-03-31,2022一季报,2022-1,2022一季度,index_weighted_avg_roe,1.97,1.9700,-0.015,0.53906250,-0.01500000
2022-03-31,2022一季报,2022-1,2022一季度,pe_ttm,20.39,,,,
2022-03-31,2022一季报,2022-1,2022一季度,pb,1.57,,,,
2021-12-31,2021年报,2021-4,2021四季度,index_per_operating_cash_flow_net,0.9055,0.5788,-0.03813469,0.48753534,-0.04219758
2021-12-31,2021年报,2021-4,2021四季度,deduct_net_profit_yoy_growth_ratio,22.444,-37.4601,-0.9581331,-14.98391071,-1.04457837
2021-12-31,2021年报,2021-4,2021四季度,parent_holder_net_profit,1697836680.83,310977046.8400,0.09211019,-0.35868645,-0.39927591
2021-12-31,2021年报,2021-4,2021四季度,calc_per_net_assets,5.1253,,0.06116069,,
2021-12-31,2021年报,2021-4,2021四季度,inventory_turnover_ratio,4.1388,,0.15248385,,
2021-12-31,2021年报,2021-4,2021四季度,conservative_quick_ratio,0.5362,,0.25779967,,
2021-12-31,2021年报,2021-4,2021四季度,equity_ratio,0.8336,,-0.03763565,,
2021-12-31,2021年报,2021-4,2021四季度,current_ratio,1.3649,,0.07591045,,
2021-12-31,2021年报,2021-4,2021四季度,basic_eps,0.35,0.0642,0.02941176,-0.35800000,-0.39887640
2021-12-31,2021年报,2021-4,2021四季度,business_cycle,88.6914,,-0.13360991,,
2021-12-31,2021年报,2021-4,2021四季度,receive_accounts_turnover_days,1.7097,,-0.1950186,,
2021-12-31,2021年报,2021-4,2021四季度,quick_ratio,0.5363,,0.25773921,,
2021-12-31,2021年报,2021-4,2021四季度,sale_gross_margin,11.4885,11.5091,-0.11008087,0.01876588,-0.09009622
2021-12-31,2021年报,2021-4,2021四季度,inventory_turnover_days,86.9817,,-0.13230884,,
2021-12-31,2021年报,2021-4,2021四季度,calculate_operating_income_total_yoy_growth_ratio,16.891608,-3.69104000,0.31757428,-1.36697821,-1.17902195
2021-12-31,2021年报,2021-4,2021四季度,sale_net_interest_ratio,3.4916,2.0134,-0.13389889,-0.45295476,-0.45431878
2021-12-31,2021年报,2021-4,2021四季度,per_undistributed_profits,1.7395,,0.10129788,,
2021-12-31,2021年报,2021-4,2021四季度,operating_income_total,56102498949.46,15070106573.8400,0.16891608,0.02388719,-0.03691040
2021-12-31,2021年报,2021-4,2021四季度,per_capital_reserve,1.8941,,0.00042254,,
2021-12-31,2021年报,2021-4,2021四季度,index_full_diluted_roe,6.834,1.2556,0.02917037,-0.36508900,-0.43489806
2021-12-31,2021年报,2021-4,2021四季度,calculate_parent_holder_net_profit_yoy_growth_ratio,9.211019,-39.92759100,-0.90418838,-4.70327429,-1.13140412
2021-12-31,2021年报,2021-4,2021四季度,assets_debt_ratio,43.4783,,-0.01798992,,
2021-12-31,2021年报,2021-4,2021四季度,index_deduct_holder_net_profit,1689424478.48,232455835.3000,0.22444036,-0.55151320,-0.37460085
2021-12-31,2021年报,2021-4,2021四季度,index_weighted_avg_roe,7.02,1.2800,-0.08115183,-0.36633663,-0.44827586
2021-12-31,2021年报,2021-4,2021四季度,pe_ttm,21.02,,,,
2021-12-31,2021年报,2021-4,2021四季度,pb,1.62,,,,
2021-09-30,2021三季报,2021-3,2021三季度,index_per_operating_cash_flow_net,0.3267,0.3891,-0.03085138,0.47330557,6.89249493
2021-09-30,2021三季报,2021-3,2021三季度,deduct_net_profit_yoy_growth_ratio,44.5319,2.6788,-0.90490408,1.24006596,-0.99198302
2021-09-30,2021三季报,2021-3,2021三季度,parent_holder_net_profit,1386859633.99,484906404.2100,0.33741761,0.15487447,-0.07000819
2021-09-30,2021三季报,2021-3,2021三季度,calc_per_net_assets,5.0933,,0.06480881,,
2021-09-30,2021三季报,2021-3,2021三季度,inventory_turnover_ratio,2.8454,,0.29986295,,
2021-09-30,2021三季报,2021-3,2021三季度,conservative_quick_ratio,0.5108,,0.52477612,,
2021-09-30,2021三季报,2021-3,2021三季度,equity_ratio,0.9825,,-0.02886231,,
2021-09-30,2021三季报,2021-3,2021三季度,current_ratio,1.3441,,0.13035069,,
2021-09-30,2021三季报,2021-3,2021三季度,basic_eps,0.29,0.1000,0.26086957,0.15473441,-0.07063197
2021-09-30,2021三季报,2021-3,2021三季度,business_cycle,97.2699,,-0.22202191,,
2021-09-30,2021三季报,2021-3,2021三季度,receive_accounts_turnover_days,2.3799,,0.41231974,,
2021-09-30,2021三季报,2021-3,2021三季度,quick_ratio,0.5108,,0.52477612,,
2021-09-30,2021三季报,2021-3,2021三季度,sale_gross_margin,11.4809,11.2971,-0.11928597,0.14344275,-0.09394148
2021-09-30,2021三季报,2021-3,2021三季度,inventory_turnover_days,94.89,,-0.23068816,,
2021-09-30,2021三季报,2021-3,2021三季度,calculate_operating_income_total_yoy_growth_ratio,26.848142,10.05792700,1.85645638,-0.65928991,-0.58194183
2021-09-30,2021三季报,2021-3,2021三季度,sale_net_interest_ratio,4.0345,3.6805,-0.03864942,0.08240449,-0.25797867
2021-09-30,2021三季报,2021-3,2021三季度,per_undistributed_profits,1.7052,,0.14373868,,
2021-09-30,2021三季报,2021-3,2021三季度,operating_income_total,41032392375.62,14718522418.8700,0.26848142,-0.02510805,0.10057927
2021-09-30,2021三季报,2021-3,2021三季度,per_capital_reserve,1.8966,,-0.01095119,,
2021-09-30,2021三季报,2021-3,2021三季度,index_full_diluted_roe,5.6174,1.9776,0.25601467,0.15791323,-0.17565652
2021-09-30,2021三季报,2021-3,2021三季度,calculate_parent_holder_net_profit_yoy_growth_ratio,33.741761,-7.00081900,-0.39816513,-1.38992176,-1.03661605
2021-09-30,2021三季报,2021-3,2021三季度,assets_debt_ratio,47.3509,,-0.01884161,,
2021-09-30,2021三季报,2021-3,2021三季度,index_deduct_holder_net_profit,1456968643.18,518311431.8800,0.44531878,0.25904025,0.02678798
2021-09-30,2021三季报,2021-3,2021三季度,index_weighted_avg_roe,5.74,2.0200,0.07894737,0.17441860,-0.17213115
2021-09-30,2021三季报,2021-3,2021三季度,pe_ttm,21.88,,,,
2021-09-30,2021三季报,2021-3,2021三季度,pb,1.74,,,,
2021-06-30,2021中报,2021-2,2021二季度,index_per_operating_cash_flow_net,-0.0624,0.2641,-1.21681723,1.80888208,-0.48327138
2021-06-30,2021中报,2021-2,2021二季度,deduct_net_profit_yoy_growth_ratio,86.5112,-11.1586,-0.8804271,-1.00913893,-1.00610616
2021-06-30,2021中报,2021-2,2021二季度,parent_holder_net_profit,901953229.78,419878017.3400,0.74946674,-0.12901969,0.17954420
2021-06-30,2021中报,2021-2,2021二季度,calc_per_net_assets,5.0234,,0.14986151,,
2021-06-30,2021中报,2021-2,2021二季度,inventory_turnover_ratio,1.8034,,0.34002081,,
2021-06-30,2021中报,2021-2,2021二季度,conservative_quick_ratio,0.4034,,0.4615942,,
2021-06-30,2021中报,2021-2,2021二季度,equity_ratio,0.9729,,-0.18174937,,
2021-06-30,2021中报,2021-2,2021二季度,current_ratio,1.327,,0.37143448,,
2021-06-30,2021中报,2021-2,2021二季度,basic_eps,0.19,0.0866,0.58333333,-0.12964824,0.12907432
2021-06-30,2021中报,2021-2,2021二季度,business_cycle,101.7456,,-0.25126224,,
2021-06-30,2021中报,2021-2,2021二季度,receive_accounts_turnover_days,1.9341,,-0.09625718,,
2021-06-30,2021中报,2021-2,2021二季度,quick_ratio,0.4034,,0.46106483,,
2021-06-30,2021中报,2021-2,2021二季度,sale_gross_margin,11.5838,9.8799,-0.13784711,-0.28804802,-0.30150235
2021-06-30,2021中报,2021-2,2021二季度,inventory_turnover_days,99.8115,,-0.25374245,,
2021-06-30,2021中报,2021-2,2021二季度,calculate_operating_income_total_yoy_growth_ratio,38.682242,29.52048500,38.14473707,-0.44589772,0.76412458
2021-06-30,2021中报,2021-2,2021二季度,sale_net_interest_ratio,4.2325,3.4003,0.15683166,-0.36476237,-0.16507882
2021-06-30,2021中报,2021-2,2021二季度,per_undistributed_profits,1.6052,,0.11140345,,
2021-06-30,2021中报,2021-2,2021二季度,operating_income_total,26313869956.75,15097593613.5800,0.38682242,0.34604330,0.29520485
2021-06-30,2021中报,2021-2,2021二季度,per_capital_reserve,1.8955,,0.17288534,,
2021-06-30,2021中报,2021-2,2021二季度,index_full_diluted_roe,3.7041,1.7079,0.45721704,-0.14566555,-0.14343748
2021-06-30,2021中报,2021-2,2021二季度,calculate_parent_holder_net_profit_yoy_growth_ratio,74.946674,17.95442000,11.05776432,-0.91114581,-0.34120314
2021-06-30,2021中报,2021-2,2021二季度,assets_debt_ratio,47.0394,,-0.09362524,,
2021-06-30,2021中报,2021-2,2021二季度,index_deduct_holder_net_profit,938657211.3,411671851.3700,0.86511189,-0.21881729,-0.11158571
2021-06-30,2021中报,2021-2,2021二季度,index_weighted_avg_roe,3.72,1.7200,0.29166667,-0.14000000,-0.06521739
2021-06-30,2021中报,2021-2,2021二季度,pe_ttm,22.72,,,,
2021-06-30,2021中报,2021-2,2021二季度,pb,1.72,,,,
2021-03-31,2021一季报,2021-1,2021一季度,index_per_operating_cash_flow_net,-0.3265,-0.3265,-0.46215853,-1.54029456,-0.46215853
2021-03-31,2021一季报,2021-1,2021一季度,deduct_net_profit_yoy_growth_ratio,1220.9965,1220.9965,159.47795229,0.45301373,159.47795229
2021-03-31,2021一季报,2021-1,2021一季度,parent_holder_net_profit,482075212.44,482075212.4400,2.02066107,-0.06876024,2.02066107
2021-03-31,2021一季报,2021-1,2021一季度,calc_per_net_assets,5.1199,,0.30656357,,
2021-03-31,2021一季报,2021-1,2021一季度,inventory_turnover_ratio,0.7052,,0.36296869,,
2021-03-31,2021一季报,2021-1,2021一季度,conservative_quick_ratio,0.3675,,0.76767677,,
2021-03-31,2021一季报,2021-1,2021一季度,equity_ratio,0.9736,,-0.37437347,,
2021-03-31,2021一季报,2021-1,2021一季度,current_ratio,1.3323,,0.43551341,,
2021-03-31,2021一季报,2021-1,2021一季度,basic_eps,0.1,0.0995,1.5,-0.06835206,1.45679012
2021-03-31,2021一季报,2021-1,2021一季度,business_cycle,130.3982,,-0.26358448,,
2021-03-31,2021一季报,2021-1,2021一季度,receive_accounts_turnover_days,2.7748,,-0.11200717,,
2021-03-31,2021一季报,2021-1,2021一季度,quick_ratio,0.3675,,0.76682692,,
2021-03-31,2021一季报,2021-1,2021一季度,sale_gross_margin,13.8772,13.8772,0.12757676,0.09712461,0.12757676
2021-03-31,2021一季报,2021-1,2021一季度,inventory_turnover_days,127.6234,,-0.26630744,,
2021-03-31,2021一季报,2021-1,2021一季度,calculate_operating_income_total_yoy_growth_ratio,53.276238,53.27623800,4.15754843,1.58399150,4.15754843
2021-03-31,2021一季报,2021-1,2021一季度,sale_net_interest_ratio,5.3528,5.3528,0.78456409,0.45074125,0.78456409
2021-03-31,2021一季报,2021-1,2021一季度,per_undistributed_profits,1.679,,0.0431163,,
2021-03-31,2021一季报,2021-1,2021一季度,operating_income_total,11216276343.17,11216276343.1700,0.53276238,-0.28319823,0.53276238
2021-03-31,2021一季报,2021-1,2021一季度,per_capital_reserve,1.8944,,0.94476953,,
2021-03-31,2021一季报,2021-1,2021一季度,index_full_diluted_roe,1.9425,1.9991,0.87717433,-0.10027454,0.82549539
2021-03-31,2021一季报,2021-1,2021一季度,calculate_parent_holder_net_profit_yoy_growth_ratio,202.066107,202.06610700,10.02112368,-0.33498822,10.02112368
2021-03-31,2021一季报,2021-1,2021一季度,assets_debt_ratio,47.187,,-0.1000309,,
2021-03-31,2021一季报,2021-1,2021一季度,index_deduct_holder_net_profit,526985359.93,526985359.9300,12.20996507,0.41780136,12.20996507
2021-03-31,2021一季报,2021-1,2021一季度,index_weighted_avg_roe,2.0,2.0000,0.92307692,-0.13793103,0.92307692
2021-03-31,2021一季报,2021-1,2021一季度,pe_ttm,37.52,,,,
2021-03-31,2021一季报,2021-1,2021一季度,pb,1.76,,,,
2020-12-31,2020年报,2020-4,2020四季度,index_per_operating_cash_flow_net,0.9414,0.6043,0.48556099,11.25760649,1.24313289
2020-12-31,2020年报,2020-4,2020四季度,deduct_net_profit_yoy_growth_ratio,536.0798,840.3200,6.69200681,1.51486874,3.42508680
2020-12-31,2020年报,2020-4,2020四季度,parent_holder_net_profit,1554638623.01,517670347.8000,0.96136758,-0.00717091,3.03853424
2020-12-31,2020年报,2020-4,2020四季度,calc_per_net_assets,4.8299,,0.21464138,,
2020-12-31,2020年报,2020-4,2020四季度,inventory_turnover_ratio,3.5912,,0.09009228,,
2020-12-31,2020年报,2020-4,2020四季度,conservative_quick_ratio,0.4263,,0.38499025,,
2020-12-31,2020年报,2020-4,2020四季度,equity_ratio,0.8662,,-0.40914052,,
2020-12-31,2020年报,2020-4,2020四季度,current_ratio,1.2686,,0.23512803,,
2020-12-31,2020年报,2020-4,2020四季度,basic_eps,0.34,0.1068,0.7,-0.00743494,6.62857143
2020-12-31,2020年报,2020-4,2020四季度,business_cycle,102.3689,,-0.07167335,,
2020-12-31,2020年报,2020-4,2020四季度,receive_accounts_turnover_days,2.1239,,1.13200161,,
2020-12-31,2020年报,2020-4,2020四季度,quick_ratio,0.4264,,0.38531514,,
2020-12-31,2020年报,2020-4,2020四季度,sale_gross_margin,12.9096,12.6487,0.16527359,0.01446056,0.12330044
2020-12-31,2020年报,2020-4,2020四季度,inventory_turnover_days,100.245,,-0.08264647,,
2020-12-31,2020年报,2020-4,2020四季度,calculate_operating_income_total_yoy_growth_ratio,12.820232,20.61780700,-0.45396734,-0.14301995,-0.45012883
2020-12-31,2020年报,2020-4,2020四季度,sale_net_interest_ratio,4.0314,3.6897,1.26929355,-0.25612387,1.15633218
2020-12-31,2020年报,2020-4,2020四季度,per_undistributed_profits,1.5795,,0.03471995,,
2020-12-31,2020年报,2020-4,2020四季度,operating_income_total,47995317805.91,15647668263.6900,0.12820232,0.17005627,0.20617807
2020-12-31,2020年报,2020-4,2020四季度,per_capital_reserve,1.8933,,0.55596647,,
2020-12-31,2020年报,2020-4,2020四季度,index_full_diluted_roe,6.6403,2.2219,4.0973363,-0.07382243,5.30326241
2020-12-31,2020年报,2020-4,2020四季度,calculate_parent_holder_net_profit_yoy_growth_ratio,96.136758,303.85342400,-0.69129217,0.58923001,-0.97899392
2020-12-31,2020年报,2020-4,2020四季度,assets_debt_ratio,44.2748,,-0.11920393,,
2020-12-31,2020年报,2020-4,2020四季度,index_deduct_holder_net_profit,1379752366.7,371691956.5700,5.36079832,-0.26366889,8.40320046
2020-12-31,2020年报,2020-4,2020四季度,index_weighted_avg_roe,7.64,2.3200,4.83206107,-0.04918033,5.44444444
2020-12-31,2020年报,2020-4,2020四季度,pe_ttm,38.81,,,,
2020-12-31,2020年报,2020-4,2020四季度,pb,1.82,,,,
2020-09-30,2020三季报,2020-3,2020三季度,index_per_operating_cash_flow_net,0.3371,0.0493,-0.07466374,-0.90354138,-0.89748388
2020-09-30,2020三季报,2020-3,2020三季度,deduct_net_profit_yoy_growth_ratio,468.284,334.1407,142.93680457,-0.81715311,2.92312389
2020-09-30,2020三季报,2020-3,2020三季度,parent_holder_net_profit,1036968275.21,521409327.6800,0.56064816,0.46477149,1.91195373
2020-09-30,2020三季报,2020-3,2020三季度,calc_per_net_assets,4.7833,,0.20577262,,
2020-09-30,2020三季报,2020-3,2020三季度,inventory_turnover_ratio,2.189,,0.01979967,,
2020-09-30,2020三季报,2020-3,2020三季度,conservative_quick_ratio,0.335,,0.22486289,,
2020-09-30,2020三季报,2020-3,2020三季度,equity_ratio,1.0117,,-0.34686895,,
2020-09-30,2020三季报,2020-3,2020三季度,current_ratio,1.1891,,0.13669821,,
2020-09-30,2020三季报,2020-3,2020三季度,basic_eps,0.23,0.1076,0.35294118,0.40286832,5.52121212
2020-09-30,2020三季报,2020-3,2020三季度,business_cycle,125.0291,,-0.01654185,,
2020-09-30,2020三季报,2020-3,2020三季度,receive_accounts_turnover_days,1.6851,,0.25202467,,
2020-09-30,2020三季报,2020-3,2020三季度,quick_ratio,0.335,,0.22486289,,
2020-09-30,2020三季报,2020-3,2020三季度,sale_gross_margin,13.0359,12.4684,0.18560995,-0.11849836,0.07072685
2020-09-30,2020三季报,2020-3,2020三季度,inventory_turnover_days,123.344,,-0.01941548,,
2020-09-30,2020三季报,2020-3,2020三季度,calculate_operating_income_total_yoy_growth_ratio,9.399108,24.05867800,-0.48335194,0.43773062,0.14971195
2020-09-30,2020三季报,2020-3,2020三季度,sale_net_interest_ratio,4.1967,4.9601,1.32311099,0.21791976,1.29294564
2020-09-30,2020三季报,2020-3,2020三季度,per_undistributed_profits,1.4909,,-0.02126961,,
2020-09-30,2020三季报,2020-3,2020三季度,operating_income_total,32347649542.22,13373432300.7700,0.09399108,0.14729107,0.24058678
2020-09-30,2020三季报,2020-3,2020三季度,per_capital_reserve,1.9176,,0.57593688,,
2020-09-30,2020三季报,2020-3,2020三季度,index_full_diluted_roe,4.4724,2.3990,3.69346206,0.20316967,4.74198181
2020-09-30,2020三季报,2020-3,2020三季度,calculate_parent_holder_net_profit_yoy_growth_ratio,56.064816,191.19537300,-0.77252491,6.01548202,0.14999287
2020-09-30,2020三季报,2020-3,2020三季度,assets_debt_ratio,48.2602,,-0.0665519,,
2020-09-30,2020三季报,2020-3,2020三季度,index_deduct_holder_net_profit,1008060410.13,504789150.1000,4.68284006,0.08936740,3.34140715
2020-09-30,2020三季报,2020-3,2020三季度,index_weighted_avg_roe,5.32,2.4400,4.6,0.32608696,4.95121951
2020-09-30,2020三季报,2020-3,2020三季度,pe_ttm,77.12,,,,
2020-09-30,2020三季报,2020-3,2020三季度,pb,2.36,,,,
2020-06-30,2020中报,2020-2,2020二季度,index_per_operating_cash_flow_net,0.2878,0.5111,3.46826758,3.28884908,21.31877729
2020-06-30,2020中报,2020-2,2020二季度,deduct_net_profit_yoy_growth_ratio,723.5017,1827.4344,17.46743507,239.18326871,28.51049877
2020-06-30,2020中报,2020-2,2020二季度,parent_holder_net_profit,515558947.53,355966327.9900,0.06215636,1.23046861,0.27253348
2020-06-30,2020中报,2020-2,2020二季度,calc_per_net_assets,4.3687,,0.1056641,,
2020-06-30,2020中报,2020-2,2020二季度,inventory_turnover_ratio,1.3458,,-0.09128967,,
2020-06-30,2020中报,2020-2,2020二季度,conservative_quick_ratio,0.276,,0.06811146,,
2020-06-30,2020中报,2020-2,2020二季度,equity_ratio,1.189,,-0.16420638,,
2020-06-30,2020中报,2020-2,2020二季度,current_ratio,0.9676,,-0.06737349,,
2020-06-30,2020中报,2020-2,2020二季度,basic_eps,0.12,0.0767,0.0,0.89382716,5.50000000
2020-06-30,2020中报,2020-2,2020二季度,business_cycle,135.8895,,0.10307619,,
2020-06-30,2020中报,2020-2,2020二季度,receive_accounts_turnover_days,2.1401,,0.29553847,,
2020-06-30,2020中报,2020-2,2020二季度,quick_ratio,0.2761,,0.06849845,,
2020-06-30,2020中报,2020-2,2020二季度,sale_gross_margin,13.4359,14.1445,0.26671318,0.14929593,0.33579820
2020-06-30,2020中报,2020-2,2020二季度,inventory_turnover_days,133.7494,,0.10046034,,
2020-06-30,2020中报,2020-2,2020二季度,calculate_operating_income_total_yoy_growth_ratio,0.988185,16.73378700,-0.94075377,1.99176941,0.68746175
2020-06-30,2020中报,2020-2,2020二季度,sale_net_interest_ratio,3.6587,4.0726,1.29615916,0.35775963,2.11766057
2020-06-30,2020中报,2020-2,2020二季度,per_undistributed_profits,1.4443,,-0.04147863,,
2020-06-30,2020中报,2020-2,2020二季度,operating_income_total,18974217241.45,11656529588.6000,0.00988185,0.59292527,0.16733787
2020-06-30,2020中报,2020-2,2020二季度,per_capital_reserve,1.6161,,0.32815582,,
2020-06-30,2020中报,2020-2,2020二季度,index_full_diluted_roe,2.5419,1.9939,3.72472119,0.82074696,5.67973199
2020-06-30,2020中报,2020-2,2020二季度,calculate_parent_holder_net_profit_yoy_growth_ratio,6.215636,27.25334800,-0.97855056,2.21670985,-0.91472055
2020-06-30,2020中报,2020-2,2020二季度,assets_debt_ratio,51.8984,,0.04099939,,
2020-06-30,2020中报,2020-2,2020二季度,index_deduct_holder_net_profit,503271260.03,463378243.1100,7.23501735,10.61552269,18.27434365
2020-06-30,2020中报,2020-2,2020二季度,index_weighted_avg_roe,2.88,1.8400,4.33333333,0.76923077,5.13333333
2020-06-30,2020中报,2020-2,2020二季度,pe_ttm,136.02,,,,
2020-06-30,2020中报,2020-2,2020二季度,pb,2.7,,,,
2020-03-31,2020一季报,2020-1,2020一季度,index_per_operating_cash_flow_net,-0.2233,-0.2233,-0.60071685,-1.82887899,-0.60071685
2020-03-31,2020一季报,2020-1,2020一季度,deduct_net_profit_yoy_growth_ratio,7.6085,7.6085,9.75949804,-0.95993399,9.75949804
2020-03-31,2020一季报,2020-1,2020一季度,parent_holder_net_profit,159592619.54,159592619.5400,-0.22399217,0.24503994,-0.22399217
2020-03-31,2020一季报,2020-1,2020一季度,calc_per_net_assets,3.9186,,-0.01396543,,
2020-03-31,2020一季报,2020-1,2020一季度,inventory_turnover_ratio,0.5174,,-0.23911765,,
2020-03-31,2020一季报,2020-1,2020一季度,conservative_quick_ratio,0.2079,,-0.21812712,,
2020-03-31,2020一季报,2020-1,2020一季度,equity_ratio,1.5562,,0.11491618,,
2020-03-31,2020一季报,2020-1,2020一季度,current_ratio,0.9281,,-0.14531725,,
2020-03-31,2020一季报,2020-1,2020一季度,basic_eps,0.04,0.0405,-0.2,1.89285714,3.30851064
2020-03-31,2020一季报,2020-1,2020一季度,business_cycle,177.0715,,0.31866581,,
2020-03-31,2020一季报,2020-1,2020一季度,receive_accounts_turnover_days,3.1248,,0.62083096,,
2020-03-31,2020一季报,2020-1,2020一季度,quick_ratio,0.208,,-0.21775103,,
2020-03-31,2020一季报,2020-1,2020一季度,sale_gross_margin,12.3071,12.3071,0.1580864,0.09296378,0.15808640
2020-03-31,2020一季报,2020-1,2020一季度,inventory_turnover_days,173.9467,,0.31426436,,
2020-03-31,2020一季报,2020-1,2020一季度,calculate_operating_income_total_yoy_growth_ratio,-16.872659,-16.87265900,-1.66340342,-1.44998911,-1.66340342
2020-03-31,2020一季报,2020-1,2020一季度,sale_net_interest_ratio,2.9995,2.9995,0.56754638,0.75296593,0.56754638
2020-03-31,2020一季报,2020-1,2020一季度,per_undistributed_profits,1.6096,,0.06244224,,
2020-03-31,2020一季报,2020-1,2020一季度,operating_income_total,7317687652.85,7317687652.8500,-0.16872659,-0.43592654,-0.16872659
2020-03-31,2020一季报,2020-1,2020一季度,per_capital_reserve,0.9741,,-0.20991159,,
2020-03-31,2020一季报,2020-1,2020一季度,index_full_diluted_roe,1.0348,1.0951,3.36072482,2.10666667,3.59932801
2020-03-31,2020一季报,2020-1,2020一季度,calculate_parent_holder_net_profit_yoy_growth_ratio,-22.399217,-22.39921700,-1.08768619,-1.00154851,-1.08768619
2020-03-31,2020一季报,2020-1,2020一季度,assets_debt_ratio,52.4318,,0.06209702,,
2020-03-31,2020一季报,2020-1,2020一季度,index_deduct_holder_net_profit,39893016.92,39893016.9200,0.07608489,0.00922828,0.07608489
2020-03-31,2020一季报,2020-1,2020一季度,index_weighted_avg_roe,1.04,1.0400,3.33333333,1.88888889,3.33333333
2020-03-31,2020一季报,2020-1,2020一季度,pe_ttm,213.03,,,,
2020-03-31,2020一季报,2020-1,2020一季度,pb,2.09,,,,
2019-12-31,2019年报,2019-4,2019四季度,index_per_operating_cash_flow_net,0.6337,0.2694,-0.09548958,-0.43980037,0.10184049
2019-12-31,2019年报,2019-4,2019四季度,deduct_net_profit_yoy_growth_ratio,69.6931,189.8991,2.27359863,1.22959279,2.01719284
2019-12-31,2019年报,2019-4,2019四季度,parent_holder_net_profit,792629916.88,128182730.7800,3.11416651,-0.28412830,144.65023089
2019-12-31,2019年报,2019-4,2019四季度,calc_per_net_assets,3.9764,,0.00739765,,
2019-12-31,2019年报,2019-4,2019四季度,inventory_turnover_ratio,3.2944,,0.05235585,,
2019-12-31,2019年报,2019-4,2019四季度,conservative_quick_ratio,0.3078,,-0.02192564,,
2019-12-31,2019年报,2019-4,2019四季度,equity_ratio,1.466,,0.06633692,,
2019-12-31,2019年报,2019-4,2019四季度,current_ratio,1.0271,,-0.01306813,,
2019-12-31,2019年报,2019-4,2019四季度,basic_eps,0.2,0.0140,2.33333333,-0.15151515,10.66666667
2019-12-31,2019年报,2019-4,2019四季度,business_cycle,110.2725,,-0.05595806,,
2019-12-31,2019年报,2019-4,2019四季度,receive_accounts_turnover_days,0.9962,,-0.45000828,,
2019-12-31,2019年报,2019-4,2019四季度,quick_ratio,0.3078,,-0.02192564,,
2019-12-31,2019年报,2019-4,2019四季度,sale_gross_margin,11.0786,11.2603,0.06495304,-0.03301903,-0.09655964
2019-12-31,2019年报,2019-4,2019四季度,inventory_turnover_days,109.2763,,-0.04975147,,
2019-12-31,2019年报,2019-4,2019四季度,calculate_operating_income_total_yoy_growth_ratio,23.478874,37.49570500,4.07250794,0.79183828,0.57728375
2019-12-31,2019年报,2019-4,2019四季度,sale_net_interest_ratio,1.7765,1.7111,0.62623581,-0.20899593,1.68914034
2019-12-31,2019年报,2019-4,2019四季度,per_undistributed_profits,1.5265,,0.01394885,,
2019-12-31,2019年报,2019-4,2019四季度,operating_income_total,42541410266.5,12972933836.7700,0.23478874,0.20343453,0.37495705
2019-12-31,2019年报,2019-4,2019四季度,per_capital_reserve,1.2168,,0.0,,
2019-12-31,2019年报,2019-4,2019四季度,index_full_diluted_roe,1.3027,0.3525,-0.09434093,-0.15629488,10.37096774
2019-12-31,2019年报,2019-4,2019四季度,calculate_parent_holder_net_profit_yoy_growth_ratio,311.416651,14465.02308900,10.19864532,86.00353541,134.38561077
2019-12-31,2019年报,2019-4,2019四季度,assets_debt_ratio,50.2668,,0.02137776,,
2019-12-31,2019年报,2019-4,2019四季度,index_deduct_holder_net_profit,216914968.33,39528239.1700,0.6969307,-0.66003988,1.89899054
2019-12-31,2019年报,2019-4,2019四季度,index_weighted_avg_roe,1.31,0.3600,-0.10884354,-0.12195122,8.00000000
2019-12-31,2019年报,2019-4,2019四季度,pe_ttm,209.96,,,,
2019-12-31,2019年报,2019-4,2019四季度,pb,2.06,,,,
2019-09-30,2019三季报,2019-3,2019三季度,index_per_operating_cash_flow_net,0.3643,0.4809,-0.20127165,20.00000000,2.21457219
2019-09-30,2019三季报,2019-3,2019三季度,deduct_net_profit_yoy_growth_ratio,3.2534,85.1721,1.0569244,2.28219484,2.92421922
2019-09-30,2019三季报,2019-3,2019三季度,parent_holder_net_profit,664447186.1,179058246.3900,2.46465735,-0.35988998,1.66257877
2019-09-30,2019三季报,2019-3,2019三季度,calc_per_net_assets,3.967,,0.03159537,,
2019-09-30,2019三季报,2019-3,2019三季度,inventory_turnover_ratio,2.1465,,0.00983252,,
2019-09-30,2019三季报,2019-3,2019三季度,conservative_quick_ratio,0.2735,,0.38973577,,
2019-09-30,2019三季报,2019-3,2019三季度,equity_ratio,1.549,,-0.13675881,,
2019-09-30,2019三季报,2019-3,2019三季度,current_ratio,1.0461,,0.05368654,,
2019-09-30,2019三季报,2019-3,2019三季度,basic_eps,0.17,0.0165,1.83333333,0.39830508,-0.15384615
2019-09-30,2019三季报,2019-3,2019三季度,business_cycle,127.1321,,-0.01919834,,
2019-09-30,2019三季报,2019-3,2019三季度,receive_accounts_turnover_days,1.3459,,-0.48186788,,
2019-09-30,2019三季报,2019-3,2019三季度,quick_ratio,0.2735,,0.38973577,,
2019-09-30,2019三季报,2019-3,2019三季度,sale_gross_margin,10.9951,11.6448,0.14227685,0.09972801,0.29137002
2019-09-30,2019三季报,2019-3,2019三季度,inventory_turnover_days,125.7862,,-0.00973682,,
2019-09-30,2019三季报,2019-3,2019三季度,calculate_operating_income_total_yoy_growth_ratio,18.192477,20.92583100,16.98331162,1.11019415,5.45448906
2019-09-30,2019三季报,2019-3,2019三季度,sale_net_interest_ratio,1.8065,2.1632,0.42862792,0.65597489,2.45724788
2019-09-30,2019三季报,2019-3,2019三季度,per_undistributed_profits,1.5233,,0.00382208,,
2019-09-30,2019三季报,2019-3,2019三季度,operating_income_total,29568476429.73,10779924884.7300,0.18192477,0.07955069,0.20925831
2019-09-30,2019三季报,2019-3,2019三季度,per_capital_reserve,1.2168,,0.09042029,,
2019-09-30,2019三季报,2019-3,2019三季度,index_full_diluted_roe,0.9529,0.4178,-0.34059927,0.39966499,-0.16806053
2019-09-30,2019三季报,2019-3,2019三季度,calculate_parent_holder_net_profit_yoy_growth_ratio,246.465735,166.25787700,7.67185605,-0.47975636,7.22851902
2019-09-30,2019三季报,2019-3,2019三季度,assets_debt_ratio,51.701,,-0.16010904,,
2019-09-30,2019三季报,2019-3,2019三季度,index_deduct_holder_net_profit,177386729.16,116273165.1300,0.03253435,3.83641383,0.85172055
2019-09-30,2019三季报,2019-3,2019三季度,index_weighted_avg_roe,0.95,0.4100,-0.33566434,0.36666667,-0.19607843
2019-09-30,2019三季报,2019-3,2019三季度,pe_ttm,210.23,,,,
2019-09-30,2019三季报,2019-3,2019三季度,pb,2.23,,,,
2019-06-30,2019中报,2019-2,2019二季度,index_per_operating_cash_flow_net,-0.1166,0.0229,-1.38042414,1.16415771,-0.91305998
2019-06-30,2019中报,2019-2,2019二季度,deduct_net_profit_yoy_growth_ratio,-43.9353,-66.4268,0.29352998,-75.47570804,-0.01598770
2019-06-30,2019中报,2019-2,2019二季度,parent_holder_net_profit,485388939.71,279730422.7900,2.89780842,0.36016941,3.19576953
2019-06-30,2019中报,2019-2,2019二季度,calc_per_net_assets,3.9512,,0.00911761,,
2019-06-30,2019中报,2019-2,2019二季度,inventory_turnover_ratio,1.481,,0.0384966,,
2019-06-30,2019中报,2019-2,2019二季度,conservative_quick_ratio,0.2584,,0.09770603,,
2019-06-30,2019中报,2019-2,2019二季度,equity_ratio,1.4226,,-0.16278249,,
2019-06-30,2019中报,2019-2,2019二季度,current_ratio,1.0375,,0.06574217,,
2019-06-30,2019中报,2019-2,2019二季度,basic_eps,0.12,0.0118,2.0,0.25531915,-0.38860104
2019-06-30,2019中报,2019-2,2019二季度,business_cycle,123.1914,,-0.04562051,,
2019-06-30,2019中报,2019-2,2019二季度,receive_accounts_turnover_days,1.6519,,-0.4227557,,
2019-06-30,2019中报,2019-2,2019二季度,quick_ratio,0.2584,,0.09770603,,
2019-06-30,2019中报,2019-2,2019二季度,sale_gross_margin,10.6069,10.5888,0.06470393,-0.00360399,0.16621878
2019-06-30,2019中报,2019-2,2019二季度,inventory_turnover_days,121.5395,,-0.03706987,,
2019-06-30,2019中报,2019-2,2019二季度,calculate_operating_income_total_yoy_growth_ratio,16.679288,9.91654300,16.57434963,-0.61009888,-0.32469681
2019-06-30,2019中报,2019-2,2019二季度,sale_net_interest_ratio,1.5934,1.3063,-0.01526482,-0.31732427,-0.19686443
2019-06-30,2019中报,2019-2,2019二季度,per_undistributed_profits,1.5068,,0.00580736,,
2019-06-30,2019中报,2019-2,2019二季度,operating_income_total,18788551545.0,9985566186.1200,0.16679288,0.13433861,0.09916543
2019-06-30,2019中报,2019-2,2019二季度,per_capital_reserve,1.2168,,0.01611691,,
2019-06-30,2019中报,2019-2,2019二季度,index_full_diluted_roe,0.538,0.2985,-0.41623264,0.25367493,-0.39403167
2019-06-30,2019中报,2019-2,2019二季度,calculate_parent_holder_net_profit_yoy_growth_ratio,289.780842,319.57695300,8.00502248,0.25104761,7.89424998
2019-06-30,2019中报,2019-2,2019二季度,assets_debt_ratio,49.8544,,-0.1606212,,
2019-06-30,2019中报,2019-2,2019二季度,index_deduct_holder_net_profit,61113564.03,24041194.4300,-0.43935314,-0.35150640,-0.66426784
2019-06-30,2019中报,2019-2,2019二季度,index_weighted_avg_roe,0.54,0.3000,-0.41304348,0.25000000,-0.38775510
2019-06-30,2019中报,2019-2,2019二季度,pe_ttm,198.0,,,,
2019-06-30,2019中报,2019-2,2019二季度,pb,2.46,,,,
2019-03-31,2019一季报,2019-1,2019一季度,index_per_operating_cash_flow_net,-0.1395,-0.1395,-4.23665893,-1.57055215,-4.23665893
2019-03-31,2019一季报,2019-1,2019一季度,deduct_net_profit_yoy_growth_ratio,-0.8686,-0.8686,0.98393989,-1.01380066,0.98393989
2019-03-31,2019一季报,2019-1,2019一季度,parent_holder_net_profit,205658516.92,205658516.9200,2.55447474,232.68366621,2.55447474
2019-03-31,2019一季报,2019-1,2019一季度,calc_per_net_assets,3.9741,,0.01168474,,
2019-03-31,2019一季报,2019-1,2019一季度,inventory_turnover_ratio,0.68,,0.1621945,,
2019-03-31,2019一季报,2019-1,2019一季度,conservative_quick_ratio,0.2659,,0.2722488,,
2019-03-31,2019一季报,2019-1,2019一季度,equity_ratio,1.3958,,-0.19434343,,
2019-03-31,2019一季报,2019-1,2019一季度,current_ratio,1.0859,,0.0932246,,
2019-03-31,2019一季报,2019-1,2019一季度,basic_eps,0.05,0.0094,1.5,6.83333333,-0.44047619
2019-03-31,2019一季报,2019-1,2019一季度,business_cycle,134.2808,,-0.14044445,,
2019-03-31,2019一季报,2019-1,2019一季度,receive_accounts_turnover_days,1.9279,,-0.19714321,,
2019-03-31,2019一季报,2019-1,2019一季度,quick_ratio,0.2659,,0.2722488,,
2019-03-31,2019一季报,2019-1,2019一季度,sale_gross_margin,10.6271,10.6271,-0.04302605,-0.14736276,-0.04302605
2019-03-31,2019一季报,2019-1,2019一季度,inventory_turnover_days,132.3529,,-0.13955932,,
2019-03-31,2019一季报,2019-1,2019一季度,calculate_operating_income_total_yoy_growth_ratio,25.433482,25.43348200,3.01837974,0.06987768,3.01837974
2019-03-31,2019一季报,2019-1,2019一季度,sale_net_interest_ratio,1.9135,1.9135,0.19057989,2.00722929,0.19057989
2019-03-31,2019一季报,2019-1,2019一季度,per_undistributed_profits,1.515,,0.00417578,,
2019-03-31,2019一季报,2019-1,2019一季度,operating_income_total,8802985358.88,8802985358.8800,0.25433482,-0.06700158,0.25433482
2019-03-31,2019一季报,2019-1,2019一季度,per_capital_reserve,1.2329,,0.02956159,,
2019-03-31,2019一季报,2019-1,2019一季度,index_full_diluted_roe,0.2373,0.2381,-0.44400187,6.68064516,-0.44421102
2019-03-31,2019一季报,2019-1,2019一季度,calculate_parent_holder_net_profit_yoy_growth_ratio,255.447474,255.44747400,8.44001168,1.39086464,8.44001168
2019-03-31,2019一季报,2019-1,2019一季度,assets_debt_ratio,49.3663,,-0.17401387,,
2019-03-31,2019一季报,2019-1,2019一季度,index_deduct_holder_net_profit,37072369.6,37072369.6000,-0.00868581,1.84313671,-0.00868581
2019-03-31,2019一季报,2019-1,2019一季度,index_weighted_avg_roe,0.24,0.2400,-0.44186047,5.00000000,-0.44186047
2019-03-31,2019一季报,2019-1,2019一季度,pe_ttm,166.08,,,,
2019-03-31,2019一季报,2019-1,2019一季度,pb,2.24,,,,
2018-12-31,2018年报,2018-4,2018四季度,index_per_operating_cash_flow_net,0.7006,0.2445,2.83680175,0.63435829,4.75294118
2018-12-31,2018年报,2018-4,2018四季度,deduct_net_profit_yoy_growth_ratio,-54.7214,62.9390,-7.80628913,2.42192611,5.54738561
2018-12-31,2018年报,2018-4,2018四季度,parent_holder_net_profit,192658686.9,880072.2800,-0.33854621,-0.98691341,1.06843135
2018-12-31,2018年报,2018-4,2018四季度,calc_per_net_assets,3.9472,,0.01236214,,
2018-12-31,2018年报,2018-4,2018四季度,inventory_turnover_ratio,3.1305,,0.05269352,,
2018-12-31,2018年报,2018-4,2018四季度,conservative_quick_ratio,0.3147,,0.27357345,,
2018-12-31,2018年报,2018-4,2018四季度,equity_ratio,1.3748,,-0.19119896,,
2018-12-31,2018年报,2018-4,2018四季度,current_ratio,1.0407,,0.07956432,,
2018-12-31,2018年报,2018-4,2018四季度,basic_eps,0.06,0.0012,-0.25,-0.93846154,1.32432432
2018-12-31,2018年报,2018-4,2018四季度,business_cycle,116.8089,,-0.05605156,,
2018-12-31,2018年报,2018-4,2018四季度,receive_accounts_turnover_days,1.8113,,-0.32610313,,
2018-12-31,2018年报,2018-4,2018四季度,quick_ratio,0.3147,,0.27357345,,
2018-12-31,2018年报,2018-4,2018四季度,sale_gross_margin,10.4029,12.4638,-0.08935012,0.38219442,-0.14960017
2018-12-31,2018年报,2018-4,2018四季度,inventory_turnover_days,114.9976,,-0.05005568,,
2018-12-31,2018年报,2018-4,2018四季度,calculate_operating_income_total_yoy_growth_ratio,4.628652,23.77232700,1.30031778,6.06042368,1.40478420
2018-12-31,2018年报,2018-4,2018四季度,sale_net_interest_ratio,1.0924,0.6363,-0.3375379,0.01694103,-0.25193981
2018-12-31,2018年报,2018-4,2018四季度,per_undistributed_profits,1.5055,,0.00904826,,
2018-12-31,2018年报,2018-4,2018四季度,operating_income_total,34452379533.63,9435155697.8900,0.04628652,0.05840630,0.23772327
2018-12-31,2018年报,2018-4,2018四季度,per_capital_reserve,1.2168,,0.01611691,,
2018-12-31,2018年报,2018-4,2018四季度,index_full_diluted_roe,1.4384,0.0310,-0.33548924,-0.93827160,1.32494759
2018-12-31,2018年报,2018-4,2018四季度,calculate_parent_holder_net_profit_yoy_growth_ratio,-33.854621,106.84313500,-0.72534912,5.00266448,0.48126282
2018-12-31,2018年报,2018-4,2018四季度,assets_debt_ratio,49.2147,,-0.17127158,,
2018-12-31,2018年报,2018-4,2018四季度,index_deduct_holder_net_profit,127827829.24,-43969582.9600,-0.54721412,-1.70024223,0.62939026
2018-12-31,2018年报,2018-4,2018四季度,index_weighted_avg_roe,1.47,0.0400,-0.32568807,-0.92156863,1.36363636
2018-12-31,2018年报,2018-4,2018四季度,pe_ttm,162.03,,,,
2018-12-31,2018年报,2018-4,2018四季度,pb,2.18,,,,
2018-09-30,2018三季报,2018-3,2018三季度,index_per_operating_cash_flow_net,0.4561,0.1496,2.25553176,-0.43204252,1.74687968
2018-09-30,2018三季报,2018-3,2018三季度,deduct_net_profit_yoy_growth_ratio,-57.153,-44.2632,-53.10678784,0.32300115,0.05244973
2018-09-30,2018三季报,2018-3,2018三季度,parent_holder_net_profit,191778614.62,67249933.9300,-0.36941105,0.00870410,-0.26693003
2018-09-30,2018三季报,2018-3,2018三季度,calc_per_net_assets,3.8455,,-0.01770205,,
2018-09-30,2018三季报,2018-3,2018三季度,inventory_turnover_ratio,2.1256,,-0.06480707,,
2018-09-30,2018三季报,2018-3,2018三季度,conservative_quick_ratio,0.1968,,-0.20836685,,
2018-09-30,2018三季报,2018-3,2018三季度,equity_ratio,1.7944,,0.03944853,,
2018-09-30,2018三季报,2018-3,2018三季度,current_ratio,0.9928,,-0.06029342,,
2018-09-30,2018三季报,2018-3,2018三季度,basic_eps,0.06,0.0195,-0.33333333,0.01036269,-0.26691729
2018-09-30,2018三季报,2018-3,2018三季度,business_cycle,129.6206,,0.07142084,,
2018-09-30,2018三季报,2018-3,2018三季度,receive_accounts_turnover_days,2.5976,,0.18660637,,
2018-09-30,2018三季报,2018-3,2018三季度,quick_ratio,0.1968,,-0.20836685,,
2018-09-30,2018三季报,2018-3,2018三季度,sale_gross_margin,9.6256,9.0174,-0.07887232,-0.00685052,0.03283815
2018-09-30,2018三季报,2018-3,2018三季度,inventory_turnover_days,127.023,,0.06929818,,
2018-09-30,2018三季报,2018-3,2018三季度,calculate_operating_income_total_yoy_growth_ratio,-1.138217,-4.69769500,-1.04803548,-1.31990669,-1.14976050
2018-09-30,2018三季报,2018-3,2018三季度,sale_net_interest_ratio,1.2645,0.6257,-0.33081075,-0.61530895,-0.58735079
2018-09-30,2018三季报,2018-3,2018三季度,per_undistributed_profits,1.5175,,0.00576617,,
2018-09-30,2018三季报,2018-3,2018三季度,operating_income_total,25017223835.74,8914493155.8400,-0.01138217,-0.01873339,-0.04697695
2018-09-30,2018三季报,2018-3,2018三季度,per_capital_reserve,1.1159,,-0.06814196,,
2018-09-30,2018三季报,2018-3,2018三季度,index_full_diluted_roe,1.4451,0.5022,-0.35801866,0.01948843,-0.26352838
2018-09-30,2018三季报,2018-3,2018三季度,calculate_parent_holder_net_profit_yoy_growth_ratio,-36.941105,-26.69300300,-0.44566267,0.42415048,0.53350952
2018-09-30,2018三季报,2018-3,2018三季度,assets_debt_ratio,61.5568,,0.02748961,,
2018-09-30,2018三季报,2018-3,2018三季度,index_deduct_holder_net_profit,171797412.2,62791961.4300,-0.57152974,-0.12311841,-0.44263200
2018-09-30,2018三季报,2018-3,2018三季度,index_weighted_avg_roe,1.43,0.5100,-0.37554585,0.04081633,-0.27142857
2018-09-30,2018三季报,2018-3,2018三季度,pe_ttm,113.85,,,,
2018-09-30,2018三季报,2018-3,2018三季度,pb,1.71,,,,
2018-06-30,2018中报,2018-2,2018二季度,index_per_operating_cash_flow_net,0.3065,0.2634,-0.09958872,5.11136891,0.30331519
2018-06-30,2018中报,2018-2,2018二季度,deduct_net_profit_yoy_growth_ratio,-62.1899,-65.3815,-2.27576615,-0.20888132,-3.04553703
2018-06-30,2018中报,2018-2,2018二季度,parent_holder_net_profit,124528680.69,66669634.8800,-0.41367582,0.15227678,-0.46354129
2018-06-30,2018中报,2018-2,2018二季度,calc_per_net_assets,3.9155,,0.0087595,,
2018-06-30,2018中报,2018-2,2018二季度,inventory_turnover_ratio,1.4261,,0.01951673,,
2018-06-30,2018中报,2018-2,2018二季度,conservative_quick_ratio,0.2354,,-0.08830364,,
2018-06-30,2018中报,2018-2,2018二季度,equity_ratio,1.6992,,-0.07867484,,
2018-06-30,2018中报,2018-2,2018二季度,current_ratio,0.9735,,0.05231867,,
2018-06-30,2018中报,2018-2,2018二季度,basic_eps,0.04,0.0193,-0.33333333,0.14880952,-0.46388889
2018-06-30,2018中报,2018-2,2018二季度,business_cycle,129.0801,,-0.0113388,,
2018-06-30,2018中报,2018-2,2018二季度,receive_accounts_turnover_days,2.8617,,0.52315308,,
2018-06-30,2018中报,2018-2,2018二季度,quick_ratio,0.2354,,-0.08830364,,
2018-06-30,2018中报,2018-2,2018二季度,sale_gross_margin,9.9623,9.0796,-0.13053003,-0.18237895,-0.23722634
2018-06-30,2018中报,2018-2,2018二季度,inventory_turnover_days,126.2184,,-0.01914258,,
2018-06-30,2018中报,2018-2,2018二季度,calculate_operating_income_total_yoy_growth_ratio,0.94907,14.68457900,-0.95157589,2.16535584,5.34173221
2018-06-30,2018中报,2018-2,2018二季度,sale_net_interest_ratio,1.6181,1.6265,-0.23254601,0.01200846,-0.35312599
2018-06-30,2018中报,2018-2,2018二季度,per_undistributed_profits,1.4981,,0.0107273,,
2018-06-30,2018中报,2018-2,2018二季度,operating_income_total,16102730679.9,9084679989.7900,0.0094907,0.29447341,0.14684579
2018-06-30,2018中报,2018-2,2018二季度,per_capital_reserve,1.1975,,0.0,,
2018-06-30,2018中报,2018-2,2018二季度,index_full_diluted_roe,0.9216,0.4926,-0.41873226,0.14985994,-0.46980949
2018-06-30,2018中报,2018-2,2018二季度,calculate_parent_holder_net_profit_yoy_growth_ratio,-41.367582,-46.35412900,-5.38239401,-0.35008288,-5.56193733
2018-06-30,2018中报,2018-2,2018二季度,assets_debt_ratio,59.3944,,-0.03419814,,
2018-06-30,2018中报,2018-2,2018二季度,index_deduct_holder_net_profit,109005450.77,71608256.1000,-0.62189914,0.91480288,-0.59451108
2018-06-30,2018中报,2018-2,2018二季度,index_weighted_avg_roe,0.92,0.4900,-0.42138365,0.13953488,-0.47311828
2018-06-30,2018中报,2018-2,2018二季度,pe_ttm,89.25,,,,
2018-06-30,2018中报,2018-2,2018二季度,pb,1.72,,,,
2018-03-31,2018一季报,2018-1,2018一季度,index_per_operating_cash_flow_net,0.0431,0.0431,-0.68835864,0.01411765,-0.68835864
2018-03-31,2018一季报,2018-1,2018一季度,deduct_net_profit_yoy_growth_ratio,-54.0843,-54.0843,-1.62752927,-2.90762750,-1.62752927
2018-03-31,2018一季报,2018-1,2018一季度,parent_holder_net_profit,57859045.81,57859045.8100,-0.34334284,5.49891759,-0.34334284
2018-03-31,2018一季报,2018-1,2018一季度,calc_per_net_assets,3.9282,,0.01498631,,
2018-03-31,2018一季报,2018-1,2018一季度,inventory_turnover_ratio,0.5851,,-0.19352171,,
2018-03-31,2018一季报,2018-1,2018一季度,conservative_quick_ratio,0.209,,-0.11365564,,
2018-03-31,2018一季报,2018-1,2018一季度,equity_ratio,1.7325,,-0.09121905,,
2018-03-31,2018一季报,2018-1,2018一季度,current_ratio,0.9933,,0.00658695,,
2018-03-31,2018一季报,2018-1,2018一季度,basic_eps,0.02,0.0168,-0.33333333,5.54054054,-0.34117647
2018-03-31,2018一季报,2018-1,2018一季度,business_cycle,156.2212,,0.24001514,,
2018-03-31,2018一季报,2018-1,2018一季度,receive_accounts_turnover_days,2.4013,,0.24361697,,
2018-03-31,2018一季报,2018-1,2018一季度,quick_ratio,0.209,,-0.11365564,,
2018-03-31,2018一季报,2018-1,2018一季度,sale_gross_margin,11.1049,11.1049,0.00785965,-0.24231735,0.00785965
2018-03-31,2018一季报,2018-1,2018一季度,inventory_turnover_days,153.8199,,0.23995908,,
2018-03-31,2018一季报,2018-1,2018一季度,calculate_operating_income_total_yoy_growth_ratio,-12.60094,-12.60094000,-1.28957789,0.78543702,-1.28957789
2018-03-31,2018一季报,2018-1,2018一季度,sale_net_interest_ratio,1.6072,1.6072,-0.0589613,0.88948977,-0.05896130
2018-03-31,2018一季报,2018-1,2018一季度,per_undistributed_profits,1.5087,,0.01856603,,
2018-03-31,2018一季报,2018-1,2018一季度,operating_income_total,7018050690.11,7018050690.1100,-0.1260094,-0.07935757,-0.12600940
2018-03-31,2018一季报,2018-1,2018一季度,per_capital_reserve,1.1975,,0.0,,
2018-03-31,2018一季报,2018-1,2018一季度,index_full_diluted_roe,0.4268,0.4284,-0.35303926,5.49056604,-0.35316322
2018-03-31,2018一季报,2018-1,2018一季度,calculate_parent_holder_net_profit_yoy_growth_ratio,-34.334284,-34.33428400,-1.74622505,-1.47600717,-1.74622505
2018-03-31,2018一季报,2018-1,2018一季度,assets_debt_ratio,59.7665,,-0.03967961,,
2018-03-31,2018一季报,2018-1,2018一季度,index_deduct_holder_net_profit,37397194.67,37397194.6700,-0.66519958,1.31521256,-0.66519958
2018-03-31,2018一季报,2018-1,2018一季度,index_weighted_avg_roe,0.43,0.4300,-0.34848485,4.90909091,-0.34848485
2018-03-31,2018一季报,2018-1,2018一季度,pe_ttm,123.74,,,,
2018-03-31,2018一季报,2018-1,2018一季度,pb,2.36,,,,
2017-12-31,2017年报,2017-4,2017四季度,index_per_operating_cash_flow_net,0.1826,0.0425,-0.3635413,1.21218173,1.10522407
2017-12-31,2017年报,2017-4,2017四季度,deduct_net_profit_yoy_growth_ratio,-6.2139,-13.8407,-1.02740483,0.70370965,0.98647051
2017-12-31,2017年报,2017-4,2017四季度,parent_holder_net_profit,291265529.42,-12860659.1700,-0.19621896,-1.14018992,0.72129762
2017-12-31,2017年报,2017-4,2017四季度,calc_per_net_assets,3.899,,0.01536458,,
2017-12-31,2017年报,2017-4,2017四季度,inventory_turnover_ratio,2.9738,,-0.27377958,,
2017-12-31,2017年报,2017-4,2017四季度,conservative_quick_ratio,0.2471,,-0.03814714,,
2017-12-31,2017年报,2017-4,2017四季度,equity_ratio,1.6998,,-0.04074492,,
2017-12-31,2017年报,2017-4,2017四季度,current_ratio,0.964,,-0.05758139,,
2017-12-31,2017年报,2017-4,2017四季度,basic_eps,0.08,-0.0037,-0.27272727,-1.13909774,0.72388060
2017-12-31,2017年报,2017-4,2017四季度,business_cycle,123.745,,0.38471747,,
2017-12-31,2017年报,2017-4,2017四季度,receive_accounts_turnover_days,2.6878,,0.85288846,,
2017-12-31,2017年报,2017-4,2017四季度,quick_ratio,0.2471,,-0.03814714,,
2017-12-31,2017年报,2017-4,2017四季度,sale_gross_margin,11.4236,14.6564,0.34172725,0.67871992,2.42391254
2017-12-31,2017年报,2017-4,2017四季度,inventory_turnover_days,121.0572,,0.37699257,,
2017-12-31,2017年报,2017-4,2017四季度,calculate_operating_income_total_yoy_growth_ratio,-15.412514,-58.72839700,-4.06378978,-2.87223603,-1.29327003
2017-12-31,2017年报,2017-4,2017四季度,sale_net_interest_ratio,1.649,0.8506,0.34777278,-0.43902922,3.52253855
2017-12-31,2017年报,2017-4,2017四季度,per_undistributed_profits,1.492,,0.02500687,,
2017-12-31,2017年报,2017-4,2017四季度,operating_income_total,32928245496.39,7622992878.8300,-0.15412514,-0.18504756,-0.58728397
2017-12-31,2017年报,2017-4,2017四季度,per_capital_reserve,1.1975,,0.0,,
2017-12-31,2017年报,2017-4,2017四季度,index_full_diluted_roe,2.1646,-0.0954,-0.20835314,-1.13990321,0.72459584
2017-12-31,2017年报,2017-4,2017四季度,calculate_parent_holder_net_profit_yoy_growth_ratio,-19.621896,72.12976200,-1.06141157,2.26054933,1.15555900
2017-12-31,2017年报,2017-4,2017四季度,assets_debt_ratio,59.3858,,-0.01963672,,
2017-12-31,2017年报,2017-4,2017四季度,index_deduct_holder_net_profit,282314081.74,-118641195.7600,-0.06213867,-2.05310942,-0.13840718
2017-12-31,2017年报,2017-4,2017四季度,index_weighted_avg_roe,2.18,-0.1100,-0.28052805,-1.15714286,0.74418605
2017-12-31,2017年报,2017-4,2017四季度,pe_ttm,132.7,,,,
2017-12-31,2017年报,2017-4,2017四季度,pb,2.53,,,,
2017-09-30,2017三季报,2017-3,2017三季度,index_per_operating_cash_flow_net,0.1401,-0.2003,-0.79719166,-1.99109352,-3.06282183
2017-09-30,2017三季报,2017-3,2017三季度,deduct_net_profit_yoy_growth_ratio,-1.0563,-46.7133,-1.00263214,-2.46148046,-1.06459105
2017-09-30,2017三季报,2017-3,2017三季度,parent_holder_net_profit,304126188.59,91737401.3800,-0.2555306,-0.26183294,-0.57220896
2017-09-30,2017三季报,2017-3,2017三季度,calc_per_net_assets,3.9148,,0.00915114,,
2017-09-30,2017三季报,2017-3,2017三季度,inventory_turnover_ratio,2.2729,,0.14124322,,
2017-09-30,2017三季报,2017-3,2017三季度,conservative_quick_ratio,0.2486,,-0.07549275,,
2017-09-30,2017三季报,2017-3,2017三季度,equity_ratio,1.7263,,-0.04850356,,
2017-09-30,2017三季报,2017-3,2017三季度,current_ratio,1.0565,,0.01674526,,
2017-09-30,2017三季报,2017-3,2017三季度,basic_eps,0.09,0.0266,-0.23728814,-0.26111111,-0.57165862
2017-09-30,2017三季报,2017-3,2017三季度,business_cycle,120.9801,,-0.11551517,,
2017-09-30,2017三季报,2017-3,2017三季度,receive_accounts_turnover_days,2.1891,,0.80782889,,
2017-09-30,2017三季报,2017-3,2017三季度,quick_ratio,0.2486,,-0.07549275,,
2017-09-30,2017三季报,2017-3,2017三季度,sale_gross_margin,10.4498,8.7307,-0.15292268,-0.26653729,-0.34016294
2017-09-30,2017三季报,2017-3,2017三季度,inventory_turnover_days,118.791,,-0.12376244,,
2017-09-30,2017三季报,2017-3,2017三季度,calculate_operating_income_total_yoy_growth_ratio,23.695341,31.36805200,1.70064328,12.54671358,1.68294920
2017-09-30,2017三季报,2017-3,2017三季度,sale_net_interest_ratio,1.8896,1.5163,-0.28225776,-0.39695355,-0.60534603
2017-09-30,2017三季报,2017-3,2017三季度,per_undistributed_profits,1.5088,,0.02194527,,
2017-09-30,2017三季报,2017-3,2017三季度,operating_income_total,25305252617.56,9353911395.9800,0.23695341,0.18083344,0.31368052
2017-09-30,2017三季报,2017-3,2017三季度,per_capital_reserve,1.1975,,-0.00622407,,
2017-09-30,2017三季报,2017-3,2017三季度,index_full_diluted_roe,2.251,0.6819,-0.26228165,-0.26606393,-0.57771860
2017-09-30,2017三季报,2017-3,2017三季度,calculate_parent_holder_net_profit_yoy_growth_ratio,-25.55306,-57.22089600,-1.05623861,-7.10024785,-1.07202331
2017-09-30,2017三季报,2017-3,2017三季度,assets_debt_ratio,59.9099,,-0.02066241,,
2017-09-30,2017三季报,2017-3,2017三季度,index_deduct_holder_net_profit,400955277.5,112657994.8200,-0.01056314,-0.36206283,-0.46713337
2017-09-30,2017三季报,2017-3,2017三季度,index_weighted_avg_roe,2.29,0.7000,-0.33815029,-0.24731183,-0.56521739
2017-09-30,2017三季报,2017-3,2017三季度,pe_ttm,95.82,,,,
2017-09-30,2017三季报,2017-3,2017三季度,pb,2.72,,,,
2017-06-30,2017中报,2017-2,2017二季度,index_per_operating_cash_flow_net,0.3404,0.2021,-0.42664645,0.46131598,-0.02035870
2017-06-30,2017中报,2017-2,2017二季度,deduct_net_profit_yoy_growth_ratio,48.7471,31.9630,-0.80610794,-0.62913973,-0.87103170
2017-06-30,2017中报,2017-2,2017二季度,parent_holder_net_profit,212388787.21,124277289.9700,0.09439494,0.41045487,-0.07064092
2017-06-30,2017中报,2017-2,2017二季度,calc_per_net_assets,3.8815,,0.01700466,,
2017-06-30,2017中报,2017-2,2017二季度,inventory_turnover_ratio,1.3988,,-0.00660464,,
2017-06-30,2017中报,2017-2,2017二季度,conservative_quick_ratio,0.2582,,-0.20529394,,
2017-06-30,2017中报,2017-2,2017二季度,equity_ratio,1.8443,,0.0122393,,
2017-06-30,2017中报,2017-2,2017二季度,current_ratio,0.9251,,-0.09312812,,
2017-06-30,2017中报,2017-2,2017二季度,basic_eps,0.06,0.0360,0.0,0.41176471,-0.06976744
2017-06-30,2017中报,2017-2,2017二季度,business_cycle,130.5605,,0.00883344,,
2017-06-30,2017中报,2017-2,2017二季度,receive_accounts_turnover_days,1.8788,,0.18498896,,
2017-06-30,2017中报,2017-2,2017二季度,quick_ratio,0.2582,,-0.20529394,,
2017-06-30,2017中报,2017-2,2017二季度,sale_gross_margin,11.4579,11.9034,-0.03376538,0.08033000,0.07381981
2017-06-30,2017中报,2017-2,2017二季度,inventory_turnover_days,128.6817,,0.00664858,,
2017-06-30,2017中报,2017-2,2017二季度,calculate_operating_income_total_yoy_growth_ratio,19.599123,2.31554700,1.78930943,-0.94678721,1.11249675
2017-06-30,2017中报,2017-2,2017二季度,sale_net_interest_ratio,2.1084,2.5144,0.06109713,0.47221734,0.13522055
2017-06-30,2017中报,2017-2,2017二季度,per_undistributed_profits,1.4822,,0.04808372,,
2017-06-30,2017中报,2017-2,2017二季度,operating_income_total,15951341221.58,7921448577.3700,0.19599123,-0.01350505,0.02315547
2017-06-30,2017中报,2017-2,2017二季度,per_capital_reserve,1.1975,,-0.00622407,,
2017-06-30,2017中报,2017-2,2017二季度,index_full_diluted_roe,1.5855,0.9291,0.07608253,0.40283859,-0.19746048
2017-06-30,2017中报,2017-2,2017二季度,calculate_parent_holder_net_profit_yoy_growth_ratio,9.439494,-7.06409200,-0.96749025,-1.15353174,-1.02096113
2017-06-30,2017中报,2017-2,2017二季度,assets_debt_ratio,61.4975,,0.00296498,,
2017-06-30,2017中报,2017-2,2017二季度,index_deduct_holder_net_profit,288297282.68,176597319.7100,0.48747089,0.58099712,0.31962995
2017-06-30,2017中报,2017-2,2017二季度,index_weighted_avg_roe,1.59,0.9300,-0.14054054,0.40909091,-0.25000000
2017-06-30,2017中报,2017-2,2017二季度,pe_ttm,89.26,,,,
2017-06-30,2017中报,2017-2,2017二季度,pb,2.61,,,,
2017-03-31,2017一季报,2017-1,2017一季度,index_per_operating_cash_flow_net,0.1383,0.1383,-0.64300465,1.34241149,-0.64300465
2017-03-31,2017一季报,2017-1,2017一季度,deduct_net_profit_yoy_growth_ratio,86.1861,86.1861,-0.66808747,1.08424821,-0.66808747
2017-03-31,2017一季报,2017-1,2017一季度,parent_holder_net_profit,88111497.24,88111497.2400,0.46010629,2.90945767,0.46010629
2017-03-31,2017一季报,2017-1,2017一季度,calc_per_net_assets,3.8702,,0.1471338,,
2017-03-31,2017一季报,2017-1,2017一季度,inventory_turnover_ratio,0.7255,,0.17394822,,
2017-03-31,2017一季报,2017-1,2017一季度,conservative_quick_ratio,0.2358,,0.13365385,,
2017-03-31,2017一季报,2017-1,2017一季度,equity_ratio,1.9064,,-0.27798818,,
2017-03-31,2017一季报,2017-1,2017一季度,current_ratio,0.9868,,0.11001125,,
2017-03-31,2017一季报,2017-1,2017一季度,basic_eps,0.03,0.0255,0.5,2.90298507,0.24390244
2017-03-31,2017一季报,2017-1,2017一季度,business_cycle,125.9833,,-0.14621687,,
2017-03-31,2017一季报,2017-1,2017一季度,receive_accounts_turnover_days,1.9309,,0.00160805,,
2017-03-31,2017一季报,2017-1,2017一季度,quick_ratio,0.2358,,0.13365385,,
2017-03-31,2017一季报,2017-1,2017一季度,sale_gross_margin,11.0183,11.0183,-0.14773791,1.57400832,-0.14773791
2017-03-31,2017一季报,2017-1,2017一季度,inventory_turnover_days,124.0524,,-0.14817371,,
2017-03-31,2017一季报,2017-1,2017一季度,calculate_operating_income_total_yoy_growth_ratio,43.514855,43.51485500,2.44999216,-0.78270133,2.44999216
2017-03-31,2017一季报,2017-1,2017一季度,sale_net_interest_ratio,1.7079,1.7079,0.02171572,6.06494662,0.02171572
2017-03-31,2017一季报,2017-1,2017一季度,per_undistributed_profits,1.4812,,-0.08165416,,
2017-03-31,2017一季报,2017-1,2017一季度,operating_income_total,8029892644.21,8029892644.2100,0.43514855,-0.56525403,0.43514855
2017-03-31,2017一季报,2017-1,2017一季度,per_capital_reserve,1.1975,,1.24840406,,
2017-03-31,2017一季报,2017-1,2017一季度,index_full_diluted_roe,0.6597,0.6623,0.08556854,2.91195150,0.08662838
2017-03-31,2017一季报,2017-1,2017一季度,calculate_parent_holder_net_profit_yoy_growth_ratio,46.010629,46.01062900,-0.78667554,1.09922905,-0.78667554
2017-03-31,2017一季报,2017-1,2017一季度,assets_debt_ratio,62.236,,-0.09354928,,
2017-03-31,2017一季报,2017-1,2017一季度,index_deduct_holder_net_profit,111699962.97,111699962.9700,0.8618607,2.07180342,0.86186070
2017-03-31,2017一季报,2017-1,2017一季度,index_weighted_avg_roe,0.66,0.6600,0.08196721,2.53488372,0.08196721
2017-03-31,2017一季报,2017-1,2017一季度,pe_ttm,97.92,,,,
2017-03-31,2017一季报,2017-1,2017一季度,pb,3.02,,,,
2016-12-31,2016年报,2016-4,2016四季度,index_per_operating_cash_flow_net,0.2869,-0.4039,1.55980488,-5.15962925,0.15819091
2016-12-31,2016年报,2016-4,2016四季度,deduct_net_profit_yoy_growth_ratio,226.7447,-1023.0022,1.83095407,-2.41451762,-10.88458539
2016-12-31,2016年报,2016-4,2016四季度,parent_holder_net_profit,362369243.76,-46144776.3600,3.19514635,-1.21518292,-4.63681053
2016-12-31,2016年报,2016-4,2016四季度,calc_per_net_assets,3.84,,0.14493575,,
2016-12-31,2016年报,2016-4,2016四季度,inventory_turnover_ratio,4.0949,,-0.31377675,,
2016-12-31,2016年报,2016-4,2016四季度,conservative_quick_ratio,0.2569,,0.36867342,,
2016-12-31,2016年报,2016-4,2016四季度,equity_ratio,1.772,,-0.29721583,,
2016-12-31,2016年报,2016-4,2016四季度,current_ratio,1.0229,,0.22826609,,
2016-12-31,2016年报,2016-4,2016四季度,basic_eps,0.11,-0.0134,2.66666667,-1.21578100,-10.57142857
2016-12-31,2016年报,2016-4,2016四季度,business_cycle,89.3648,,0.45226441,,
2016-12-31,2016年报,2016-4,2016四季度,receive_accounts_turnover_days,1.4506,,0.20281924,,
2016-12-31,2016年报,2016-4,2016四季度,quick_ratio,0.2569,,0.36867342,,
2016-12-31,2016年报,2016-4,2016四季度,sale_gross_margin,8.5141,4.2806,0.24168356,-0.67648659,-0.66316502
2016-12-31,2016年报,2016-4,2016四季度,inventory_turnover_days,87.9142,,0.45725093,,
2016-12-31,2016年报,2016-4,2016四季度,calculate_operating_income_total_yoy_growth_ratio,5.030539,200.25366300,-0.51904828,5.35994810,5.37199838
2016-12-31,2016年报,2016-4,2016四季度,sale_net_interest_ratio,1.2235,-0.3372,2.0873076,-1.08776450,-0.23335772
2016-12-31,2016年报,2016-4,2016四季度,per_undistributed_profits,1.4556,,-0.08590806,,
2016-12-31,2016年报,2016-4,2016四季度,operating_income_total,38928034324.23,18470309463.6400,0.05030539,1.59400424,2.00253663
2016-12-31,2016年报,2016-4,2016四季度,per_capital_reserve,1.1975,,1.22666419,,
2016-12-31,2016年报,2016-4,2016四季度,index_full_diluted_roe,2.7343,-0.3464,2.12455719,-1.21451573,-9.16981132
2016-12-31,2016年报,2016-4,2016四季度,calculate_parent_holder_net_profit_yoy_growth_ratio,319.514635,-463.68105300,6.71927337,-1.58363025,-5.46611499
2016-12-31,2016年报,2016-4,2016四季度,assets_debt_ratio,60.5753,,-0.10459915,,
2016-12-31,2016年报,2016-4,2016四季度,index_deduct_holder_net_profit,301019001.04,-104216837.4300,2.26744697,-1.49294038,-10.23002209
2016-12-31,2016年报,2016-4,2016四季度,index_weighted_avg_roe,3.03,-0.4300,2.52325581,-1.26708075,-11.75000000
2016-12-31,2016年报,2016-4,2016四季度,pe_ttm,101.09,,,,
2016-12-31,2016年报,2016-4,2016四季度,pb,3.12,,,,
2016-09-30,2016三季报,2016-3,2016三季度,index_per_operating_cash_flow_net,0.6908,0.0971,22.12538226,-0.52932622,1.63858696
2016-09-30,2016三季报,2016-3,2016三季度,deduct_net_profit_yoy_growth_ratio,401.3087,723.2163,6.11868772,1.91812331,10.57091075
2016-09-30,2016三季报,2016-3,2016三季度,parent_holder_net_profit,408514020.12,214444420.2800,4.54368639,0.60363867,7.94477415
2016-09-30,2016三季报,2016-3,2016三季度,calc_per_net_assets,3.8793,,0.14241541,,
2016-09-30,2016三季报,2016-3,2016三季度,inventory_turnover_ratio,1.9916,,-0.66621975,,
2016-09-30,2016三季报,2016-3,2016三季度,conservative_quick_ratio,0.2689,,0.26899481,,
2016-09-30,2016三季报,2016-3,2016三季度,equity_ratio,1.8143,,-0.21045302,,
2016-09-30,2016三季报,2016-3,2016三季度,current_ratio,1.0391,,0.13674653,,
2016-09-30,2016三季报,2016-3,2016三季度,basic_eps,0.118,0.0621,2.93333333,0.60465116,5.02912621
2016-09-30,2016三季报,2016-3,2016三季度,business_cycle,136.7803,,1.94641619,,
2016-09-30,2016三季报,2016-3,2016三季度,receive_accounts_turnover_days,1.2109,,0.03301484,,
2016-09-30,2016三季报,2016-3,2016三季度,quick_ratio,0.2689,,0.26899481,,
2016-09-30,2016三季报,2016-3,2016三季度,sale_gross_margin,12.3363,13.2316,1.16711462,0.19363831,2.00295039
2016-09-30,2016三季报,2016-3,2016三季度,inventory_turnover_days,135.5694,,1.99598236,,
2016-09-30,2016三季报,2016-3,2016三季度,calculate_operating_income_total_yoy_growth_ratio,-33.819408,-45.93028600,-1.86226303,-1.23144156,-1.41795135
2016-09-30,2016三季报,2016-3,2016三季度,sale_net_interest_ratio,2.6327,3.8421,3.97111027,0.73466071,7.65922921
2016-09-30,2016三季报,2016-3,2016三季度,per_undistributed_profits,1.4764,,-0.09172562,,
2016-09-30,2016三季报,2016-3,2016三季度,operating_income_total,20457724860.59,7120385233.9200,-0.33819408,-0.08031201,-0.45930286
2016-09-30,2016三季报,2016-3,2016三季度,per_capital_reserve,1.205,,1.14489142,,
2016-09-30,2016三季报,2016-3,2016三季度,index_full_diluted_roe,3.0513,1.6148,2.71159226,0.39483459,4.29442623
2016-09-30,2016三季报,2016-3,2016三季度,calculate_parent_holder_net_profit_yoy_growth_ratio,454.368639,794.47741500,6.59204399,1.35743622,11.16454070
2016-09-30,2016三季报,2016-3,2016三季度,assets_debt_ratio,61.1739,,-0.06729615,,
2016-09-30,2016三季报,2016-3,2016三季度,index_deduct_holder_net_profit,405235838.47,211418746.3200,4.01308651,0.57983433,7.23216299
2016-09-30,2016三季报,2016-3,2016三季度,index_weighted_avg_roe,3.46,1.6100,3.2195122,0.29838710,4.36666667
2016-09-30,2016三季报,2016-3,2016三季度,pe_ttm,181.2,,,,
2016-09-30,2016三季报,2016-3,2016三季度,pb,3.15,,,,
2016-06-30,2016中报,2016-2,2016二季度,index_per_operating_cash_flow_net,0.5937,0.2063,9.54244604,-0.46747548,2.93345829
2016-06-30,2016中报,2016-2,2016二季度,deduct_net_profit_yoy_growth_ratio,251.4136,247.8361,4.16210509,-0.04555483,4.41679833
2016-06-30,2016中报,2016-2,2016二季度,parent_holder_net_profit,194069599.84,133723652.3600,2.90358861,1.21595083,3.37009081
2016-06-30,2016中报,2016-2,2016二季度,calc_per_net_assets,3.8166,,0.12627261,,
2016-06-30,2016中报,2016-2,2016二季度,inventory_turnover_ratio,1.4081,,-0.63259928,,
2016-06-30,2016中报,2016-2,2016二季度,conservative_quick_ratio,0.3249,,0.22975019,,
2016-06-30,2016中报,2016-2,2016二季度,equity_ratio,1.822,,-0.12112296,,
2016-06-30,2016中报,2016-2,2016二季度,current_ratio,1.0201,,0.17862507,,
2016-06-30,2016中报,2016-2,2016二季度,basic_eps,0.06,0.0387,2.0,0.88780488,2.36521739
2016-06-30,2016中报,2016-2,2016二季度,business_cycle,129.4173,,1.64863421,,
2016-06-30,2016中报,2016-2,2016二季度,receive_accounts_turnover_days,1.5855,,-0.16394221,,
2016-06-30,2016中报,2016-2,2016二季度,quick_ratio,0.3249,,0.22975019,,
2016-06-30,2016中报,2016-2,2016二季度,sale_gross_margin,11.8583,11.0851,0.7837663,-0.14257095,0.74365307
2016-06-30,2016中报,2016-2,2016二季度,inventory_turnover_days,127.8318,,1.72182347,,
2016-06-30,2016中报,2016-2,2016二季度,calculate_operating_income_total_yoy_growth_ratio,-24.830722,-20.58323500,-3.18079235,0.31413009,-1.94922123
2016-06-30,2016中报,2016-2,2016二季度,sale_net_interest_ratio,1.987,2.2149,2.34850017,0.32501795,2.42704626
2016-06-30,2016中报,2016-2,2016二季度,per_undistributed_profits,1.4142,,-0.12444279,,
2016-06-30,2016中报,2016-2,2016二季度,operating_income_total,13337339626.67,7742174846.1300,-0.24830722,0.38372598,-0.20583235
2016-06-30,2016中报,2016-2,2016二季度,per_capital_reserve,1.205,,1.13576746,,
2016-06-30,2016中报,2016-2,2016二季度,index_full_diluted_roe,1.4734,1.1577,1.84165863,0.89942576,2.41706021
2016-06-30,2016中报,2016-2,2016二季度,calculate_parent_holder_net_profit_yoy_growth_ratio,290.358861,337.00908100,4.52161278,0.56251464,5.21354349
2016-06-30,2016中报,2016-2,2016二季度,assets_debt_ratio,61.3157,,-0.03086988,,
2016-06-30,2016中报,2016-2,2016二季度,index_deduct_holder_net_profit,193817092.15,133823364.8600,2.51413594,1.23062262,2.47836069
2016-06-30,2016中报,2016-2,2016二季度,index_weighted_avg_roe,1.85,1.2400,2.55769231,1.03278689,2.64705882
2016-06-30,2016中报,2016-2,2016二季度,pe_ttm,301.22,,,,
2016-06-30,2016中报,2016-2,2016二季度,pb,3.91,,,,
2016-03-31,2016一季报,2016-1,2016一季度,index_per_operating_cash_flow_net,0.3874,0.3874,9.41397849,1.80741976,9.41397849
2016-03-31,2016一季报,2016-1,2016一季度,deduct_net_profit_yoy_growth_ratio,259.6651,259.6651,3.98202734,1.50897002,3.98202734
2016-03-31,2016一季报,2016-1,2016一季度,parent_holder_net_profit,60345947.48,60345947.4800,2.15683791,3.75604813,2.15683791
2016-03-31,2016一季报,2016-1,2016一季度,calc_per_net_assets,3.3738,,-0.00316147,,
2016-03-31,2016一季报,2016-1,2016一季度,inventory_turnover_ratio,0.618,,-0.68634218,,
2016-03-31,2016一季报,2016-1,2016一季度,conservative_quick_ratio,0.208,,-0.25978648,,
2016-03-31,2016一季报,2016-1,2016一季度,equity_ratio,2.6404,,0.42025711,,
2016-03-31,2016一季报,2016-1,2016一季度,current_ratio,0.889,,0.0072513,,
2016-03-31,2016一季报,2016-1,2016一季度,basic_eps,0.02,0.0205,1.0,13.64285714,2.36065574
2016-03-31,2016一季报,2016-1,2016一季度,business_cycle,147.5589,,2.11345107,,
2016-03-31,2016一季报,2016-1,2016一季度,receive_accounts_turnover_days,1.9278,,0.12362301,,
2016-03-31,2016一季报,2016-1,2016一季度,quick_ratio,0.208,,-0.25978648,,
2016-03-31,2016一季报,2016-1,2016一季度,sale_gross_margin,12.9283,12.9283,0.84631973,0.01731152,0.84631973
2016-03-31,2016一季报,2016-1,2016一季度,inventory_turnover_days,145.6311,,2.18819002,,
2016-03-31,2016一季报,2016-1,2016一季度,calculate_operating_income_total_yoy_growth_ratio,-30.010407,-30.01040700,-32.0686358,0.34480374,-32.06863580
2016-03-31,2016一季报,2016-1,2016一季度,sale_net_interest_ratio,1.6716,1.6716,2.15992439,7.11411851,2.15992439
2016-03-31,2016一季报,2016-1,2016一季度,per_undistributed_profits,1.6129,,-0.00049576,,
2016-03-31,2016一季报,2016-1,2016一季度,operating_income_total,5595164780.54,5595164780.5400,-0.30010407,-0.09044907,-0.30010407
2016-03-31,2016一季报,2016-1,2016一季度,per_capital_reserve,0.5326,,-0.05600851,,
2016-03-31,2016一季报,2016-1,2016一季度,index_full_diluted_roe,0.6077,0.6095,2.37423654,13.37500000,2.37860310
2016-03-31,2016一季报,2016-1,2016一季度,calculate_parent_holder_net_profit_yoy_growth_ratio,215.683791,215.68379100,3.52724744,1.07743794,3.52724744
2016-03-31,2016一季报,2016-1,2016一季度,assets_debt_ratio,68.659,,0.13530612,,
2016-03-31,2016一季报,2016-1,2016一季度,index_deduct_holder_net_profit,59993727.29,59993727.2900,2.59665088,4.31337778,2.59665088
2016-03-31,2016一季报,2016-1,2016一季度,index_weighted_avg_roe,0.61,0.6100,2.38888889,14.25000000,2.38888889
2016-03-31,2016一季报,2016-1,2016一季度,pe_ttm,-139.26,,,,
2016-03-31,2016一季报,2016-1,2016一季度,pb,3.16,,,,
2015-12-31,2015年报,2015-4,2015四季度,index_per_operating_cash_flow_net,-0.5125,-0.4798,-2.8582306,-14.03804348,-12.26291080
2015-12-31,2015年报,2015-4,2015四季度,deduct_net_profit_yoy_growth_ratio,80.0948,103.4947,1.91919932,2.36962972,7.71720732
2015-12-31,2015年报,2015-4,2015四季度,parent_holder_net_profit,86378212.64,12688254.1600,0.41391802,-0.47075532,1.03822014
2015-12-31,2015年报,2015-4,2015四季度,calc_per_net_assets,3.3539,,-0.00607515,,
2015-12-31,2015年报,2015-4,2015四季度,inventory_turnover_ratio,5.9673,,-0.30545759,,
2015-12-31,2015年报,2015-4,2015四季度,conservative_quick_ratio,0.1877,,-0.2685113,,
2015-12-31,2015年报,2015-4,2015四季度,equity_ratio,2.5214,,0.60568044,,
2015-12-31,2015年报,2015-4,2015四季度,current_ratio,0.8328,,-0.06824793,,
2015-12-31,2015年报,2015-4,2015四季度,basic_eps,0.03,0.0014,0.5,-0.86407767,1.01334604
2015-12-31,2015年报,2015-4,2015四季度,business_cycle,61.5348,,0.41164649,,
2015-12-31,2015年报,2015-4,2015四季度,receive_accounts_turnover_days,1.206,,-0.2863483,,
2015-12-31,2015年报,2015-4,2015四季度,quick_ratio,0.1877,,-0.2685113,,
2015-12-31,2015年报,2015-4,2015四季度,sale_gross_margin,6.8569,12.7083,-0.20700143,1.88418592,1.11399817
2015-12-31,2015年报,2015-4,2015四季度,inventory_turnover_days,60.3288,,0.43979724,,
2015-12-31,2015年报,2015-4,2015四季度,calculate_operating_income_total_yoy_growth_ratio,10.459551,-45.80369100,0.04127333,-1.41679938,-1.93610776
2015-12-31,2015年报,2015-4,2015四季度,sale_net_interest_ratio,0.3963,-0.2734,-0.54427323,-1.61618211,0.89328233
2015-12-31,2015年报,2015-4,2015四季度,per_undistributed_profits,1.5924,,-0.00945509,,
2015-12-31,2015年报,2015-4,2015四季度,operating_income_total,37063538450.52,6151568395.5600,0.10459551,-0.53287142,-0.45803691
2015-12-31,2015年报,2015-4,2015四季度,per_capital_reserve,0.5378,,-0.04679192,,
2015-12-31,2015年报,2015-4,2015四季度,index_full_diluted_roe,0.8751,0.0424,0.03049929,-0.86098361,1.01385621
2015-12-31,2015年报,2015-4,2015四季度,calculate_parent_holder_net_profit_yoy_growth_ratio,41.391802,103.82201400,1.48226454,2.32829841,4.58161732
2015-12-31,2015年报,2015-4,2015四季度,assets_debt_ratio,67.6516,,0.19903512,,
2015-12-31,2015年报,2015-4,2015四季度,index_deduct_holder_net_profit,92126667.75,11291071.2900,0.80094814,-0.56035148,1.03494653
2015-12-31,2015年报,2015-4,2015四季度,index_weighted_avg_roe,0.86,0.0400,0.01176471,-0.86666667,1.01315789
2015-12-31,2015年报,2015-4,2015四季度,pe_ttm,-129.0,,,,
2015-12-31,2015年报,2015-4,2015四季度,pb,2.92,,,,
2015-09-30,2015三季报,2015-3,2015三季度,index_per_operating_cash_flow_net,-0.0327,0.0368,-1.14022298,1.34489222,1.63778163
2015-09-30,2015三季报,2015-3,2015三季度,deduct_net_profit_yoy_growth_ratio,-78.4007,-75.5640,-0.75126262,-0.04176490,-13.97324932
2015-09-30,2015三季报,2015-3,2015三季度,parent_holder_net_profit,73689958.48,23974268.8500,-0.81252694,-0.21652056,-0.78161664
2015-09-30,2015三季报,2015-3,2015三季度,calc_per_net_assets,3.3957,,-0.02461653,,
2015-09-30,2015三季报,2015-3,2015三季度,inventory_turnover_ratio,5.9668,,0.02441369,,
2015-09-30,2015三季报,2015-3,2015三季度,conservative_quick_ratio,0.2119,,-0.42512208,,
2015-09-30,2015三季报,2015-3,2015三季度,equity_ratio,2.2979,,0.59753893,,
2015-09-30,2015三季报,2015-3,2015三季度,current_ratio,0.9141,,-0.08471012,,
2015-09-30,2015三季报,2015-3,2015三季度,basic_eps,0.03,0.0103,-0.76923077,-0.10434783,-0.72386059
2015-09-30,2015三季报,2015-3,2015三季度,business_cycle,46.4226,,-0.07223455,,
2015-09-30,2015三季报,2015-3,2015三季度,receive_accounts_turnover_days,1.1722,,-0.68163177,,
2015-09-30,2015三季报,2015-3,2015三季度,quick_ratio,0.2119,,-0.42512208,,
2015-09-30,2015三季报,2015-3,2015三季度,sale_gross_margin,5.6925,4.4062,-0.43038545,-0.30691792,-0.63830241
2015-09-30,2015三季报,2015-3,2015三季度,inventory_turnover_days,45.2504,,-0.02383125,,
2015-09-30,2015三季报,2015-3,2015三季度,calculate_operating_income_total_yoy_growth_ratio,39.221684,109.89385700,14.46186563,4.06789056,7.54255266
2015-09-30,2015三季报,2015-3,2015三季度,sale_net_interest_ratio,0.5296,0.4437,-0.79812457,-0.31347671,-0.84422287
2015-09-30,2015三季报,2015-3,2015三季度,per_undistributed_profits,1.6255,,-0.06116438,,
2015-09-30,2015三季报,2015-3,2015三季度,operating_income_total,30911970054.96,13168897489.4900,0.39221684,0.35082359,1.09893857
2015-09-30,2015三季报,2015-3,2015三季度,per_capital_reserve,0.5618,,-0.00425381,,
2015-09-30,2015三季报,2015-3,2015三季度,index_full_diluted_roe,0.8221,0.3050,-0.7856938,-0.09976387,-0.71677965
2015-09-30,2015三季报,2015-3,2015三季度,calculate_parent_holder_net_profit_yoy_growth_ratio,-81.252694,-78.16166400,-0.89379917,0.02276351,-92.27911124
2015-09-30,2015三季报,2015-3,2015三季度,assets_debt_ratio,65.5877,,0.20707634,,
2015-09-30,2015三季报,2015-3,2015三季度,index_deduct_holder_net_profit,80835596.46,25682040.8800,-0.78400654,-0.33246783,-0.75563969
2015-09-30,2015三季报,2015-3,2015三季度,index_weighted_avg_roe,0.82,0.3000,-0.78920308,-0.11764706,-0.71962617
2015-09-30,2015三季报,2015-3,2015三季度,pe_ttm,-175.11,,,,
2015-09-30,2015三季报,2015-3,2015三季度,pb,2.59,,,,
2015-06-30,2015中报,2015-2,2015二季度,index_per_operating_cash_flow_net,-0.0695,-0.1067,-1.23891372,-3.86827957,-1.93269231
2015-06-30,2015中报,2015-2,2015二季度,deduct_net_profit_yoy_growth_ratio,-79.5083,-72.5346,-0.5137691,0.16700334,-1.70841486
2015-06-30,2015中报,2015-2,2015二季度,parent_holder_net_profit,49715689.63,30599742.2300,-0.82450536,0.60074422,-0.79982343
2015-06-30,2015中报,2015-2,2015二季度,calc_per_net_assets,3.3887,,-0.01654236,,
2015-06-30,2015中报,2015-2,2015二季度,inventory_turnover_ratio,3.8326,,-0.14519582,,
2015-06-30,2015中报,2015-2,2015二季度,conservative_quick_ratio,0.2642,,-0.28825431,,
2015-06-30,2015中报,2015-2,2015二季度,equity_ratio,2.0731,,0.54191149,,
2015-06-30,2015中报,2015-2,2015二季度,current_ratio,0.8655,,-0.09683815,,
2015-06-30,2015中报,2015-2,2015二季度,basic_eps,0.02,0.0115,-0.8,0.88524590,-0.77842004
2015-06-30,2015中报,2015-2,2015二季度,business_cycle,48.8619,,0.16000902,,
2015-06-30,2015中报,2015-2,2015二季度,receive_accounts_turnover_days,1.8964,,-0.04013767,,
2015-06-30,2015中报,2015-2,2015二季度,quick_ratio,0.2642,,-0.28825431,,
2015-06-30,2015中报,2015-2,2015二季度,sale_gross_margin,6.6479,6.3574,-0.27199755,-0.09208534,-0.38236294
2015-06-30,2015中报,2015-2,2015二季度,inventory_turnover_days,46.9655,,0.16985874,,
2015-06-30,2015中报,2015-2,2015二季度,calculate_operating_income_total_yoy_growth_ratio,11.386101,21.68433900,1.90766175,21.44897349,5.31862672
2015-06-30,2015中报,2015-2,2015二季度,sale_net_interest_ratio,0.5934,0.6463,-0.76589869,0.22173913,-0.76998363
2015-06-30,2015中报,2015-2,2015二季度,per_undistributed_profits,1.6152,,-0.0465734,,
2015-06-30,2015中报,2015-2,2015二季度,operating_income_total,17743072565.47,9748791485.9200,0.11386101,0.21947069,0.21684339
2015-06-30,2015中报,2015-2,2015二季度,per_capital_reserve,0.5642,,0.0,,
2015-06-30,2015中报,2015-2,2015二季度,index_full_diluted_roe,0.5185,0.3388,-0.81437726,0.87804878,-0.77555482
2015-06-30,2015中报,2015-2,2015二季度,calculate_parent_holder_net_profit_yoy_growth_ratio,-82.450536,-79.98234300,-0.61278925,0.06281705,-2.74810506
2015-06-30,2015中报,2015-2,2015二季度,assets_debt_ratio,63.2688,,0.18661113,,
2015-06-30,2015中报,2015-2,2015二季度,index_deduct_holder_net_profit,55153555.58,38473113.3300,-0.79508333,1.30648041,-0.72534553
2015-06-30,2015中报,2015-2,2015二季度,index_weighted_avg_roe,0.52,0.3400,-0.81560284,0.88888889,-0.77631579
2015-06-30,2015中报,2015-2,2015二季度,pe_ttm,-1615.99,,,,
2015-06-30,2015中报,2015-2,2015二季度,pb,4.56,,,,
2015-03-31,2015一季报,2015-1,2015一季度,index_per_operating_cash_flow_net,0.0372,0.0372,-0.78923513,-0.12676056,-0.78923513
2015-03-31,2015一季报,2015-1,2015一季度,deduct_net_profit_yoy_growth_ratio,-87.0767,-87.0767,-0.3266728,-4.65161546,-0.32667280
2015-03-31,2015一季报,2015-1,2015一季度,parent_holder_net_profit,19115947.4,19115947.4000,-0.85343361,1.05758193,-0.85343361
2015-03-31,2015一季报,2015-1,2015一季度,calc_per_net_assets,3.3845,,-0.01490235,,
2015-03-31,2015一季报,2015-1,2015一季度,inventory_turnover_ratio,1.9703,,-0.11111612,,
2015-03-31,2015一季报,2015-1,2015一季度,conservative_quick_ratio,0.281,,-0.23806941,,
2015-03-31,2015一季报,2015-1,2015一季度,equity_ratio,1.8591,,0.4462077,,
2015-03-31,2015一季报,2015-1,2015一季度,current_ratio,0.8826,,-0.07928229,,
2015-03-31,2015一季报,2015-1,2015一季度,basic_eps,0.01,0.0061,-0.75,1.05815062,-0.86230248
2015-03-31,2015一季报,2015-1,2015一季度,business_cycle,47.394,,0.13493554,,
2015-03-31,2015一季报,2015-1,2015一季度,receive_accounts_turnover_days,1.7157,,0.48352789,,
2015-03-31,2015一季报,2015-1,2015一季度,quick_ratio,0.281,,-0.23806941,,
2015-03-31,2015一季报,2015-1,2015一季度,sale_gross_margin,7.0022,7.0022,-0.11995073,0.16480080,-0.11995073
2015-03-31,2015一季报,2015-1,2015一季度,inventory_turnover_days,45.6783,,0.12500647,,
2015-03-31,2015一季报,2015-1,2015一季度,calculate_operating_income_total_yoy_growth_ratio,0.965939,0.96593900,-0.7809833,-0.98025873,-0.78098330
2015-03-31,2015一季报,2015-1,2015一季度,sale_net_interest_ratio,0.529,0.5290,-0.76556614,1.20648737,-0.76556614
2015-03-31,2015一季报,2015-1,2015一季度,per_undistributed_profits,1.6137,,-0.04293933,,
2015-03-31,2015一季报,2015-1,2015一季度,operating_income_total,7994281079.55,7994281079.5500,0.00965939,-0.29569095,0.00965939
2015-03-31,2015一季报,2015-1,2015一季度,per_capital_reserve,0.5642,,0.0,,
2015-03-31,2015一季报,2015-1,2015一季度,index_full_diluted_roe,0.1801,0.1804,-0.86036595,1.05895425,-0.86108116
2015-03-31,2015一季报,2015-1,2015一季度,calculate_parent_holder_net_profit_yoy_growth_ratio,-85.343361,-85.34336100,-0.29022061,-1.94414690,-0.29022061
2015-03-31,2015一季报,2015-1,2015一季度,assets_debt_ratio,60.4762,,0.16121067,,
2015-03-31,2015一季报,2015-1,2015一季度,index_deduct_holder_net_profit,16680442.25,16680442.2500,-0.87076729,1.05162694,-0.87076729
2015-03-31,2015一季报,2015-1,2015一季度,index_weighted_avg_roe,0.18,0.1800,-0.86153846,1.05921053,-0.86153846
2015-03-31,2015一季报,2015-1,2015一季度,pe_ttm,266.78,,,,
2015-03-31,2015一季报,2015-1,2015一季度,pb,3.53,,,,
2014-12-31,2014年报,2014-4,2014四季度,index_per_operating_cash_flow_net,0.2758,0.0426,-0.00144823,1.73830156,-0.74673008
2014-12-31,2014年报,2014-4,2014四季度,deduct_net_profit_yoy_growth_ratio,-87.1354,-15.4074,-0.17826332,-2.05302580,0.91503139
2014-12-31,2014年报,2014-4,2014四季度,parent_holder_net_profit,61091386.64,-331978206.7700,-0.85828002,-4.02401366,-0.28987467
2014-12-31,2014年报,2014-4,2014四季度,calc_per_net_assets,3.3744,,-0.00433743,,
2014-12-31,2014年报,2014-4,2014四季度,inventory_turnover_ratio,8.5917,,0.09690145,,
2014-12-31,2014年报,2014-4,2014四季度,conservative_quick_ratio,0.2566,,0.01583531,,
2014-12-31,2014年报,2014-4,2014四季度,equity_ratio,1.5703,,0.34431984,,
2014-12-31,2014年报,2014-4,2014四季度,current_ratio,0.8938,,0.04464703,,
2014-12-31,2014年报,2014-4,2014四季度,basic_eps,0.02,-0.1049,-0.86666667,-3.81233244,-0.20022883
2014-12-31,2014年报,2014-4,2014四季度,business_cycle,43.5908,,-0.10451269,,
2014-12-31,2014年报,2014-4,2014四季度,receive_accounts_turnover_days,1.6899,,-0.37805013,,
2014-12-31,2014年报,2014-4,2014四季度,quick_ratio,0.2566,,0.01583531,,
2014-12-31,2014年报,2014-4,2014四季度,sale_gross_margin,8.6468,6.0115,-0.10010719,-0.50652602,0.44921771
2014-12-31,2014年报,2014-4,2014四季度,inventory_turnover_days,41.9009,,-0.08834191,,
2014-12-31,2014年报,2014-4,2014四季度,calculate_operating_income_total_yoy_growth_ratio,10.044962,48.92993400,1.65124949,3.91305337,4.16545984
2014-12-31,2014年报,2014-4,2014四季度,sale_net_interest_ratio,0.8696,-2.5619,-0.60922123,-1.89944879,0.27693263
2014-12-31,2014年报,2014-4,2014四季度,per_undistributed_profits,1.6076,,-0.0208308,,
2014-12-31,2014年报,2014-4,2014四季度,operating_income_total,33553946460.87,11350530109.1200,0.10044962,0.80911617,0.48929934
2014-12-31,2014年报,2014-4,2014四季度,per_capital_reserve,0.5642,,0.0,,
2014-12-31,2014年报,2014-4,2014四季度,index_full_diluted_roe,0.8492,-3.0600,-0.80349416,-3.84148946,-0.20349249
2014-12-31,2014年报,2014-4,2014四季度,calculate_parent_holder_net_profit_yoy_growth_ratio,-85.828002,-28.98746700,-0.18674977,-34.85227603,0.82722976
2014-12-31,2014年报,2014-4,2014四季度,assets_debt_ratio,56.4217,,0.134255,,
2014-12-31,2014年报,2014-4,2014四季度,index_deduct_holder_net_profit,51154536.62,-323095675.2000,-0.87135375,-4.07420111,-0.15407434
2014-12-31,2014年报,2014-4,2014四季度,index_weighted_avg_roe,0.85,-3.0400,-0.80369515,-3.84112150,-0.32751092
2014-12-31,2014年报,2014-4,2014四季度,pe_ttm,229.91,,,,
2014-12-31,2014年报,2014-4,2014四季度,pb,3.04,,,,
2014-09-30,2014三季报,2014-3,2014三季度,index_per_operating_cash_flow_net,0.2332,-0.0577,1.15925926,-1.50437063,-1.92893401
2014-09-30,2014三季报,2014-3,2014三季度,deduct_net_profit_yoy_growth_ratio,-44.7681,-5.0466,-0.04866411,0.81156184,0.92858811
2014-09-30,2014三季报,2014-3,2014三季度,parent_holder_net_profit,393069593.41,109780657.0400,-0.42904599,-0.28183985,0.00856293
2014-09-30,2014三季报,2014-3,2014三季度,calc_per_net_assets,3.4814,,-0.00226406,,
2014-09-30,2014三季报,2014-3,2014三季度,inventory_turnover_ratio,5.8246,,0.08552472,,
2014-09-30,2014三季报,2014-3,2014三季度,conservative_quick_ratio,0.3686,,0.07057798,,
2014-09-30,2014三季报,2014-3,2014三季度,equity_ratio,1.4384,,0.28474455,,
2014-09-30,2014三季报,2014-3,2014三季度,current_ratio,0.9987,,-0.05729658,,
2014-09-30,2014三季报,2014-3,2014三季度,basic_eps,0.13,0.0373,-0.43478261,-0.28131021,0.00810811
2014-09-30,2014三季报,2014-3,2014三季度,business_cycle,50.037,,-0.07816196,,
2014-09-30,2014三季报,2014-3,2014三季度,receive_accounts_turnover_days,3.6819,,-0.07022727,,
2014-09-30,2014三季报,2014-3,2014三季度,quick_ratio,0.3686,,0.07057798,,
2014-09-30,2014三季报,2014-3,2014三季度,sale_gross_margin,9.9936,12.1820,-0.12554688,0.18351128,0.34774528
2014-09-30,2014三季报,2014-3,2014三季度,inventory_turnover_days,46.3551,,-0.0787864,,
2014-09-30,2014三季报,2014-3,2014三季度,calculate_operating_income_total_yoy_growth_ratio,-2.91354,-16.79678600,0.81096904,-5.89443653,0.44208885
2014-09-30,2014三季报,2014-3,2014三季度,sale_net_interest_ratio,2.6234,2.8483,-0.36748963,0.01370204,0.38482108
2014-09-30,2014三季报,2014-3,2014三季度,per_undistributed_profits,1.7314,,-0.01931464,,
2014-09-30,2014三季报,2014-3,2014三季度,operating_income_total,22203416351.75,6274074764.8000,-0.0291354,-0.21687048,-0.16796786
2014-09-30,2014三季报,2014-3,2014三季度,per_capital_reserve,0.5642,,-0.0182704,,
2014-09-30,2014三季报,2014-3,2014三季度,index_full_diluted_roe,3.8361,1.0769,-0.4277467,-0.28658496,0.01060435
2014-09-30,2014三季报,2014-3,2014三季度,calculate_parent_holder_net_profit_yoy_growth_ratio,-42.904599,0.85629300,-0.03272919,1.04012731,1.01237546
2014-09-30,2014三季报,2014-3,2014三季度,assets_debt_ratio,54.336,,0.11753721,,
2014-09-30,2014三季报,2014-3,2014三季度,index_deduct_holder_net_profit,374250211.82,105099069.2600,-0.44768115,-0.24971163,-0.02263660
2014-09-30,2014三季报,2014-3,2014三季度,index_weighted_avg_roe,3.89,1.0700,-0.41238671,-0.29605263,0.10309278
2014-09-30,2014三季报,2014-3,2014三季度,pe_ttm,187.17,,,,
2014-09-30,2014三季报,2014-3,2014三季度,pb,2.49,,,,
2014-06-30,2014中报,2014-2,2014二季度,index_per_operating_cash_flow_net,0.2909,0.1144,1.2779953,-0.35184136,13.85714286
2014-06-30,2014中报,2014-2,2014二季度,deduct_net_profit_yoy_growth_ratio,-52.5234,-26.7812,-0.7440306,0.59197019,0.48358160
2014-06-30,2014中报,2014-2,2014二季度,parent_holder_net_profit,283288936.37,152863755.5400,-0.51122945,0.17204174,-0.21339408
2014-06-30,2014中报,2014-2,2014二季度,calc_per_net_assets,3.4457,,-0.00176719,,
2014-06-30,2014中报,2014-2,2014二季度,inventory_turnover_ratio,4.4836,,0.16885216,,
2014-06-30,2014中报,2014-2,2014二季度,conservative_quick_ratio,0.3712,,-0.0685069,,
2014-06-30,2014中报,2014-2,2014二季度,equity_ratio,1.3445,,0.27549568,,
2014-06-30,2014中报,2014-2,2014二季度,current_ratio,0.9583,,-0.15523625,,
2014-06-30,2014中报,2014-2,2014二季度,basic_eps,0.1,0.0519,-0.5,0.17155756,-0.21363636
2014-06-30,2014中报,2014-2,2014二季度,business_cycle,42.122,,-0.17774472,,
2014-06-30,2014中报,2014-2,2014二季度,receive_accounts_turnover_days,1.9757,,-0.54078051,,
2014-06-30,2014中报,2014-2,2014二季度,quick_ratio,0.3712,,-0.0685069,,
2014-06-30,2014中报,2014-2,2014二季度,sale_gross_margin,9.1317,10.2931,-0.27548616,0.29365558,-0.08368942
2014-06-30,2014中报,2014-2,2014二季度,inventory_turnover_days,40.1463,,-0.14446,,
2014-06-30,2014中报,2014-2,2014二季度,calculate_operating_income_total_yoy_growth_ratio,3.915896,3.43181200,1.69228263,-0.22187204,1.16312405
2014-06-30,2014中报,2014-2,2014二季度,sale_net_interest_ratio,2.5348,2.8098,-0.51027821,0.24520275,-0.25487284
2014-06-30,2014中报,2014-2,2014二季度,per_undistributed_profits,1.6941,,-0.01995835,,
2014-06-30,2014中报,2014-2,2014二季度,operating_income_total,15929341586.95,8011541625.9800,0.03915896,0.01183936,0.03431812
2014-06-30,2014中报,2014-2,2014二季度,per_capital_reserve,0.5642,,-0.0182704,,
2014-06-30,2014中报,2014-2,2014二季度,index_full_diluted_roe,2.7933,1.5095,-0.51036828,0.16240567,-0.20022253
2014-06-30,2014中报,2014-2,2014二季度,calculate_parent_holder_net_profit_yoy_growth_ratio,-51.122945,-21.33940800,-0.72156708,0.67739091,0.59634945
2014-06-30,2014中报,2014-2,2014二季度,assets_debt_ratio,53.3189,,0.13020521,,
2014-06-30,2014中报,2014-2,2014二季度,index_deduct_holder_net_profit,269151142.56,140078233.6900,-0.52785874,0.08526441,-0.27967804
2014-06-30,2014中报,2014-2,2014二季度,index_weighted_avg_roe,2.82,1.5200,-0.50088496,0.16923077,-0.19576720
2014-06-30,2014中报,2014-2,2014二季度,pe_ttm,126.76,,,,
2014-06-30,2014中报,2014-2,2014二季度,pb,2.21,,,,
2014-03-31,2014一季报,2014-1,2014一季度,index_per_operating_cash_flow_net,0.1765,0.1765,0.47083333,0.04934602,0.47083333
2014-03-31,2014一季报,2014-1,2014一季度,deduct_net_profit_yoy_growth_ratio,-65.6354,-65.6354,-6.47070808,0.63803442,-6.47070808
2014-03-31,2014一季报,2014-1,2014一季度,parent_holder_net_profit,130425180.83,130425180.8300,-0.66146332,1.50675657,-0.66146332
2014-03-31,2014一季报,2014-1,2014一季度,calc_per_net_assets,3.4357,,-0.02946328,,
2014-03-31,2014一季报,2014-1,2014一季度,inventory_turnover_ratio,2.2166,,0.22234477,,
2014-03-31,2014一季报,2014-1,2014一季度,conservative_quick_ratio,0.3688,,-0.23927393,,
2014-03-31,2014一季报,2014-1,2014一季度,equity_ratio,1.2855,,0.41325858,,
2014-03-31,2014一季报,2014-1,2014一季度,current_ratio,0.9586,,-0.29695636,,
2014-03-31,2014一季报,2014-1,2014一季度,basic_eps,0.04,0.0443,-0.69230769,1.50686499,-0.66157372
2014-03-31,2014一季报,2014-1,2014一季度,business_cycle,41.7592,,-0.22394517,,
2014-03-31,2014一季报,2014-1,2014一季度,receive_accounts_turnover_days,1.1565,,-0.72326577,,
2014-03-31,2014一季报,2014-1,2014一季度,quick_ratio,0.3688,,-0.23927393,,
2014-03-31,2014一季报,2014-1,2014一季度,sale_gross_margin,7.9566,7.9566,-0.43183376,0.91813119,-0.43183376
2014-03-31,2014一季报,2014-1,2014一季度,inventory_turnover_days,40.6027,,-0.18190024,,
2014-03-31,2014一季报,2014-1,2014一季度,calculate_operating_income_total_yoy_growth_ratio,4.410344,4.41034400,-0.75191345,1.28532159,-0.75191345
2014-03-31,2014一季报,2014-1,2014一季度,sale_net_interest_ratio,2.2565,2.2565,-0.65868526,1.63687167,-0.65868526
2014-03-31,2014一季报,2014-1,2014一季度,per_undistributed_profits,1.6861,,-0.07484225,,
2014-03-31,2014一季报,2014-1,2014一季度,operating_income_total,7917799960.97,7917799960.9700,0.04410344,0.03889194,0.04410344
2014-03-31,2014一季报,2014-1,2014一季度,per_capital_reserve,0.5642,,-0.0182704,,
2014-03-31,2014一季报,2014-1,2014一季度,index_full_diluted_roe,1.2898,1.2986,-0.65072574,1.51073704,-0.65476539
2014-03-31,2014一季报,2014-1,2014一季度,calculate_parent_holder_net_profit_yoy_growth_ratio,-66.146332,-66.14633200,-9.15401213,0.60575659,-9.15401213
2014-03-31,2014一季报,2014-1,2014一季度,assets_debt_ratio,52.0803,,0.20809895,,
2014-03-31,2014一季报,2014-1,2014一季度,index_deduct_holder_net_profit,129072908.87,129072908.8700,-0.65635423,1.46103908,-0.65635423
2014-03-31,2014一季报,2014-1,2014一季度,index_weighted_avg_roe,1.3,1.3000,-0.65425532,1.56768559,-0.65425532
2014-03-31,2014一季报,2014-1,2014一季度,pe_ttm,22.4,,,,
2014-03-31,2014一季报,2014-1,2014一季度,pb,2.33,,,,
2013-12-31,2013年报,2013-4,2013四季度,index_per_operating_cash_flow_net,0.2762,0.1682,-0.66766935,9.53807107,-0.60056994
2013-12-31,2013年报,2013-4,2013四季度,deduct_net_profit_yoy_growth_ratio,-73.9524,-181.3305,-10.8216027,-1.56591655,-9.58312349
2013-12-31,2013年报,2013-4,2013四季度,parent_holder_net_profit,431071078.4,-257372452.9500,-0.72321903,-3.36449956,-1.67780437
2013-12-31,2013年报,2013-4,2013四季度,calc_per_net_assets,3.3891,,-0.00761325,,
2013-12-31,2013年报,2013-4,2013四季度,inventory_turnover_ratio,7.8327,,-0.14933154,,
2013-12-31,2013年报,2013-4,2013四季度,conservative_quick_ratio,0.2526,,-0.43489933,,
2013-12-31,2013年报,2013-4,2013四季度,equity_ratio,1.1681,,0.24226311,,
2013-12-31,2013年报,2013-4,2013四季度,current_ratio,0.8556,,-0.29042959,,
2013-12-31,2013年报,2013-4,2013四季度,basic_eps,0.15,-0.0874,-0.71698113,-3.36216216,-1.67751938
2013-12-31,2013年报,2013-4,2013四季度,business_cycle,48.6783,,0.16289176,,
2013-12-31,2013年报,2013-4,2013四季度,receive_accounts_turnover_days,2.7171,,-0.01625634,,
2013-12-31,2013年报,2013-4,2013四季度,quick_ratio,0.2526,,-0.43489933,,
2013-12-31,2013年报,2013-4,2013四季度,sale_gross_margin,9.6087,4.1481,-0.26853833,-0.54107846,-0.70523990
2013-12-31,2013年报,2013-4,2013四季度,inventory_turnover_days,45.9612,,0.17554741,,
2013-12-31,2013年报,2013-4,2013四季度,calculate_operating_income_total_yoy_growth_ratio,-15.424138,-15.45744900,-2.80188381,0.48657540,0.18710029
2013-12-31,2013年报,2013-4,2013四季度,sale_net_interest_ratio,2.2253,-3.5431,-0.6156583,-2.72262738,-1.61437489
2013-12-31,2013年报,2013-4,2013四季度,per_undistributed_profits,1.6418,,-0.02943958,,
2013-12-31,2013年报,2013-4,2013四季度,operating_income_total,30491124501.49,7621389360.4400,-0.15424138,0.01070534,-0.15457449
2013-12-31,2013年报,2013-4,2013四季度,per_capital_reserve,0.5642,,-0.0182704,,
2013-12-31,2013年报,2013-4,2013四季度,index_full_diluted_roe,4.3215,-2.5426,-0.72110178,-3.38607357,-1.65365829
2013-12-31,2013年报,2013-4,2013四季度,calculate_parent_holder_net_profit_yoy_growth_ratio,-72.321903,-167.78043700,-3.60936547,-1.42482414,-26.69160841
2013-12-31,2013年报,2013-4,2013四季度,assets_debt_ratio,49.7434,,0.13135205,,
2013-12-31,2013年报,2013-4,2013四季度,index_deduct_holder_net_profit,397637229.8,-279960886.6700,-0.73952367,-3.60348188,-1.81330947
2013-12-31,2013年报,2013-4,2013四季度,index_weighted_avg_roe,4.33,-2.2900,-0.74071856,-3.36082474,-1.58418367
2013-12-31,2013年报,2013-4,2013四季度,pe_ttm,22.76,,,,
2013-12-31,2013年报,2013-4,2013四季度,pb,2.37,,,,
2013-09-30,2013三季报,2013-3,2013三季度,index_per_operating_cash_flow_net,0.108,-0.0197,-0.73658537,-3.55844156,-1.39400000
2013-09-30,2013三季报,2013-3,2013三季度,deduct_net_profit_yoy_growth_ratio,-42.6906,-70.6689,-2.54443559,-0.36269922,-1.04797026
2013-09-30,2013三季报,2013-3,2013三季度,parent_holder_net_profit,688443531.35,108848594.0400,-0.41544869,-0.43988719,-0.69192827
2013-09-30,2013三季报,2013-3,2013三季度,calc_per_net_assets,3.4893,,0.08363354,,
2013-09-30,2013三季报,2013-3,2013三季度,inventory_turnover_ratio,5.3657,,-0.23846492,,
2013-09-30,2013三季报,2013-3,2013三季度,conservative_quick_ratio,0.3443,,-0.19930233,,
2013-09-30,2013三季报,2013-3,2013三季度,equity_ratio,1.1196,,0.08299478,,
2013-09-30,2013三季报,2013-3,2013三季度,current_ratio,1.0594,,-0.07314086,,
2013-09-30,2013三季报,2013-3,2013三季度,basic_eps,0.23,0.0370,-0.425,-0.43939394,-0.69166667
2013-09-30,2013三季报,2013-3,2013三季度,business_cycle,54.2796,,0.28672821,,
2013-09-30,2013三季报,2013-3,2013三季度,receive_accounts_turnover_days,3.96,,0.02484472,,
2013-09-30,2013三季报,2013-3,2013三季度,quick_ratio,0.3443,,-0.19930233,,
2013-09-30,2013三季报,2013-3,2013三季度,sale_gross_margin,11.4284,9.0388,-0.1088272,-0.19534950,-0.16706138
2013-09-30,2013三季报,2013-3,2013三季度,inventory_turnover_days,50.3196,,0.31313511,,
2013-09-30,2013三季报,2013-3,2013三季度,calculate_operating_income_total_yoy_growth_ratio,-15.413031,-30.10656100,-1.68613767,-0.43105283,-2.90277829
2013-09-30,2013三季报,2013-3,2013三季度,sale_net_interest_ratio,4.1476,2.0568,-0.28460052,-0.45455992,-0.53091432
2013-09-30,2013三季报,2013-3,2013三季度,per_undistributed_profits,1.7655,,0.11388013,,
2013-09-30,2013三季报,2013-3,2013三季度,operating_income_total,22869735141.05,7540663971.4200,-0.15413031,-0.02647383,-0.30106561
2013-09-30,2013三季报,2013-3,2013三季度,per_capital_reserve,0.5747,,0.09529255,,
2013-09-30,2013三季报,2013-3,2013三季度,index_full_diluted_roe,6.7035,1.0656,-0.46085607,-0.43541380,-0.71714490
2013-09-30,2013三季报,2013-3,2013三季度,calculate_parent_holder_net_profit_yoy_growth_ratio,-41.544869,-69.19282700,-1.25935602,-0.30883308,-0.71445317
2013-09-30,2013三季报,2013-3,2013三季度,assets_debt_ratio,48.6212,,0.05072849,,
2013-09-30,2013三季报,2013-3,2013三季度,index_deduct_holder_net_profit,677598116.47,107533257.1200,-0.42690705,-0.44703353,-0.70669103
2013-09-30,2013三季报,2013-3,2013三季度,index_weighted_avg_roe,6.62,0.9700,-0.48200313,-0.48677249,-0.72521246
2013-09-30,2013三季报,2013-3,2013三季度,pe_ttm,21.97,,,,
2013-09-30,2013三季报,2013-3,2013三季度,pb,2.84,,,,
2013-06-30,2013中报,2013-2,2013二季度,index_per_operating_cash_flow_net,0.1277,0.0077,-0.64527778,-0.93583333,-0.94076923
2013-06-30,2013中报,2013-2,2013二季度,deduct_net_profit_yoy_growth_ratio,-30.1161,-51.8595,-8.55888259,-4.90271691,-2.22220772
2013-06-30,2013中报,2013-2,2013二季度,parent_holder_net_profit,579594937.31,194333340.5900,-0.29695587,-0.49558082,-0.52866044
2013-06-30,2013中报,2013-2,2013二季度,calc_per_net_assets,3.4518,,-0.27023256,,
2013-06-30,2013中报,2013-2,2013二季度,inventory_turnover_ratio,3.8359,,-0.063661,,
2013-06-30,2013中报,2013-2,2013二季度,conservative_quick_ratio,0.3985,,-0.21770711,,
2013-06-30,2013中报,2013-2,2013二季度,equity_ratio,1.0541,,-0.04537222,,
2013-06-30,2013中报,2013-2,2013二季度,current_ratio,1.1344,,0.02069462,,
2013-06-30,2013中报,2013-2,2013二季度,basic_eps,0.2,0.0660,-0.28571429,-0.49579832,-0.68586387
2013-06-30,2013中报,2013-2,2013二季度,business_cycle,51.2274,,0.05170729,,
2013-06-30,2013中报,2013-2,2013二季度,receive_accounts_turnover_days,4.3023,,-0.09823936,,
2013-06-30,2013中报,2013-2,2013二季度,quick_ratio,0.3985,,-0.21770711,,
2013-06-30,2013中报,2013-2,2013二季度,sale_gross_margin,12.6039,11.2332,-0.10823145,-0.19785775,-0.09408947
2013-06-30,2013中报,2013-2,2013二季度,inventory_turnover_days,46.9251,,0.06798929,,
2013-06-30,2013中报,2013-2,2013二季度,calculate_operating_income_total_yoy_growth_ratio,-5.656499,-21.03805000,-1.20711798,-2.18341273,-2.40912206
2013-06-30,2013中报,2013-2,2013二季度,sale_net_interest_ratio,5.176,3.7709,-0.23156863,-0.42961943,-0.33293826
2013-06-30,2013中报,2013-2,2013二季度,per_undistributed_profits,1.7286,,-0.23087875,,
2013-06-30,2013中报,2013-2,2013二季度,operating_income_total,15329071169.63,7745722941.7400,-0.05656499,0.02141201,-0.21038050
2013-06-30,2013中报,2013-2,2013二季度,per_capital_reserve,0.5747,,-0.56481902,,
2013-06-30,2013中报,2013-2,2013二季度,index_full_diluted_roe,5.7049,1.8874,-0.35746224,-0.49823209,-0.58553296
2013-06-30,2013中报,2013-2,2013二季度,calculate_parent_holder_net_profit_yoy_growth_ratio,-29.695587,-52.86604400,-8.6179042,-7.11537747,-1.55055251
2013-06-30,2013中报,2013-2,2013二季度,assets_debt_ratio,47.1763,,-0.02393391,,
2013-06-30,2013中报,2013-2,2013二季度,index_deduct_holder_net_profit,570064859.35,194466144.1400,-0.30116142,-0.48225024,-0.51859519
2013-06-30,2013中报,2013-2,2013二季度,index_weighted_avg_roe,5.65,1.8900,-0.38918919,-0.49734043,-0.58093126
2013-06-30,2013中报,2013-2,2013二季度,pe_ttm,20.27,,,,
2013-06-30,2013中报,2013-2,2013二季度,pb,2.97,,,,
