report_date,report_name,report_period,quarter_name,metric_name,value,single,yoy,mom,single_yoy
2026-03-31,2026一季报,2026-1,2026一季度,index_per_operating_cash_flow_net,0.3320,0.3320,-0.09066009,0.03073580,-0.09066009
2026-03-31,2026一季报,2026-1,2026一季度,deduct_net_profit_yoy_growth_ratio,6.3815,6.3815,-0.94957763,1.20412896,-0.94957763
2026-03-31,2026一季报,2026-1,2026一季度,parent_holder_net_profit,1707220076.0000,1707220076.0000,0.05775758,0.35982583,0.05775758
2026-03-31,2026一季报,2026-1,2026一季度,calc_per_net_assets,3.6739,,0.04345480,,
2026-03-31,2026一季报,2026-1,2026一季度,inventory_turnover_ratio,1.6161,,-0.07709440,,
2026-03-31,2026一季报,2026-1,2026一季度,conservative_quick_ratio,1.1006,,0.10936398,,
2026-03-31,2026一季报,2026-1,2026一季度,equity_ratio,1.6697,,0.03946959,,
2026-03-31,2026一季报,2026-1,2026一季度,current_ratio,1.4253,,0.11665622,,
2026-03-31,2026一季报,2026-1,2026一季度,basic_eps,0.0500,0.0461,0.25000000,0.37202381,0.07459207
2026-03-31,2026一季报,2026-1,2026一季度,business_cycle,112.2400,,-0.00923327,,
2026-03-31,2026一季报,2026-1,2026一季度,receive_accounts_turnover_days,56.5504,,-0.08627122,,
2026-03-31,2026一季报,2026-1,2026一季度,quick_ratio,1.1149,,0.10979494,,
2026-03-31,2026一季报,2026-1,2026一季度,sale_gross_margin,15.5957,15.5957,-0.01136609,-0.19600676,-0.01136609
2026-03-31,2026一季报,2026-1,2026一季度,inventory_turnover_days,55.6896,,0.08353325,,
2026-03-31,2026一季报,2026-1,2026一季度,calculate_operating_income_total_yoy_growth_ratio,0.79513400,0.79513400,-0.92255582,1.09432321,-0.92255582
2026-03-31,2026一季报,2026-1,2026一季度,sale_net_interest_ratio,3.3511,3.3511,-0.12465063,1.69316081,-0.12465063
2026-03-31,2026一季报,2026-1,2026一季度,per_undistributed_profits,1.2130,,0.11345695,,
2026-03-31,2026一季报,2026-1,2026一季度,operating_income_total,51001263370.0000,51001263370.0000,0.00795134,0.01916462,0.00795134
2026-03-31,2026一季报,2026-1,2026一季度,per_capital_reserve,1.3681,,-0.01284364,,
2026-03-31,2026一季报,2026-1,2026一季度,index_full_diluted_roe,1.2544,1.2619,0.03013879,0.34818376,0.03783206
2026-03-31,2026一季报,2026-1,2026一季度,calculate_parent_holder_net_profit_yoy_growth_ratio,5.77575800,5.77575800,-0.90983205,1.15341930,-0.90983205
2026-03-31,2026一季报,2026-1,2026一季度,assets_debt_ratio,51.9161,,0.02463897,,
2026-03-31,2026一季报,2026-1,2026一季度,index_deduct_holder_net_profit,1438134014.0000,1438134014.0000,0.06381504,0.36810964,0.06381504
2026-03-31,2026一季报,2026-1,2026一季度,index_weighted_avg_roe,1.2600,1.2600,0.04132231,0.35483871,0.04132231
2026-03-31,2026一季报,2026-1,2026一季度,pe_ttm,22.85,,,,
2026-03-31,2026一季报,2026-1,2026一季度,pb,1.13,,,,
2025-12-31,2025年报,2025-4,2025四季度,index_per_operating_cash_flow_net,1.3050,0.3221,0.02909865,-0.14152452,-0.12591588
2025-12-31,2025年报,2025-4,2025四季度,deduct_net_profit_yoy_growth_ratio,10.2476,-31.2621,-0.98549734,-2.07231280,-1.40121125
2025-12-31,2025年报,2025-4,2025四季度,parent_holder_net_profit,5856966754.0000,1255469660.0000,0.10026166,-0.07318827,-0.37646881
2025-12-31,2025年报,2025-4,2025四季度,calc_per_net_assets,3.5944,,0.03373501,,
2025-12-31,2025年报,2025-4,2025四季度,inventory_turnover_ratio,6.7605,,-0.04687720,,
2025-12-31,2025年报,2025-4,2025四季度,conservative_quick_ratio,1.0605,,0.06422479,,
2025-12-31,2025年报,2025-4,2025四季度,equity_ratio,1.7021,,0.00371506,,
2025-12-31,2025年报,2025-4,2025四季度,current_ratio,1.3993,,0.12483923,,
2025-12-31,2025年报,2025-4,2025四季度,basic_eps,0.1600,0.0336,0.14285714,-0.07182320,-0.37196262
2025-12-31,2025年报,2025-4,2025四季度,business_cycle,113.6329,,-0.00321930,,
2025-12-31,2025年报,2025-4,2025四季度,receive_accounts_turnover_days,60.3824,,-0.04527113,,
2025-12-31,2025年报,2025-4,2025四季度,quick_ratio,1.0701,,0.06807067,,
2025-12-31,2025年报,2025-4,2025四季度,sale_gross_margin,15.6352,19.3978,0.02846919,0.34365432,0.64144701
2025-12-31,2025年报,2025-4,2025四季度,inventory_turnover_days,53.2505,,0.04918204,,
2025-12-31,2025年报,2025-4,2025四季度,calculate_operating_income_total_yoy_growth_ratio,3.13015300,-8.42988700,-0.77080000,-2.45118971,-1.61152657
2025-12-31,2025年报,2025-4,2025四季度,sale_net_interest_ratio,2.4573,1.2443,0.17596669,-0.51814274,-0.69202782
2025-12-31,2025年报,2025-4,2025四季度,per_undistributed_profits,1.1554,,0.10363932,,
2025-12-31,2025年报,2025-4,2025四季度,operating_income_total,204590222888.0000,50042223363.0000,0.03130153,-0.06058955,-0.08429887
2025-12-31,2025年报,2025-4,2025四季度,per_capital_reserve,1.3861,,-0.00050476,,
2025-12-31,2025年报,2025-4,2025四季度,index_full_diluted_roe,4.3553,0.9360,0.08765577,-0.07828656,-0.38417001
2025-12-31,2025年报,2025-4,2025四季度,calculate_parent_holder_net_profit_yoy_growth_ratio,10.02616600,-37.64688100,-0.90798730,-2.17407399,-2.17618447
2025-12-31,2025年报,2025-4,2025四季度,assets_debt_ratio,52.4551,,0.00050354,,
2025-12-31,2025年报,2025-4,2025四季度,index_deduct_holder_net_profit,4230339525.0000,1051183309.0000,0.10247638,0.17199268,-0.31262122
2025-12-31,2025年报,2025-4,2025四季度,index_weighted_avg_roe,4.3900,0.9300,0.08395062,-0.07920792,-0.38815789
2025-12-31,2025年报,2025-4,2025四季度,pe_ttm,22.85,,,,
2025-12-31,2025年报,2025-4,2025四季度,pb,1.13,,,,
2025-09-30,2025三季报,2025-3,2025三季度,index_per_operating_cash_flow_net,0.9829,0.3752,0.09259671,0.54657873,0.57118928
2025-09-30,2025三季报,2025-3,2025三季度,deduct_net_profit_yoy_growth_ratio,37.7533,29.1539,-0.85175792,4.43298046,-0.95528304
2025-09-30,2025三季报,2025-3,2025三季度,parent_holder_net_profit,4601497094.0000,1354611315.0000,0.39027882,-0.17041913,0.32065169
2025-09-30,2025三季报,2025-3,2025三季度,calc_per_net_assets,3.5759,,0.03568222,,
2025-09-30,2025三季报,2025-3,2025三季度,inventory_turnover_ratio,5.1696,,0.04639300,,
2025-09-30,2025三季报,2025-3,2025三季度,conservative_quick_ratio,1.1003,,-0.06045598,,
2025-09-30,2025三季报,2025-3,2025三季度,equity_ratio,1.6879,,0.03178678,,
2025-09-30,2025三季报,2025-3,2025三季度,current_ratio,1.4362,,-0.01420825,,
2025-09-30,2025三季报,2025-3,2025三季度,basic_eps,0.1200,0.0362,0.33333333,-0.16972477,0.33088235
2025-09-30,2025三季报,2025-3,2025三季度,business_cycle,114.2874,,-0.02412213,,
2025-09-30,2025三季报,2025-3,2025三季度,receive_accounts_turnover_days,62.0590,,-0.00643602,,
2025-09-30,2025三季报,2025-3,2025三季度,quick_ratio,1.1067,,-0.05948840,,
2025-09-30,2025三季报,2025-3,2025三季度,sale_gross_margin,14.4170,14.4366,-0.12568074,0.10706727,-0.17061541
2025-09-30,2025三季报,2025-3,2025三季度,inventory_turnover_days,52.2284,,-0.04433555,,
2025-09-30,2025三季报,2025-3,2025三季度,calculate_operating_income_total_yoy_growth_ratio,7.52547000,5.80894900,-0.44699098,-0.13249277,-0.32843177
2025-09-30,2025三季报,2025-3,2025三季度,sale_net_interest_ratio,2.8500,2.5823,1.11440018,0.19844990,6.80151057
2025-09-30,2025三季报,2025-3,2025三季度,per_undistributed_profits,1.1259,,0.12376485,,
2025-09-30,2025三季报,2025-3,2025三季度,operating_income_total,154547999525.0000,53269817390.0000,0.07525470,0.05111696,0.05808949
2025-09-30,2025三季报,2025-3,2025三季度,per_capital_reserve,1.3822,,-0.00346071,,
2025-09-30,2025三季报,2025-3,2025三季度,index_full_diluted_roe,3.4394,1.0155,0.37191863,-0.17432312,0.30125577
2025-09-30,2025三季报,2025-3,2025三季度,calculate_parent_holder_net_profit_yoy_growth_ratio,39.02788200,32.06516900,-0.82561420,0.25334903,-0.87581544
2025-09-30,2025三季报,2025-3,2025三季度,assets_debt_ratio,52.4261,,0.01326053,,
2025-09-30,2025三季报,2025-3,2025三季度,index_deduct_holder_net_profit,3179156216.0000,896919685.0000,0.37753346,-0.03595566,0.29153922
2025-09-30,2025三季报,2025-3,2025三季度,index_weighted_avg_roe,3.4600,1.0100,0.36758893,-0.18548387,0.29487179
2025-09-30,2025三季报,2025-3,2025三季度,pe_ttm,24.76,,,,
2025-09-30,2025三季报,2025-3,2025三季度,pb,1.17,,,,
2025-06-30,2025中报,2025-2,2025二季度,index_per_operating_cash_flow_net,0.6077,0.2426,-0.08035714,-0.33552451,0.05616021
2025-06-30,2025中报,2025-2,2025二季度,deduct_net_profit_yoy_growth_ratio,41.4548,-8.4923,-0.79460333,-1.06710050,-1.00759771
2025-06-30,2025中报,2025-2,2025二季度,parent_holder_net_profit,3246885779.0000,1632886399.0000,0.42154675,0.01170200,0.25583591
2025-06-30,2025中报,2025-2,2025二季度,calc_per_net_assets,3.5546,,0.03884034,,
2025-06-30,2025中报,2025-2,2025二季度,inventory_turnover_ratio,3.4220,,0.09377997,,
2025-06-30,2025中报,2025-2,2025二季度,conservative_quick_ratio,1.0265,,-0.17470654,,
2025-06-30,2025中报,2025-2,2025二季度,equity_ratio,1.6735,,-0.01303373,,
2025-06-30,2025中报,2025-2,2025二季度,current_ratio,1.3408,,-0.13552547,,
2025-06-30,2025中报,2025-2,2025二季度,basic_eps,0.0900,0.0436,0.50000000,0.01631702,0.26376812
2025-06-30,2025中报,2025-2,2025二季度,business_cycle,117.1632,,-0.03041257,,
2025-06-30,2025中报,2025-2,2025二季度,receive_accounts_turnover_days,64.5624,,0.01987063,,
2025-06-30,2025中报,2025-2,2025二季度,quick_ratio,1.0322,,-0.17371118,,
2025-06-30,2025中报,2025-2,2025二季度,sale_gross_margin,14.4066,13.0404,-0.09931166,-0.17335024,-0.25293033
2025-06-30,2025中报,2025-2,2025二季度,inventory_turnover_days,52.6008,,-0.08573931,,
2025-06-30,2025中报,2025-2,2025二季度,calculate_operating_income_total_yoy_growth_ratio,8.45086000,6.69613900,-0.48701301,-0.34781185,-0.46620539
2025-06-30,2025中报,2025-2,2025二季度,sale_net_interest_ratio,2.9908,2.1547,0.57734297,-0.43716532,-0.20528898
2025-06-30,2025中报,2025-2,2025二季度,per_undistributed_profits,1.0897,,0.11741181,,
2025-06-30,2025中报,2025-2,2025二季度,operating_income_total,101278182135.0000,50679248196.0000,0.08450860,0.00158727,0.06696139
2025-06-30,2025中报,2025-2,2025二季度,per_capital_reserve,1.3805,,-0.00447105,,
2025-06-30,2025中报,2025-2,2025二季度,index_full_diluted_roe,2.4414,1.2299,0.39844198,0.01151410,0.23533548
2025-06-30,2025中报,2025-2,2025二季度,calculate_parent_holder_net_profit_yoy_growth_ratio,42.15467500,25.58359100,-0.79965781,-0.60060309,-0.84604211
2025-06-30,2025中报,2025-2,2025二季度,assets_debt_ratio,52.2696,,-0.00484539,,
2025-06-30,2025中报,2025-2,2025二季度,index_deduct_holder_net_profit,2282236531.0000,930371818.0000,0.41454800,-0.31178630,-0.08492282
2025-06-30,2025中报,2025-2,2025二季度,index_weighted_avg_roe,2.4500,1.2400,0.40000000,0.02479339,0.25252525
2025-06-30,2025中报,2025-2,2025二季度,pe_ttm,24.89,,,,
2025-06-30,2025中报,2025-2,2025二季度,pb,1.12,,,,
2025-03-31,2025一季报,2025-1,2025一季度,index_per_operating_cash_flow_net,0.3651,0.3651,-0.15309673,-0.00922659,-0.15309673
2025-03-31,2025一季报,2025-1,2025一季度,deduct_net_profit_yoy_growth_ratio,126.5609,126.5609,-0.06785752,0.62425612,-0.06785752
2025-03-31,2025一季报,2025-1,2025一季度,parent_holder_net_profit,1613999380.0000,1613999380.0000,0.64055556,-0.19840440,0.64055556
2025-03-31,2025一季报,2025-1,2025一季度,calc_per_net_assets,3.5209,,0.03273399,,
2025-03-31,2025一季报,2025-1,2025一季度,inventory_turnover_ratio,1.7511,,0.07422857,,
2025-03-31,2025一季报,2025-1,2025一季度,conservative_quick_ratio,0.9921,,-0.27694774,,
2025-03-31,2025一季报,2025-1,2025一季度,equity_ratio,1.6063,,-0.04352745,,
2025-03-31,2025一季报,2025-1,2025一季度,current_ratio,1.2764,,-0.24549270,,
2025-03-31,2025一季报,2025-1,2025一季度,basic_eps,0.0400,0.0429,0.33333333,-0.19813084,0.64367816
2025-03-31,2025一季报,2025-1,2025一季度,business_cycle,113.2860,,-0.03324743,,
2025-03-31,2025一季报,2025-1,2025一季度,receive_accounts_turnover_days,61.8897,,-0.00130707,,
2025-03-31,2025一季报,2025-1,2025一季度,quick_ratio,1.0046,,-0.27160673,,
2025-03-31,2025一季报,2025-1,2025一季度,sale_gross_margin,15.7750,15.7750,0.08917796,0.33488470,0.08917796
2025-03-31,2025一季报,2025-1,2025一季度,inventory_turnover_days,51.3963,,-0.06909817,,
2025-03-31,2025一季报,2025-1,2025一季度,calculate_operating_income_total_yoy_growth_ratio,10.26718900,10.26718900,-0.50735743,-0.25519063,-0.50735743
2025-03-31,2025一季报,2025-1,2025一季度,sale_net_interest_ratio,3.8283,3.8283,2.63837673,-0.05247135,2.63837673
2025-03-31,2025一季报,2025-1,2025一季度,per_undistributed_profits,1.0894,,0.12193615,,
2025-03-31,2025一季报,2025-1,2025一季度,operating_income_total,50598933939.0000,50598933939.0000,0.10267189,-0.07411186,0.10267189
2025-03-31,2025一季报,2025-1,2025一季度,per_capital_reserve,1.3859,,0.00072207,,
2025-03-31,2025一季报,2025-1,2025一季度,index_full_diluted_roe,1.2177,1.2159,0.61348880,-0.20001316,0.60536044
2025-03-31,2025一季报,2025-1,2025一季度,calculate_parent_holder_net_profit_yoy_growth_ratio,64.05555600,64.05555600,-0.78490208,1.00125876,-0.78490208
2025-03-31,2025一季报,2025-1,2025一季度,assets_debt_ratio,50.6677,,-0.03426449,,
2025-03-31,2025一季报,2025-1,2025一季度,index_deduct_holder_net_profit,1351864713.0000,1351864713.0000,1.26560894,-0.11600278,1.26560894
2025-03-31,2025一季报,2025-1,2025一季度,index_weighted_avg_roe,1.2100,1.2100,0.59210526,-0.20394737,0.59210526
2025-03-31,2025一季报,2025-1,2025一季度,pe_ttm,32.78,,,,
2025-03-31,2025一季报,2025-1,2025一季度,pb,1.22,,,,
2024-12-31,2024年报,2024-4,2024四季度,index_per_operating_cash_flow_net,1.2681,0.3685,0.24665749,0.54313233,-0.10753209
2024-12-31,2024年报,2024-4,2024四季度,deduct_net_profit_yoy_growth_ratio,706.6012,77.9193,8.84991246,-0.88048547,-0.36486564
2024-12-31,2024年报,2024-4,2024四季度,parent_holder_net_profit,5323248974.0000,2013483324.0000,1.08965026,0.96300601,0.32007633
2024-12-31,2024年报,2024-4,2024四季度,calc_per_net_assets,3.4771,,0.02775479,,
2024-12-31,2024年报,2024-4,2024四季度,inventory_turnover_ratio,7.0930,,0.07693242,,
2024-12-31,2024年报,2024-4,2024四季度,conservative_quick_ratio,0.9965,,-0.21658805,,
2024-12-31,2024年报,2024-4,2024四季度,equity_ratio,1.6958,,-0.00859398,,
2024-12-31,2024年报,2024-4,2024四季度,current_ratio,1.2440,,-0.21667401,,
2024-12-31,2024年报,2024-4,2024四季度,basic_eps,0.1400,0.0535,1.33333333,0.96691176,0.32098765
2024-12-31,2024年报,2024-4,2024四季度,business_cycle,113.9999,,-0.03515182,,
2024-12-31,2024年报,2024-4,2024四季度,receive_accounts_turnover_days,63.2456,,-0.00391689,,
2024-12-31,2024年报,2024-4,2024四季度,quick_ratio,1.0019,,-0.21579524,,
2024-12-31,2024年报,2024-4,2024四季度,sale_gross_margin,15.2024,11.8175,0.32213177,-0.32108305,-0.04708339
2024-12-31,2024年报,2024-4,2024四季度,inventory_turnover_days,50.7543,,-0.07143576,,
2024-12-31,2024年报,2024-4,2024四季度,calculate_operating_income_total_yoy_growth_ratio,13.65686300,13.78498900,7.29558862,0.59367222,1.66868927
2024-12-31,2024年报,2024-4,2024四季度,sale_net_interest_ratio,2.0896,4.0403,8.86125531,11.20634441,0.09889303
2024-12-31,2024年报,2024-4,2024四季度,per_undistributed_profits,1.0469,,0.10794793,,
2024-12-31,2024年报,2024-4,2024四季度,operating_income_total,198380605661.0000,54649078699.0000,0.13656863,0.08548553,0.13784989
2024-12-31,2024年报,2024-4,2024四季度,per_capital_reserve,1.3868,,0.00195073,,
2024-12-31,2024年报,2024-4,2024四季度,index_full_diluted_roe,4.0043,1.5199,1.03449853,0.94759098,0.29573743
2024-12-31,2024年报,2024-4,2024四季度,calculate_parent_holder_net_profit_yoy_growth_ratio,108.96502600,32.00763300,2.64548133,-0.87603827,1.99342494
2024-12-31,2024年报,2024-4,2024四季度,assets_debt_ratio,52.4287,,-0.00728978,,
2024-12-31,2024年报,2024-4,2024四季度,index_deduct_holder_net_profit,3837124867.0000,1529263533.0000,7.06601226,1.20209665,0.77919294
2024-12-31,2024年报,2024-4,2024四季度,index_weighted_avg_roe,4.0500,1.5200,1.14285714,0.94871795,0.28813559
2024-12-31,2024年报,2024-4,2024四季度,pe_ttm,33.79,,,,
2024-12-31,2024年报,2024-4,2024四季度,pb,1.26,,,,
2024-09-30,2024三季报,2024-3,2024三季度,index_per_operating_cash_flow_net,0.8996,0.2388,0.48866457,0.03961689,0.33482392
2024-09-30,2024三季报,2024-3,2024三季度,deduct_net_profit_yoy_growth_ratio,254.6733,651.9651,2.29819182,-0.41671392,5.30309555
2024-09-30,2024三季报,2024-3,2024三季度,parent_holder_net_profit,3309765650.0000,1025714296.0000,2.23801955,-0.21113383,2.58205761
2024-09-30,2024三季报,2024-3,2024三季度,calc_per_net_assets,3.4527,,0.02444886,,
2024-09-30,2024三季报,2024-3,2024三季度,inventory_turnover_ratio,4.9404,,0.08465794,,
2024-09-30,2024三季报,2024-3,2024三季度,conservative_quick_ratio,1.1711,,-0.04086814,,
2024-09-30,2024三季报,2024-3,2024三季度,equity_ratio,1.6359,,-0.03424051,,
2024-09-30,2024三季报,2024-3,2024三季度,current_ratio,1.4569,,-0.06990552,,
2024-09-30,2024三季报,2024-3,2024三季度,basic_eps,0.0900,0.0272,3.50000000,-0.21159420,2.62666667
2024-09-30,2024三季报,2024-3,2024三季度,business_cycle,117.1124,,-0.05779430,,
2024-09-30,2024三季报,2024-3,2024三季度,receive_accounts_turnover_days,62.4610,,-0.03932609,,
2024-09-30,2024三季报,2024-3,2024三季度,quick_ratio,1.1767,,-0.04013378,,
2024-09-30,2024三季报,2024-3,2024三季度,sale_gross_margin,16.4894,17.4064,0.47811433,-0.00280715,0.17411687
2024-09-30,2024三季报,2024-3,2024三季度,inventory_turnover_days,54.6514,,-0.07805075,,
2024-09-30,2024三季报,2024-3,2024三季度,calculate_operating_income_total_yoy_growth_ratio,13.60822300,8.64982700,3.89986262,-0.31046368,-0.31616450
2024-09-30,2024三季报,2024-3,2024三季度,sale_net_interest_ratio,1.3479,0.3310,2.22158782,-0.87791834,-0.43524996
2024-09-30,2024三季报,2024-3,2024三季度,per_undistributed_profits,1.0019,,0.10952381,,
2024-09-30,2024三季报,2024-3,2024三季度,operating_income_total,143731526962.0000,50345285330.0000,0.13608223,0.05993040,0.08649827
2024-09-30,2024三季报,2024-3,2024三季度,per_capital_reserve,1.3870,,-0.06712402,,
2024-09-30,2024三季报,2024-3,2024三季度,index_full_diluted_roe,2.5070,0.7804,2.20383387,-0.21615106,2.53762466
2024-09-30,2024三季报,2024-3,2024三季度,calculate_parent_holder_net_profit_yoy_growth_ratio,223.80195500,258.20576100,3.77389137,0.55384032,1.11731185
2024-09-30,2024三季报,2024-3,2024三季度,assets_debt_ratio,51.7400,,-0.02807390,,
2024-09-30,2024三季报,2024-3,2024三季度,index_deduct_holder_net_profit,2307861334.0000,694457953.0000,2.54673285,-0.31695843,6.51965109
2024-09-30,2024三季报,2024-3,2024三季度,index_weighted_avg_roe,2.5300,0.7800,2.56338028,-0.21212121,2.71428571
2024-09-30,2024三季报,2024-3,2024三季度,pe_ttm,38.15,,,,
2024-09-30,2024三季报,2024-3,2024三季度,pb,1.21,,,,
2024-06-30,2024中报,2024-2,2024二季度,index_per_operating_cash_flow_net,0.6608,0.2297,0.55336154,-0.46717699,0.43204489
2024-06-30,2024中报,2024-2,2024二季度,deduct_net_profit_yoy_growth_ratio,201.8280,1117.7450,2.46918952,7.23238141,13.62529340
2024-06-30,2024中报,2024-2,2024二季度,parent_holder_net_profit,2284051354.0000,1300238662.0000,2.10413363,0.32163233,1.66172648
2024-06-30,2024中报,2024-2,2024二季度,calc_per_net_assets,3.4217,,0.02864959,,
2024-06-30,2024中报,2024-2,2024二季度,inventory_turnover_ratio,3.1286,,0.03850495,,
2024-06-30,2024中报,2024-2,2024二季度,conservative_quick_ratio,1.2438,,0.02076323,,
2024-06-30,2024中报,2024-2,2024二季度,equity_ratio,1.6956,,0.01569426,,
2024-06-30,2024中报,2024-2,2024二季度,current_ratio,1.5510,,-0.00862895,,
2024-06-30,2024中报,2024-2,2024二季度,basic_eps,0.0600,0.0345,2.00000000,0.32183908,1.69531250
2024-06-30,2024中报,2024-2,2024二季度,business_cycle,120.8382,,-0.01071739,,
2024-06-30,2024中报,2024-2,2024二季度,receive_accounts_turnover_days,63.3045,,0.01452446,,
2024-06-30,2024中报,2024-2,2024二季度,quick_ratio,1.2492,,0.02435424,,
2024-06-30,2024中报,2024-2,2024二季度,sale_gross_margin,15.9951,17.4554,0.77036824,0.20520044,0.58606151
2024-06-30,2024中报,2024-2,2024二季度,inventory_turnover_days,57.5337,,-0.03707838,,
2024-06-30,2024中报,2024-2,2024二季度,calculate_operating_income_total_yoy_growth_ratio,16.47382900,12.54441100,2.32008668,-0.39809125,3.82273307
2024-06-30,2024中报,2024-2,2024二季度,sale_net_interest_ratio,1.8961,2.7113,1.91163037,1.57679148,3.64723687
2024-06-30,2024中报,2024-2,2024二季度,per_undistributed_profits,0.9752,,0.08924383,,
2024-06-30,2024中报,2024-2,2024二季度,operating_income_total,93386241632.0000,47498671188.0000,0.16473829,0.03510974,0.12544411
2024-06-30,2024中报,2024-2,2024二季度,per_capital_reserve,1.3867,,-0.04292912,,
2024-06-30,2024中报,2024-2,2024二季度,index_full_diluted_roe,1.7458,0.9956,2.06119586,0.31449696,1.66274405
2024-06-30,2024中报,2024-2,2024二季度,calculate_parent_holder_net_profit_yoy_growth_ratio,210.41336300,166.17264800,3.36834536,-0.44199391,3.13409917
2024-06-30,2024中报,2024-2,2024二季度,assets_debt_ratio,52.5241,,-0.00171816,,
2024-06-30,2024中报,2024-2,2024二季度,index_deduct_holder_net_profit,1613403381.0000,1016714036.0000,2.01827970,0.70392524,11.17745022
2024-06-30,2024中报,2024-2,2024二季度,index_weighted_avg_roe,1.7500,0.9900,2.50000000,0.30263158,1.41463415
2024-06-30,2024中报,2024-2,2024二季度,pe_ttm,46.89,,,,
2024-06-30,2024中报,2024-2,2024二季度,pb,1.2,,,,
2024-03-31,2024一季报,2024-1,2024一季度,index_per_operating_cash_flow_net,0.4311,0.4311,0.62679245,0.04407847,0.62679245
2024-03-31,2024一季报,2024-1,2024一季度,deduct_net_profit_yoy_growth_ratio,135.7742,135.7742,1.92050055,0.10672016,1.92050055
2024-03-31,2024一季报,2024-1,2024一季度,parent_holder_net_profit,983812692.0000,983812692.0000,2.97797196,-0.35499449,2.97797196
2024-03-31,2024一季报,2024-1,2024一季度,calc_per_net_assets,3.4093,,0.01567015,,
2024-03-31,2024一季报,2024-1,2024一季度,inventory_turnover_ratio,1.6301,,0.07782333,,
2024-03-31,2024一季报,2024-1,2024一季度,conservative_quick_ratio,1.3721,,0.08115988,,
2024-03-31,2024一季报,2024-1,2024一季度,equity_ratio,1.6794,,0.03062289,,
2024-03-31,2024一季报,2024-1,2024一季度,current_ratio,1.6917,,0.05579479,,
2024-03-31,2024一季报,2024-1,2024一季度,basic_eps,0.0300,0.0261,9.00000000,-0.35555556,3.01538462
2024-03-31,2024一季报,2024-1,2024一季度,business_cycle,117.1820,,-0.04294974,,
2024-03-31,2024一季报,2024-1,2024一季度,receive_accounts_turnover_days,61.9707,,-0.01528617,,
2024-03-31,2024一季报,2024-1,2024一季度,quick_ratio,1.3792,,0.08615530,,
2024-03-31,2024一季报,2024-1,2024一季度,sale_gross_margin,14.4834,14.4834,1.11597125,0.16788427,1.11597125
2024-03-31,2024一季报,2024-1,2024一季度,inventory_turnover_days,55.2113,,-0.07220530,,
2024-03-31,2024一季报,2024-1,2024一季度,calculate_operating_income_total_yoy_growth_ratio,20.84105100,20.84105100,1.84141935,3.03469957,1.84141935
2024-03-31,2024一季报,2024-1,2024一季度,sale_net_interest_ratio,1.0522,1.0522,1.32344533,-0.71381946,1.32344533
2024-03-31,2024一季报,2024-1,2024一季度,per_undistributed_profits,0.9710,,0.02991090,,
2024-03-31,2024一季报,2024-1,2024一季度,operating_income_total,45887570444.0000,45887570444.0000,0.20841051,-0.04457370,0.20841051
2024-03-31,2024一季报,2024-1,2024一季度,per_capital_reserve,1.3849,,-0.04344523,,
2024-03-31,2024一季报,2024-1,2024一季度,index_full_diluted_roe,0.7547,0.7574,3.03582888,-0.35430520,3.10960391
2024-03-31,2024一季报,2024-1,2024一季度,calculate_parent_holder_net_profit_yoy_growth_ratio,297.79719600,297.79719600,4.15580926,10.24276911,4.15580926
2024-03-31,2024一季报,2024-1,2024一季度,assets_debt_ratio,52.4654,,0.00386504,,
2024-03-31,2024一季报,2024-1,2024一季度,index_deduct_holder_net_profit,596689345.0000,596689345.0000,1.35774205,-0.30579299,1.35774205
2024-03-31,2024一季报,2024-1,2024一季度,index_weighted_avg_roe,0.7600,0.7600,7.44444444,-0.35593220,7.44444444
2024-03-31,2024一季报,2024-1,2024一季度,pe_ttm,46.35,,,,
2024-03-31,2024一季报,2024-1,2024一季度,pb,1.18,,,,
2023-12-31,2023年报,2023-4,2023四季度,index_per_operating_cash_flow_net,1.0172,0.4129,-0.09686584,1.30799329,0.31496815
2023-12-31,2023年报,2023-4,2023四季度,deduct_net_profit_yoy_growth_ratio,71.7368,122.6816,1.65656905,0.18606632,1.71747318
2023-12-31,2023年报,2023-4,2023四季度,parent_holder_net_profit,2547435360.0000,1525277957.0000,-0.66220761,4.32666215,-0.32219478
2023-12-31,2023年报,2023-4,2023四季度,calc_per_net_assets,3.3832,,0.01027234,,
2023-12-31,2023年报,2023-4,2023四季度,inventory_turnover_ratio,6.5863,,0.05595370,,
2023-12-31,2023年报,2023-4,2023四季度,conservative_quick_ratio,1.2720,,-0.05553906,,
2023-12-31,2023年报,2023-4,2023四季度,equity_ratio,1.7105,,0.06533383,,
2023-12-31,2023年报,2023-4,2023四季度,current_ratio,1.5881,,-0.04342850,,
2023-12-31,2023年报,2023-4,2023四季度,basic_eps,0.0600,0.0405,-0.68421053,4.40000000,-0.31587838
2023-12-31,2023年报,2023-4,2023四季度,business_cycle,118.1532,,-0.03145493,,
2023-12-31,2023年报,2023-4,2023四季度,receive_accounts_turnover_days,63.4943,,-0.01211704,,
2023-12-31,2023年报,2023-4,2023四季度,quick_ratio,1.2776,,-0.05194420,,
2023-12-31,2023年报,2023-4,2023四季度,sale_gross_margin,11.4984,12.4014,-0.01764218,-0.16348625,1.10050813
2023-12-31,2023年报,2023-4,2023四季度,inventory_turnover_days,54.6589,,-0.05298931,,
2023-12-31,2023年报,2023-4,2023四季度,calculate_operating_income_total_yoy_growth_ratio,-2.16927500,5.16545300,0.88750237,-0.59163112,1.27496402
2023-12-31,2023年报,2023-4,2023四季度,sale_net_interest_ratio,0.2119,3.6767,1.21762350,5.27316158,5.17285212
2023-12-31,2023年报,2023-4,2023四季度,per_undistributed_profits,0.9449,,0.00703400,,
2023-12-31,2023年报,2023-4,2023四季度,operating_income_total,174543445895.0000,48028372630.0000,-0.02169275,0.03649713,0.05165453
2023-12-31,2023年报,2023-4,2023四季度,per_capital_reserve,1.3841,,-0.04254289,,
2023-12-31,2023年报,2023-4,2023四季度,index_full_diluted_roe,1.9682,1.1730,-0.64527350,4.31731641,-0.30082852
2023-12-31,2023年报,2023-4,2023四季度,calculate_parent_holder_net_profit_yoy_growth_ratio,-66.22076100,-32.21947800,0.06666482,-1.26420279,0.47363164
2023-12-31,2023年报,2023-4,2023四季度,assets_debt_ratio,52.8137,,0.01648668,,
2023-12-31,2023年报,2023-4,2023四季度,index_deduct_holder_net_profit,-632561344.0000,859526530.0000,0.71616865,8.30702799,1.22738337
2023-12-31,2023年报,2023-4,2023四季度,index_weighted_avg_roe,1.8900,1.1800,-0.65321101,4.61904762,-0.30588235
2023-12-31,2023年报,2023-4,2023四季度,pe_ttm,43.02,,,,
2023-12-31,2023年报,2023-4,2023四季度,pb,1.1,,,,
2023-09-30,2023三季报,2023-3,2023三季度,index_per_operating_cash_flow_net,0.6043,0.1789,-0.25606303,0.11533666,1.20591862
2023-09-30,2023三季报,2023-3,2023三季度,deduct_net_profit_yoy_growth_ratio,-196.1754,103.4357,-1.13879255,2.16833988,1.74515278
2023-09-30,2023三季报,2023-3,2023三季度,parent_holder_net_profit,1022157403.0000,286347794.0000,-0.80681586,-0.41381569,1.21949802
2023-09-30,2023三季报,2023-3,2023三季度,calc_per_net_assets,3.3703,,0.02840840,,
2023-09-30,2023三季报,2023-3,2023三季度,inventory_turnover_ratio,4.5548,,0.11804413,,
2023-09-30,2023三季报,2023-3,2023三季度,conservative_quick_ratio,1.2210,,-0.04542256,,
2023-09-30,2023三季报,2023-3,2023三季度,equity_ratio,1.6939,,-0.01051463,,
2023-09-30,2023三季报,2023-3,2023三季度,current_ratio,1.5664,,-0.02562827,,
2023-09-30,2023三季报,2023-3,2023三季度,basic_eps,0.0200,0.0075,-0.84615385,-0.41406250,1.21994135
2023-09-30,2023三季报,2023-3,2023三季度,business_cycle,124.2960,,-0.04727376,,
2023-09-30,2023三季报,2023-3,2023三季度,receive_accounts_turnover_days,65.0179,,0.01293079,,
2023-09-30,2023三季报,2023-3,2023三季度,quick_ratio,1.2259,,-0.04263959,,
2023-09-30,2023三季报,2023-3,2023三季度,sale_gross_margin,11.1557,14.8251,-0.18575099,0.34706283,4.66925430
2023-09-30,2023三季报,2023-3,2023三季度,inventory_turnover_days,59.2781,,-0.10558184,,
2023-09-30,2023三季报,2023-3,2023三季度,calculate_operating_income_total_yoy_growth_ratio,-4.69271300,12.64898800,0.75875930,3.86293799,1.47220153
2023-09-30,2023三季报,2023-3,2023三季度,sale_net_interest_ratio,-1.1034,0.5861,-0.09736450,1.57225151,1.05301290
2023-09-30,2023三季报,2023-3,2023三季度,per_undistributed_profits,0.9030,,0.01506295,,
2023-09-30,2023三季报,2023-3,2023三季度,operating_income_total,126515073265.0000,46337198045.0000,-0.04692713,0.09792391,0.12648988
2023-09-30,2023三季报,2023-3,2023三季度,per_capital_reserve,1.4868,,0.03964758,,
2023-09-30,2023三季报,2023-3,2023三季度,index_full_diluted_roe,0.7825,0.2206,-0.80285700,-0.41000267,1.23388465
2023-09-30,2023三季报,2023-3,2023三季度,calculate_parent_holder_net_profit_yoy_growth_ratio,-80.68158600,121.94980200,-0.09393461,2.56616010,2.03335595
2023-09-30,2023三季报,2023-3,2023三季度,assets_debt_ratio,53.2345,,0.00538818,,
2023-09-30,2023三季报,2023-3,2023三季度,index_deduct_holder_net_profit,-1492087874.0000,92352417.0000,-1.96175356,0.10612908,1.03435689
2023-09-30,2023三季报,2023-3,2023三季度,index_weighted_avg_roe,0.7100,0.2100,-0.81066667,-0.48780488,1.20000000
2023-09-30,2023三季报,2023-3,2023三季度,pe_ttm,85.97,,,,
2023-09-30,2023三季报,2023-3,2023三季度,pb,1.14,,,,
2023-06-30,2023中报,2023-2,2023二季度,index_per_operating_cash_flow_net,0.4254,0.1604,-0.41821663,-0.39471698,-0.53828440
2023-06-30,2023中报,2023-2,2023二季度,deduct_net_profit_yoy_growth_ratio,-137.3737,-88.5322,-1.14233672,0.39978332,0.01707339
2023-06-30,2023中报,2023-2,2023二季度,parent_holder_net_profit,735809609.0000,488494469.0000,-0.88844037,0.97519031,-0.77865476
2023-06-30,2023中报,2023-2,2023二季度,calc_per_net_assets,3.3264,,0.00610973,,
2023-06-30,2023中报,2023-2,2023二季度,inventory_turnover_ratio,3.0126,,0.22817889,,
2023-06-30,2023中报,2023-2,2023二季度,conservative_quick_ratio,1.2185,,-0.10404412,,
2023-06-30,2023中报,2023-2,2023二季度,equity_ratio,1.6694,,0.03477345,,
2023-06-30,2023中报,2023-2,2023二季度,current_ratio,1.5645,,-0.10620430,,
2023-06-30,2023中报,2023-2,2023二季度,basic_eps,0.0200,0.0128,-0.88235294,0.96923077,-0.77700348
2023-06-30,2023中报,2023-2,2023二季度,business_cycle,122.1473,,-0.08518148,,
2023-06-30,2023中报,2023-2,2023二季度,receive_accounts_turnover_days,62.3982,,0.03757838,,
2023-06-30,2023中报,2023-2,2023二季度,quick_ratio,1.2195,,-0.10396767,,
2023-06-30,2023中报,2023-2,2023二季度,sale_gross_margin,9.0349,11.0055,-0.51628637,0.60786290,-0.28369196
2023-06-30,2023中报,2023-2,2023二季度,inventory_turnover_days,59.7491,,-0.18578544,,
2023-06-30,2023中报,2023-2,2023二季度,calculate_operating_income_total_yoy_growth_ratio,-12.47935400,2.60110000,0.20302180,1.10501466,1.08818711
2023-06-30,2023中报,2023-2,2023二季度,sale_net_interest_ratio,-2.0799,-1.0242,-1.59303718,0.68516185,-33.60135135
2023-06-30,2023中报,2023-2,2023二季度,per_undistributed_profits,0.8953,,-0.02948509,,
2023-06-30,2023中报,2023-2,2023二季度,operating_income_total,80177875220.0000,42204380186.0000,-0.12479354,0.11141680,0.02601100
2023-06-30,2023中报,2023-2,2023二季度,per_capital_reserve,1.4489,,0.02562469,,
2023-06-30,2023中报,2023-2,2023二季度,index_full_diluted_roe,0.5703,0.3739,-0.87608100,1.02875746,-0.75212145
2023-06-30,2023中报,2023-2,2023二季度,calculate_parent_holder_net_profit_yoy_growth_ratio,-88.84403700,-77.86547600,-0.81541195,0.17484586,-0.09398227
2023-06-30,2023中报,2023-2,2023二季度,assets_debt_ratio,52.6145,,0.01556905,,
2023-06-30,2023中报,2023-2,2023二季度,index_deduct_holder_net_profit,-1584440291.0000,83491537.0000,-1.37373669,1.05005692,-0.88532219
2023-06-30,2023中报,2023-2,2023二季度,index_weighted_avg_roe,0.5000,0.4100,-0.89583333,3.55555556,-0.73548387
2023-06-30,2023中报,2023-2,2023二季度,pe_ttm,44.58,,,,
2023-06-30,2023中报,2023-2,2023二季度,pb,1.19,,,,
2023-03-31,2023一季报,2023-1,2023一季度,index_per_operating_cash_flow_net,0.2650,0.2650,-0.30953622,-0.15605096,-0.30953622
2023-03-31,2023一季报,2023-1,2023一季度,deduct_net_profit_yoy_growth_ratio,-147.5004,-147.5004,-5.79515541,0.13738017,-5.79515541
2023-03-31,2023一季报,2023-1,2023一季度,parent_holder_net_profit,247315140.0000,247315140.0000,-0.94364764,-0.89009774,-0.94364764
2023-03-31,2023一季报,2023-1,2023一季度,calc_per_net_assets,3.3567,,-0.03097575,,
2023-03-31,2023一季报,2023-1,2023一季度,inventory_turnover_ratio,1.5124,,0.10977399,,
2023-03-31,2023一季报,2023-1,2023一季度,conservative_quick_ratio,1.2691,,-0.01198910,,
2023-03-31,2023一季报,2023-1,2023一季度,equity_ratio,1.6295,,0.03908940,,
2023-03-31,2023一季报,2023-1,2023一季度,current_ratio,1.6023,,-0.01651117,,
2023-03-31,2023一季报,2023-1,2023一季度,basic_eps,0.0030,0.0065,-0.97345133,-0.89020270,-0.94308231
2023-03-31,2023一季报,2023-1,2023一季度,business_cycle,122.4408,,-0.03433133,,
2023-03-31,2023一季报,2023-1,2023一季度,receive_accounts_turnover_days,62.9327,,0.03587295,,
2023-03-31,2023一季报,2023-1,2023一季度,quick_ratio,1.2698,,-0.01205944,,
2023-03-31,2023一季报,2023-1,2023一季度,sale_gross_margin,6.8448,6.8448,-0.67983535,0.15934959,-0.67983535
2023-03-31,2023一季报,2023-1,2023一季度,inventory_turnover_days,59.5081,,-0.09891506,,
2023-03-31,2023一季报,2023-1,2023一季度,calculate_operating_income_total_yoy_growth_ratio,-24.76892300,-24.76892300,-63.08839395,-0.31848315,-63.08839395
2023-03-31,2023一季报,2023-1,2023一季度,sale_net_interest_ratio,-3.2531,-3.2531,-1.50914014,-2.69208943,-1.50914014
2023-03-31,2023一季报,2023-1,2023一季度,per_undistributed_profits,0.9428,,-0.12354746,,
2023-03-31,2023一季报,2023-1,2023一季度,operating_income_total,37973495034.0000,37973495034.0000,-0.24768923,-0.16851236,-0.24768923
2023-03-31,2023一季报,2023-1,2023一季度,per_capital_reserve,1.4478,,0.03149045,,
2023-03-31,2023一季报,2023-1,2023一季度,index_full_diluted_roe,0.1870,0.1843,-0.93637941,-0.89014723,-0.93863826
2023-03-31,2023一季报,2023-1,2023一季度,calculate_parent_holder_net_profit_yoy_growth_ratio,-94.36476400,-94.36476400,-4.69405074,-0.54163349,-4.69405074
2023-03-31,2023一季报,2023-1,2023一季度,assets_debt_ratio,52.2634,,0.02021758,,
2023-03-31,2023一季报,2023-1,2023一季度,index_deduct_holder_net_profit,-1667931828.0000,-1667931828.0000,-1.47500439,0.55875712,-1.47500439
2023-03-31,2023一季报,2023-1,2023一季度,index_weighted_avg_roe,0.0900,0.0900,-0.97230769,-0.94705882,-0.97230769
2023-03-31,2023一季报,2023-1,2023一季度,pe_ttm,15.34,,,,
2023-03-31,2023一季报,2023-1,2023一季度,pb,1.36,,,,
2022-12-31,2022年报,2022-4,2022四季度,index_per_operating_cash_flow_net,1.1263,0.3140,-0.30462431,2.87176326,-0.31110136
2022-12-31,2022年报,2022-4,2022四季度,deduct_net_profit_yoy_growth_ratio,-109.2601,-170.9912,-1.13719518,-0.23182390,-1.85715589
2022-12-31,2022年报,2022-4,2022四季度,parent_holder_net_profit,7541423198.0000,2250318982.0000,-0.70950675,2.72496724,-0.61210894
2022-12-31,2022年报,2022-4,2022四季度,calc_per_net_assets,3.3488,,-0.00023883,,
2022-12-31,2022年报,2022-4,2022四季度,inventory_turnover_ratio,6.2373,,-0.08830064,,
2022-12-31,2022年报,2022-4,2022四季度,conservative_quick_ratio,1.3468,,0.08202780,,
2022-12-31,2022年报,2022-4,2022四季度,equity_ratio,1.6056,,-0.01448564,,
2022-12-31,2022年报,2022-4,2022四季度,current_ratio,1.6602,,0.06477681,,
2022-12-31,2022年报,2022-4,2022四季度,basic_eps,0.1900,0.0592,-0.73239437,2.73607038,-0.60872439
2022-12-31,2022年报,2022-4,2022四季度,business_cycle,121.9904,,0.21247757,,
2022-12-31,2022年报,2022-4,2022四季度,receive_accounts_turnover_days,64.2731,,0.33925450,,
2022-12-31,2022年报,2022-4,2022四季度,quick_ratio,1.3476,,0.08197511,,
2022-12-31,2022年报,2022-4,2022四季度,sale_gross_margin,11.7049,5.9040,-0.59462848,1.25774379,-0.69928029
2022-12-31,2022年报,2022-4,2022四季度,inventory_turnover_days,57.7173,,0.09685334,,
2022-12-31,2022年报,2022-4,2022四季度,calculate_operating_income_total_yoy_growth_ratio,-19.28285000,-18.78592300,-1.30577253,0.29869950,-1.49010450
2022-12-31,2022年报,2022-4,2022四季度,sale_net_interest_ratio,-0.9737,-0.8811,-1.07017101,0.92030427,-1.10064998
2022-12-31,2022年报,2022-4,2022四季度,per_undistributed_profits,0.9383,,-0.02351962,,
2022-12-31,2022年报,2022-4,2022四季度,operating_income_total,178413731179.0000,45669344204.0000,-0.19282850,0.11025388,-0.18785923
2022-12-31,2022年报,2022-4,2022四季度,per_capital_reserve,1.4456,,0.03294034,,
2022-12-31,2022年报,2022-4,2022四季度,index_full_diluted_roe,5.5485,1.6777,-0.69299508,2.77873198,-0.59344254
2022-12-31,2022年报,2022-4,2022四季度,calculate_parent_holder_net_profit_yoy_growth_ratio,-70.95067500,-61.21089400,-1.17074270,0.48132231,-1.48335873
2022-12-31,2022年报,2022-4,2022四季度,assets_debt_ratio,51.9571,,0.00348419,,
2022-12-31,2022年报,2022-4,2022四季度,index_deduct_holder_net_profit,-2228652161.0000,-3780076491.0000,-1.09310281,-0.40626184,-1.70803665
2022-12-31,2022年报,2022-4,2022四季度,index_weighted_avg_roe,5.4500,1.7000,-0.77139262,2.61904762,-0.58333333
2022-12-31,2022年报,2022-4,2022四季度,pe_ttm,11.66,,,,
2022-12-31,2022年报,2022-4,2022四季度,pb,1.03,,,,
2022-09-30,2022三季报,2022-3,2022三季度,index_per_operating_cash_flow_net,0.8123,0.0811,-0.30208781,-0.76655153,-0.63615971
2022-09-30,2022三季报,2022-3,2022三季度,deduct_net_profit_yoy_growth_ratio,-91.7225,-138.8114,-1.04597795,-0.54115022,-1.25151308
2022-09-30,2022三季报,2022-3,2022三季度,parent_holder_net_profit,5291104216.0000,-1304557522.0000,-0.73753573,-1.59111745,-1.18013355
2022-09-30,2022三季报,2022-3,2022三季度,calc_per_net_assets,3.2772,,0.01132541,,
2022-09-30,2022三季报,2022-3,2022三季度,inventory_turnover_ratio,4.0739,,-0.14796921,,
2022-09-30,2022三季报,2022-3,2022三季度,conservative_quick_ratio,1.2791,,0.02656501,,
2022-09-30,2022三季报,2022-3,2022三季度,equity_ratio,1.7119,,-0.01812446,,
2022-09-30,2022三季报,2022-3,2022三季度,current_ratio,1.6076,,0.01221509,,
2022-09-30,2022三季报,2022-3,2022三季度,basic_eps,0.1300,-0.0341,-0.76950355,-1.59407666,-1.18071012
2022-09-30,2022三季报,2022-3,2022三季度,business_cycle,130.4635,,0.24672226,,
2022-09-30,2022三季报,2022-3,2022三季度,receive_accounts_turnover_days,64.1879,,0.33235152,,
2022-09-30,2022三季报,2022-3,2022三季度,quick_ratio,1.2805,,0.02752367,,
2022-09-30,2022三季报,2022-3,2022三季度,sale_gross_margin,13.7006,2.6150,-0.57246949,-0.82979914,-0.92205199
2022-09-30,2022三季报,2022-3,2022三季度,inventory_turnover_days,66.2756,,0.17366758,,
2022-09-30,2022三季报,2022-3,2022三季度,calculate_operating_income_total_yoy_growth_ratio,-19.45241000,-26.78726600,-1.26409476,0.09181051,-1.56664969
2022-09-30,2022三季报,2022-3,2022三季度,sale_net_interest_ratio,-1.0055,-11.0558,-1.06431578,-372.50675676,-1.68065851
2022-09-30,2022三季报,2022-3,2022三季度,per_undistributed_profits,0.8896,,0.07895694,,
2022-09-30,2022三季报,2022-3,2022三季度,operating_income_total,132744386975.0000,41134145106.0000,-0.19452410,-0.00000698,-0.26787266
2022-09-30,2022三季报,2022-3,2022三季度,per_capital_reserve,1.4301,,0.02567597,,
2022-09-30,2022三季报,2022-3,2022三季度,index_full_diluted_roe,3.9692,-0.9432,-0.72449886,-1.62529833,-1.16311284
2022-09-30,2022三季报,2022-3,2022三季度,calculate_parent_holder_net_profit_yoy_growth_ratio,-73.75357300,-118.01335500,-1.10326122,-0.65804571,-1.26802700
2022-09-30,2022三季报,2022-3,2022三季度,assets_debt_ratio,52.9492,,-0.00783253,,
2022-09-30,2022三季报,2022-3,2022三季度,index_deduct_holder_net_profit,1551424330.0000,-2688031763.0000,-0.91658437,-4.69208187,-1.38748592
2022-09-30,2022三季报,2022-3,2022三季度,index_weighted_avg_roe,3.7500,-1.0500,-0.81022267,-1.67741935,-1.16509434
2022-09-30,2022三季报,2022-3,2022三季度,pe_ttm,6.59,,,,
2022-09-30,2022三季报,2022-3,2022三季度,pb,1.02,,,,
2022-06-30,2022中报,2022-2,2022二季度,index_per_operating_cash_flow_net,0.7312,0.3474,-0.22295430,-0.09484106,-0.33664312
2022-06-30,2022中报,2022-2,2022二季度,deduct_net_profit_yoy_growth_ratio,-64.1233,-90.0700,-1.00955130,-3.14941009,-1.04286442
2022-06-30,2022中报,2022-2,2022二季度,parent_holder_net_profit,6595661738.0000,2206934554.0000,-0.48938775,-0.49713562,-0.71176177
2022-06-30,2022中报,2022-2,2022二季度,calc_per_net_assets,3.3062,,0.17700249,,
2022-06-30,2022中报,2022-2,2022二季度,inventory_turnover_ratio,2.4529,,-0.31082828,,
2022-06-30,2022中报,2022-2,2022二季度,conservative_quick_ratio,1.3600,,0.26476332,,
2022-06-30,2022中报,2022-2,2022二季度,equity_ratio,1.6133,,-0.27638484,,
2022-06-30,2022中报,2022-2,2022二季度,current_ratio,1.7504,,0.27422290,,
2022-06-30,2022中报,2022-2,2022二季度,basic_eps,0.1700,0.0574,-0.53678474,-0.49737303,-0.73645546
2022-06-30,2022中报,2022-2,2022二季度,business_cycle,133.5208,,0.33347581,,
2022-06-30,2022中报,2022-2,2022二季度,receive_accounts_turnover_days,60.1383,,0.21352511,,
2022-06-30,2022中报,2022-2,2022二季度,quick_ratio,1.3610,,0.26522265,,
2022-06-30,2022中报,2022-2,2022二季度,sale_gross_margin,18.6782,15.3642,-0.40252512,-0.28134150,-0.54758617
2022-06-30,2022中报,2022-2,2022二季度,inventory_turnover_days,73.3825,,0.45101556,,
2022-06-30,2022中报,2022-2,2022二季度,calculate_operating_income_total_yoy_growth_ratio,-15.65833800,-29.49523900,-1.17132990,-74.93587597,-1.38044537
2022-06-30,2022中报,2022-2,2022二季度,sale_net_interest_ratio,3.5072,-0.0296,-0.77101071,-1.00463267,-1.00168400
2022-06-30,2022中报,2022-2,2022二季度,per_undistributed_profits,0.9225,,0.30665722,,
2022-06-30,2022中报,2022-2,2022二季度,operating_income_total,91610241869.0000,41134432411.0000,-0.15658338,-0.18506641,-0.29495239
2022-06-30,2022中报,2022-2,2022二季度,per_capital_reserve,1.4127,,0.32647887,,
2022-06-30,2022中报,2022-2,2022二季度,index_full_diluted_roe,4.6022,1.5084,-0.59630533,-0.49778592,-0.77681438
2022-06-30,2022中报,2022-2,2022二季度,calculate_parent_holder_net_profit_yoy_growth_ratio,-48.93877500,-71.17617700,-1.04716424,-3.29483152,-1.05711618
2022-06-30,2022中报,2022-2,2022二季度,assets_debt_ratio,51.8079,,-0.09604221,,
2022-06-30,2022中报,2022-2,2022二季度,index_deduct_holder_net_profit,4239456093.0000,728053130.0000,-0.63646069,-0.79266033,-0.89855297
2022-06-30,2022中报,2022-2,2022二季度,index_weighted_avg_roe,4.8000,1.5500,-0.64179104,-0.52307692,-0.80354880
2022-06-30,2022中报,2022-2,2022二季度,pe_ttm,5.97,,,,
2022-06-30,2022中报,2022-2,2022二季度,pb,1.12,,,,
2022-03-31,2022一季报,2022-1,2022一季度,index_per_operating_cash_flow_net,0.3838,0.3838,-0.08027798,-0.15796402,-0.08027798
2022-03-31,2022一季报,2022-1,2022一季度,deduct_net_profit_yoy_growth_ratio,-21.7067,-21.7067,-1.02186441,-1.10881277,-1.02186441
2022-03-31,2022一季报,2022-1,2022一季度,parent_holder_net_profit,4388727184.0000,4388727184.0000,-0.16572519,-0.24350812,-0.16572519
2022-03-31,2022一季报,2022-1,2022一季度,calc_per_net_assets,3.4640,,0.22715035,,
2022-03-31,2022一季报,2022-1,2022一季度,inventory_turnover_ratio,1.3628,,-0.26660209,,
2022-03-31,2022一季报,2022-1,2022一季度,conservative_quick_ratio,1.2845,,0.26526793,,
2022-03-31,2022一季报,2022-1,2022一季度,equity_ratio,1.5682,,-0.29462037,,
2022-03-31,2022一季报,2022-1,2022一季度,current_ratio,1.6292,,0.26294574,,
2022-03-31,2022一季报,2022-1,2022一季度,basic_eps,0.1130,0.1142,-0.24161074,-0.24520820,-0.23304231
2022-03-31,2022一季报,2022-1,2022一季度,business_cycle,126.7938,,0.31265762,,
2022-03-31,2022一季报,2022-1,2022一季度,receive_accounts_turnover_days,60.7533,,0.26150974,,
2022-03-31,2022一季报,2022-1,2022一季度,quick_ratio,1.2853,,0.26543271,,
2022-03-31,2022一季报,2022-1,2022一季度,sale_gross_margin,21.3790,21.3790,-0.23999019,0.08893745,-0.23999019
2022-03-31,2022一季报,2022-1,2022一季度,inventory_turnover_days,66.0405,,0.36351530,,
2022-03-31,2022一季报,2022-1,2022一季度,calculate_operating_income_total_yoy_growth_ratio,0.39893000,0.39893000,-0.99638872,-0.98959235,-0.99638872
2022-03-31,2022一季报,2022-1,2022一季度,sale_net_interest_ratio,6.3894,6.3894,-0.49656466,-0.27012486,-0.49656466
2022-03-31,2022一季报,2022-1,2022一季度,per_undistributed_profits,1.0757,,0.82075152,,
2022-03-31,2022一季报,2022-1,2022一季度,operating_income_total,50475809458.0000,50475809458.0000,0.00398930,-0.10238556,0.00398930
2022-03-31,2022一季报,2022-1,2022一季度,per_capital_reserve,1.4036,,0.17999159,,
2022-03-31,2022一季报,2022-1,2022一季度,index_full_diluted_roe,2.9393,3.0035,-0.36267048,-0.27216110,-0.37507802
2022-03-31,2022一季报,2022-1,2022一季度,calculate_parent_holder_net_profit_yoy_growth_ratio,-16.57251900,-16.57251900,-1.02000756,-1.13086677,-1.02000756
2022-03-31,2022一季报,2022-1,2022一季度,assets_debt_ratio,51.2277,,-0.12297855,,
2022-03-31,2022一季报,2022-1,2022一季度,index_deduct_holder_net_profit,3511402963.0000,3511402963.0000,-0.21706698,-0.34228791,-0.21706698
2022-03-31,2022一季报,2022-1,2022一季度,index_weighted_avg_roe,3.2500,3.2500,-0.41016334,-0.20343137,-0.41016334
2022-03-31,2022一季报,2022-1,2022一季度,pe_ttm,6.33,,,,
2022-03-31,2022一季报,2022-1,2022一季度,pb,1.31,,,,
2021-12-31,2021年报,2021-4,2021四季度,index_per_operating_cash_flow_net,1.6197,0.4558,0.43590426,1.04486317,0.00485009
2021-12-31,2021年报,2021-4,2021四季度,deduct_net_profit_yoy_growth_ratio,796.3844,199.4867,1.42156856,-0.63854904,-0.29338765
2021-12-31,2021年报,2021-4,2021四季度,parent_holder_net_profit,25960751646.0000,5801420047.0000,4.15541495,-0.19893881,1.26636575
2021-12-31,2021年报,2021-4,2021四季度,calc_per_net_assets,3.3496,,0.30777340,,
2021-12-31,2021年报,2021-4,2021四季度,inventory_turnover_ratio,6.8414,,-0.04845754,,
2021-12-31,2021年报,2021-4,2021四季度,conservative_quick_ratio,1.2447,,0.28200639,,
2021-12-31,2021年报,2021-4,2021四季度,equity_ratio,1.6292,,-0.32927131,,
2021-12-31,2021年报,2021-4,2021四季度,current_ratio,1.5592,,0.26877696,,
2021-12-31,2021年报,2021-4,2021四季度,basic_eps,0.7100,0.1513,4.46153846,-0.19819820,1.05570652
2021-12-31,2021年报,2021-4,2021四季度,business_cycle,100.6125,,-0.03861406,,
2021-12-31,2021年报,2021-4,2021四季度,receive_accounts_turnover_days,47.9917,,-0.12075255,,
2021-12-31,2021年报,2021-4,2021四季度,quick_ratio,1.2455,,0.27979860,,
2021-12-31,2021年报,2021-4,2021四季度,sale_gross_margin,28.8745,19.6329,0.46430582,-0.41478181,-0.30277676
2021-12-31,2021年报,2021-4,2021四季度,inventory_turnover_days,52.6208,,0.05092579,,
2021-12-31,2021年报,2021-4,2021四季度,calculate_operating_income_total_yoy_growth_ratio,63.06272800,38.33044400,2.75470266,-0.18916943,0.12746552
2021-12-31,2021年报,2021-4,2021四季度,sale_net_interest_ratio,13.8761,8.7541,3.15377477,-0.46104736,-0.01748617
2021-12-31,2021年报,2021-4,2021四季度,per_undistributed_profits,0.9609,,1.15593449,,
2021-12-31,2021年报,2021-4,2021四季度,operating_income_total,221035718012.0000,56233285984.0000,0.63062728,0.00086986,0.38330444
2021-12-31,2021年报,2021-4,2021四季度,per_capital_reserve,1.3995,,0.30089236,,
2021-12-31,2021年报,2021-4,2021四季度,index_full_diluted_roe,18.0730,4.1266,2.70659776,-0.28636403,0.64741107
2021-12-31,2021年报,2021-4,2021四季度,calculate_parent_holder_net_profit_yoy_growth_ratio,415.54149500,126.63657500,1.55784476,-0.71238830,-0.96627391
2021-12-31,2021年报,2021-4,2021四季度,assets_debt_ratio,51.7767,,-0.12434487,,
2021-12-31,2021年报,2021-4,2021四季度,index_deduct_holder_net_profit,23937539752.0000,5338814700.0000,7.96384370,-0.23039767,1.99486669
2021-12-31,2021年报,2021-4,2021四季度,index_weighted_avg_roe,23.8400,4.0800,3.62912621,-0.35849057,0.49450549
2021-12-31,2021年报,2021-4,2021四季度,pe_ttm,8.45,,,,
2021-12-31,2021年报,2021-4,2021四季度,pb,1.53,,,,
2021-09-30,2021三季报,2021-3,2021三季度,index_per_operating_cash_flow_net,1.1639,0.2229,0.72583037,-0.57437464,-0.43598178
2021-09-30,2021三季报,2021-3,2021三季度,deduct_net_profit_yoy_growth_ratio,1994.9237,551.9053,2.50149894,-0.73734761,1.43550776
2021-09-30,2021三季报,2021-3,2021三季度,parent_holder_net_profit,20159331599.0000,7242168422.0000,7.14242724,-0.05413154,4.40303974
2021-09-30,2021三季报,2021-3,2021三季度,calc_per_net_assets,3.2405,,0.29947468,,
2021-09-30,2021三季报,2021-3,2021三季度,inventory_turnover_ratio,4.7814,,-0.18904342,,
2021-09-30,2021三季报,2021-3,2021三季度,conservative_quick_ratio,1.2460,,0.26446113,,
2021-09-30,2021三季报,2021-3,2021三季度,equity_ratio,1.7435,,-0.15902952,,
2021-09-30,2021三季报,2021-3,2021三季度,current_ratio,1.5882,,0.24107213,,
2021-09-30,2021三季报,2021-3,2021三季度,basic_eps,0.5640,0.1887,8.24590164,-0.13360882,3.90129870
2021-09-30,2021三季报,2021-3,2021三季度,business_cycle,104.6452,,0.00664328,,
2021-09-30,2021三季报,2021-3,2021三季度,receive_accounts_turnover_days,48.1764,,-0.17166889,,
2021-09-30,2021三季报,2021-3,2021三季度,quick_ratio,1.2462,,0.26210249,,
2021-09-30,2021三季报,2021-3,2021三季度,sale_gross_margin,32.0459,33.5480,0.89528749,-0.01214646,0.80283204
2021-09-30,2021三季报,2021-3,2021三季度,inventory_turnover_days,56.4688,,0.23311016,,
2021-09-30,2021三季报,2021-3,2021三季度,calculate_operating_income_total_yoy_growth_ratio,73.65693400,47.27306200,5.87867881,-0.39024676,0.94250843
2021-09-30,2021三季报,2021-3,2021三季度,sale_net_interest_ratio,15.6338,16.2428,9.52143482,-0.07591653,3.76971868
2021-09-30,2021三季报,2021-3,2021三季度,per_undistributed_profits,0.8245,,1.16233937,,
2021-09-30,2021三季报,2021-3,2021三季度,operating_income_total,164802432028.0000,56184413318.0000,0.73656934,-0.03699445,0.47273062
2021-09-30,2021三季报,2021-3,2021三季度,per_capital_reserve,1.3943,,0.26272414,,
2021-09-30,2021三季报,2021-3,2021三季度,index_full_diluted_roe,14.4072,5.7825,4.88361171,-0.14441074,3.37405446
2021-09-30,2021三季报,2021-3,2021三季度,calculate_parent_holder_net_profit_yoy_growth_ratio,714.24272400,440.30397400,20.21474834,-0.64667277,-0.30032691
2021-09-30,2021三季报,2021-3,2021三季度,assets_debt_ratio,53.3672,,-0.07540913,,
2021-09-30,2021三季报,2021-3,2021三季度,index_deduct_holder_net_profit,18598725052.0000,6937108280.0000,19.94923727,-0.03338233,5.51905306
2021-09-30,2021三季报,2021-3,2021三季度,index_weighted_avg_roe,19.7600,6.3600,7.16528926,-0.19391635,3.64233577
2021-09-30,2021三季报,2021-3,2021三季度,pe_ttm,11.61,,,,
2021-09-30,2021三季报,2021-3,2021三季度,pb,1.98,,,,
2021-06-30,2021中报,2021-2,2021二季度,index_per_operating_cash_flow_net,0.9410,0.5237,2.37034384,0.25497244,3.05654531
2021-06-30,2021中报,2021-2,2021二季度,deduct_net_profit_yoy_growth_ratio,6713.5713,2101.2765,53.83555791,1.11654377,233.25079708
2021-06-30,2021中报,2021-2,2021二季度,parent_holder_net_profit,12917163177.0000,7656633780.0000,10.37624684,0.45548731,12.46164838
2021-06-30,2021中报,2021-2,2021二季度,calc_per_net_assets,2.8090,,0.11743178,,
2021-06-30,2021中报,2021-2,2021二季度,inventory_turnover_ratio,3.5592,,0.01352621,,
2021-06-30,2021中报,2021-2,2021二季度,conservative_quick_ratio,1.0753,,0.02742213,,
2021-06-30,2021中报,2021-2,2021二季度,equity_ratio,2.2295,,0.13029151,,
2021-06-30,2021中报,2021-2,2021二季度,current_ratio,1.3737,,-0.00029110,,
2021-06-30,2021中报,2021-2,2021二季度,basic_eps,0.3670,0.2178,13.11538462,0.46272666,12.36196319
2021-06-30,2021中报,2021-2,2021二季度,business_cycle,100.1299,,-0.13061383,,
2021-06-30,2021中报,2021-2,2021二季度,receive_accounts_turnover_days,49.5567,,-0.22465771,,
2021-06-30,2021中报,2021-2,2021二季度,quick_ratio,1.0757,,0.02555058,,
2021-06-30,2021中报,2021-2,2021二季度,sale_gross_margin,31.2619,33.9605,0.98262927,0.20727411,1.01675258
2021-06-30,2021中报,2021-2,2021二季度,inventory_turnover_days,50.5732,,-0.01334447,,
2021-06-30,2021中报,2021-2,2021二季度,calculate_operating_income_total_yoy_growth_ratio,91.39290700,77.52818500,28.37990002,-0.29818304,4.17910690
2021-06-30,2021中报,2021-2,2021二季度,sale_net_interest_ratio,15.3160,17.5772,76.15869018,0.38494752,24.77302053
2021-06-30,2021中报,2021-2,2021二季度,per_undistributed_profits,0.7060,,1.03693018,,
2021-06-30,2021中报,2021-2,2021二季度,operating_income_total,108618018710.0000,58342772235.0000,0.91392907,0.16046715,0.77528185
2021-06-30,2021中报,2021-2,2021二季度,per_capital_reserve,1.0650,,-0.03375068,,
2021-06-30,2021中报,2021-2,2021二季度,index_full_diluted_roe,11.4002,6.7585,9.20791547,0.40620449,10.96194690
2021-06-30,2021中报,2021-2,2021二季度,calculate_parent_holder_net_profit_yoy_growth_ratio,1037.62468400,1246.16483800,33.48085179,0.50446187,161.45633075
2021-06-30,2021中报,2021-2,2021二季度,assets_debt_ratio,57.3123,,0.00231725,,
2021-06-30,2021中报,2021-2,2021二季度,index_deduct_holder_net_profit,11661616772.0000,7176682690.0000,67.13571346,0.60017573,21.01276471
2021-06-30,2021中报,2021-2,2021二季度,index_weighted_avg_roe,13.4000,7.8900,11.76190476,0.43194192,13.34545455
2021-06-30,2021中报,2021-2,2021二季度,pe_ttm,21.85,,,,
2021-06-30,2021中报,2021-2,2021二季度,pb,2.15,,,,
2021-03-31,2021一季报,2021-1,2021一季度,index_per_operating_cash_flow_net,0.4173,0.4173,1.78014657,-0.08002646,1.78014657
2021-03-31,2021一季报,2021-1,2021一季度,deduct_net_profit_yoy_growth_ratio,992.7867,992.7867,5.09244018,2.51660207,5.09244018
2021-03-31,2021一季报,2021-1,2021一季度,parent_holder_net_profit,5260529397.0000,5260529397.0000,8.28312674,1.05506300,8.28312674
2021-03-31,2021一季报,2021-1,2021一季度,calc_per_net_assets,2.8228,,0.12162753,,
2021-03-31,2021一季报,2021-1,2021一季度,inventory_turnover_ratio,1.8582,,0.17162673,,
2021-03-31,2021一季报,2021-1,2021一季度,conservative_quick_ratio,1.0152,,0.02659521,,
2021-03-31,2021一季报,2021-1,2021一季度,equity_ratio,2.2232,,0.12738337,,
2021-03-31,2021一季报,2021-1,2021一季度,current_ratio,1.2900,,-0.03153153,,
2021-03-31,2021一季报,2021-1,2021一季度,basic_eps,0.1490,0.1489,9.64285714,1.02309783,8.13496933
2021-03-31,2021一季报,2021-1,2021一季度,business_cycle,96.5932,,-0.18106794,,
2021-03-31,2021一季报,2021-1,2021一季度,receive_accounts_turnover_days,48.1592,,-0.21313254,,
2021-03-31,2021一季报,2021-1,2021一季度,quick_ratio,1.0157,,0.02471751,,
2021-03-31,2021一季报,2021-1,2021一季度,sale_gross_margin,28.1299,28.1299,0.96441965,-0.00102277,0.96441965
2021-03-31,2021一季报,2021-1,2021一季度,inventory_turnover_days,48.4340,,-0.14648481,,
2021-03-31,2021一季报,2021-1,2021一季度,calculate_operating_income_total_yoy_growth_ratio,110.46781300,110.46781300,12.38481701,2.24934013,12.38481701
2021-03-31,2021一季报,2021-1,2021一季度,sale_net_interest_ratio,12.6916,12.6916,28.89362637,0.42443798,28.89362637
2021-03-31,2021一季报,2021-1,2021一季度,per_undistributed_profits,0.5908,,0.66751341,,
2021-03-31,2021一季报,2021-1,2021一季度,operating_income_total,50275246475.0000,50275246475.0000,1.10467813,0.23674032,1.10467813
2021-03-31,2021一季报,2021-1,2021一季度,per_capital_reserve,1.1895,,0.07930315,,
2021-03-31,2021一季报,2021-1,2021一季度,index_full_diluted_roe,4.6119,4.8062,7.11097432,0.91871931,7.25665693
2021-03-31,2021一季报,2021-1,2021一季度,calculate_parent_holder_net_profit_yoy_growth_ratio,828.31267400,828.31267400,18.95907025,-0.77940221,18.95907025
2021-03-31,2021一季报,2021-1,2021一季度,assets_debt_ratio,58.4110,,0.01475989,,
2021-03-31,2021一季报,2021-1,2021一季度,index_deduct_holder_net_profit,4484934082.0000,4484934082.0000,9.92786664,1.51587299,9.92786664
2021-03-31,2021一季报,2021-1,2021一季度,index_weighted_avg_roe,5.5100,5.5100,10.02000000,1.01831502,10.02000000
2021-03-31,2021一季报,2021-1,2021一季度,pe_ttm,84.87,,,,
2021-03-31,2021一季报,2021-1,2021一季度,pb,2.49,,,,
2020-12-31,2020年报,2020-4,2020四季度,index_per_operating_cash_flow_net,1.1280,0.4536,0.50500334,0.14777328,0.65185725
2020-12-31,2020年报,2020-4,2020四季度,deduct_net_profit_yoy_growth_ratio,328.8713,282.3142,2.85930204,0.24582682,1.84665897
2020-12-31,2020年报,2020-4,2020四季度,parent_holder_net_profit,5035627952.0000,2559789850.0000,1.62457668,0.90973828,37.54854862
2020-12-31,2020年报,2020-4,2020四季度,calc_per_net_assets,2.5613,,0.02394659,,
2020-12-31,2020年报,2020-4,2020四季度,inventory_turnover_ratio,7.1898,,-0.10967742,,
2020-12-31,2020年报,2020-4,2020四季度,conservative_quick_ratio,0.9709,,-0.07144223,,
2020-12-31,2020年报,2020-4,2020四季度,equity_ratio,2.4290,,0.15821095,,
2020-12-31,2020年报,2020-4,2020四季度,current_ratio,1.2289,,-0.07781780,,
2020-12-31,2020年报,2020-4,2020四季度,basic_eps,0.1300,0.0736,1.60000000,0.91168831,37.73684211
2020-12-31,2020年报,2020-4,2020四季度,business_cycle,104.6536,,0.01075917,,
2020-12-31,2020年报,2020-4,2020四季度,receive_accounts_turnover_days,54.5827,,-0.07424657,,
2020-12-31,2020年报,2020-4,2020四季度,quick_ratio,0.9732,,-0.07128543,,
2020-12-31,2020年报,2020-4,2020四季度,sale_gross_margin,19.7189,28.1587,0.29933909,0.51321708,0.79417630
2020-12-31,2020年报,2020-4,2020四季度,inventory_turnover_days,50.0709,,0.12318722,,
2020-12-31,2020年报,2020-4,2020四季度,calculate_operating_income_total_yoy_growth_ratio,16.79566500,33.99699900,-0.13934271,0.39697863,2.48975620
2020-12-31,2020年报,2020-4,2020四季度,sale_net_interest_ratio,3.3406,8.9099,9.14184743,1.61640336,4.34757289
2020-12-31,2020年报,2020-4,2020四季度,per_undistributed_profits,0.4457,,0.25267004,,
2020-12-31,2020年报,2020-4,2020四季度,operating_income_total,135552569729.0000,40651417138.0000,0.16795665,0.06557288,0.33996999
2020-12-31,2020年报,2020-4,2020四季度,per_capital_reserve,1.0758,,-0.02395210,,
2020-12-31,2020年报,2020-4,2020四季度,index_full_diluted_roe,4.8759,2.5049,1.41572533,0.89478064,33.31369863
2020-12-31,2020年报,2020-4,2020四季度,calculate_parent_holder_net_profit_yoy_growth_ratio,162.45766800,3754.85486200,4.67997845,4.96672084,202.51963618
2020-12-31,2020年报,2020-4,2020四季度,assets_debt_ratio,59.1291,,0.00967169,,
2020-12-31,2020年报,2020-4,2020四季度,index_deduct_holder_net_profit,2670454834.0000,1782655206.0000,3.28871283,0.67522596,2.82314188
2020-12-31,2020年报,2020-4,2020四季度,index_weighted_avg_roe,5.1500,2.7300,1.38425926,0.99270073,135.50000000
2020-12-31,2020年报,2020-4,2020四季度,pe_ttm,70.9,,,,
2020-12-31,2020年报,2020-4,2020四季度,pb,2.08,,,,
2020-09-30,2020三季报,2020-3,2020三季度,index_per_operating_cash_flow_net,0.6744,0.3952,0.42008844,2.06119287,1.78899083
2020-09-30,2020三季报,2020-3,2020三季度,deduct_net_profit_yoy_growth_ratio,569.7342,226.6079,5.86121746,24.26230184,3.09911925
2020-09-30,2020三季报,2020-3,2020三季度,parent_holder_net_profit,2475838102.0000,1340387777.0000,0.33667273,1.35662688,6.29299571
2020-09-30,2020三季报,2020-3,2020三季度,calc_per_net_assets,2.4937,,0.00016043,,
2020-09-30,2020三季报,2020-3,2020三季度,inventory_turnover_ratio,5.8960,,-0.01847844,,
2020-09-30,2020三季报,2020-3,2020三季度,conservative_quick_ratio,0.9854,,-0.03430027,,
2020-09-30,2020三季报,2020-3,2020三季度,equity_ratio,2.0732,,-0.07902803,,
2020-09-30,2020三季报,2020-3,2020三季度,current_ratio,1.2797,,-0.04592559,,
2020-09-30,2020三季报,2020-3,2020三季度,basic_eps,0.0610,0.0385,0.15094340,1.36196319,6.26415094
2020-09-30,2020三季报,2020-3,2020三季度,business_cycle,103.9546,,-0.04079243,,
2020-09-30,2020三季报,2020-3,2020三季度,receive_accounts_turnover_days,58.1608,,-0.08304074,,
2020-09-30,2020三季报,2020-3,2020三季度,quick_ratio,0.9874,,-0.03234026,,
2020-09-30,2020三季报,2020-3,2020三季度,sale_gross_margin,16.9082,18.6085,0.12776218,0.10507031,0.57500275
2020-09-30,2020三季报,2020-3,2020三季度,inventory_turnover_days,45.7938,,0.01882637,,
2020-09-30,2020三季报,2020-3,2020三季度,calculate_operating_income_total_yoy_growth_ratio,10.70800600,24.33609100,-0.54247583,0.62572124,0.34796438
2020-09-30,2020三季报,2020-3,2020三季度,sale_net_interest_ratio,1.4859,3.4054,2.84549689,3.99325513,2.31123176
2020-09-30,2020三季报,2020-3,2020三季度,per_undistributed_profits,0.3813,,0.03445469,,
2020-09-30,2020三季报,2020-3,2020三季度,operating_income_total,94901152591.0000,38149823526.0000,0.10708006,0.16084112,0.24336091
2020-09-30,2020三季报,2020-3,2020三季度,per_capital_reserve,1.1042,,0.00482300,,
2020-09-30,2020三季报,2020-3,2020三季度,index_full_diluted_roe,2.4487,1.3220,0.14703954,1.33982301,5.23290901
2020-09-30,2020三季报,2020-3,2020三季度,calculate_parent_holder_net_profit_yoy_growth_ratio,33.66727300,629.29957100,1.74510045,82.02868660,12.54860198
2020-09-30,2020三季报,2020-3,2020三季度,assets_debt_ratio,57.7198,,-0.04130763,,
2020-09-30,2020三季报,2020-3,2020三季度,index_deduct_holder_net_profit,887799628.0000,1064128213.0000,5.69734246,2.26395982,2.26607949
2020-09-30,2020三季报,2020-3,2020三季度,index_weighted_avg_roe,2.4200,1.3700,0.13084112,1.49090909,5.22727273
2020-09-30,2020三季报,2020-3,2020三季度,pe_ttm,132.35,,,,
2020-09-30,2020三季报,2020-3,2020三季度,pb,2.1,,,,
2020-06-30,2020中报,2020-2,2020二季度,index_per_operating_cash_flow_net,0.2792,0.1291,-0.16206483,-0.13990673,-0.17296605
2020-06-30,2020中报,2020-2,2020二季度,deduct_net_profit_yoy_growth_ratio,-127.0654,8.9702,-1.24280817,1.03697673,-0.31772580
2020-06-30,2020中报,2020-2,2020二季度,parent_holder_net_profit,1135450325.0000,568773865.0000,-0.31945735,0.00370124,-0.07766380
2020-06-30,2020中报,2020-2,2020二季度,calc_per_net_assets,2.5138,,0.01101995,,
2020-06-30,2020中报,2020-2,2020二季度,inventory_turnover_ratio,3.5117,,0.00945728,,
2020-06-30,2020中报,2020-2,2020二季度,conservative_quick_ratio,1.0466,,-0.01282777,,
2020-06-30,2020中报,2020-2,2020二季度,equity_ratio,1.9725,,-0.11372214,,
2020-06-30,2020中报,2020-2,2020二季度,current_ratio,1.3741,,-0.02386872,,
2020-06-30,2020中报,2020-2,2020二季度,basic_eps,0.0260,0.0163,-0.45833333,0.00000000,-0.07909605
2020-06-30,2020中报,2020-2,2020二季度,business_cycle,115.1731,,-0.00505192,,
2020-06-30,2020中报,2020-2,2020二季度,receive_accounts_turnover_days,63.9159,,-0.00156211,,
2020-06-30,2020中报,2020-2,2020二季度,quick_ratio,1.0489,,-0.01065837,,
2020-06-30,2020中报,2020-2,2020二季度,sale_gross_margin,15.7679,16.8392,-0.05943021,0.17594642,0.05670323
2020-06-30,2020中报,2020-2,2020二季度,inventory_turnover_days,51.2572,,-0.00936956,,
2020-06-30,2020中报,2020-2,2020二季度,calculate_operating_income_total_yoy_growth_ratio,3.11072900,14.96941200,-0.88306789,2.54274817,-0.50891996
2020-06-30,2020中报,2020-2,2020二季度,sale_net_interest_ratio,0.1985,0.6820,-0.90315183,2.49890110,-0.31888545
2020-06-30,2020中报,2020-2,2020二季度,per_undistributed_profits,0.3466,,-0.04596752,,
2020-06-30,2020中报,2020-2,2020二季度,operating_income_total,56751329065.0000,32863949005.0000,0.03110729,0.37578709,0.14969412
2020-06-30,2020中报,2020-2,2020二季度,per_capital_reserve,1.1022,,0.00373372,,
2020-06-30,2020中报,2020-2,2020二季度,index_full_diluted_roe,1.1168,0.5650,-0.42083701,-0.02937640,-0.20467342
2020-06-30,2020中报,2020-2,2020二季度,calculate_parent_holder_net_profit_yoy_growth_ratio,-31.94573500,-7.76638000,0.27266446,0.83161315,0.78141217
2020-06-30,2020中报,2020-2,2020二季度,assets_debt_ratio,57.1798,,-0.05855177,,
2020-06-30,2020中报,2020-2,2020二季度,index_deduct_holder_net_profit,-176328585.0000,326023686.0000,-1.27065414,1.64899415,0.08970234
2020-06-30,2020中报,2020-2,2020二季度,index_weighted_avg_roe,1.0500,0.5500,-0.45312500,0.10000000,-0.21428571
2020-06-30,2020中报,2020-2,2020二季度,pe_ttm,111.42,,,,
2020-06-30,2020中报,2020-2,2020二季度,pb,1.82,,,,
2020-03-31,2020一季报,2020-1,2020一季度,index_per_operating_cash_flow_net,0.1501,0.1501,-0.15245624,-0.45338674,-0.15245624
2020-03-31,2020一季报,2020-1,2020一季度,deduct_net_profit_yoy_growth_ratio,-242.5904,-242.5904,-2.39020798,0.27247252,-2.39020798
2020-03-31,2020一季报,2020-1,2020一季度,parent_holder_net_profit,566676460.0000,566676460.0000,-0.46122247,7.53372986,-0.46122247
2020-03-31,2020一季报,2020-1,2020一季度,calc_per_net_assets,2.5167,,0.00571451,,
2020-03-31,2020一季报,2020-1,2020一季度,inventory_turnover_ratio,1.5860,,-0.09758179,,
2020-03-31,2020一季报,2020-1,2020一季度,conservative_quick_ratio,0.9889,,-0.16478041,,
2020-03-31,2020一季报,2020-1,2020一季度,equity_ratio,1.9720,,-0.07396102,,
2020-03-31,2020一季报,2020-1,2020一季度,current_ratio,1.3320,,-0.13145540,,
2020-03-31,2020一季报,2020-1,2020一季度,basic_eps,0.0140,0.0163,-0.53333333,7.57894737,-0.46026490
2020-03-31,2020一季报,2020-1,2020一季度,business_cycle,117.9502,,0.01930762,,
2020-03-31,2020一季报,2020-1,2020一季度,receive_accounts_turnover_days,61.2037,,-0.05120693,,
2020-03-31,2020一季报,2020-1,2020一季度,quick_ratio,0.9912,,-0.16283784,,
2020-03-31,2020一季报,2020-1,2020一季度,sale_gross_margin,14.3197,14.3197,-0.18912200,-0.08759757,-0.18912200
2020-03-31,2020一季报,2020-1,2020一季度,inventory_turnover_days,56.7465,,0.10813312,,
2020-03-31,2020一季报,2020-1,2020一季度,calculate_operating_income_total_yoy_growth_ratio,-9.70308200,-9.70308200,-1.42816755,-1.99601116,-1.42816755
2020-03-31,2020一季报,2020-1,2020一季度,sale_net_interest_ratio,-0.4550,-0.4550,-1.14297835,0.82905020,-1.14297835
2020-03-31,2020一季报,2020-1,2020一季度,per_undistributed_profits,0.3543,,-0.05721128,,
2020-03-31,2020一季报,2020-1,2020一季度,operating_income_total,23887380060.0000,23887380060.0000,-0.09703082,-0.21261362,-0.09703082
2020-03-31,2020一季报,2020-1,2020一季度,per_capital_reserve,1.1021,,0.00355127,,
2020-03-31,2020一季报,2020-1,2020一季度,index_full_diluted_roe,0.5686,0.5821,-0.52926567,6.97397260,-0.52145676
2020-03-31,2020一季报,2020-1,2020一季度,calculate_parent_holder_net_profit_yoy_growth_ratio,-46.12224700,-46.12224700,0.03707092,-3.49990566,0.03707092
2020-03-31,2020一季报,2020-1,2020一季度,assets_debt_ratio,57.5614,,-0.04298165,,
2020-03-31,2020一季报,2020-1,2020一季度,index_deduct_holder_net_profit,-502352271.0000,-502352271.0000,-2.42590392,0.48623858,-2.42590392
2020-03-31,2020一季报,2020-1,2020一季度,index_weighted_avg_roe,0.5000,0.5000,-0.59016393,24.00000000,-0.59016393
2020-03-31,2020一季报,2020-1,2020一季度,pe_ttm,71.85,,,,
2020-03-31,2020一季报,2020-1,2020一季度,pb,1.58,,,,
2019-12-31,2019年报,2019-4,2019四季度,index_per_operating_cash_flow_net,0.7495,0.2746,0.01544506,0.93789697,0.29345266
2019-12-31,2019年报,2019-4,2019四季度,deduct_net_profit_yoy_growth_ratio,-176.8789,-333.4450,-1.28888857,-2.08877501,-6.40077771
2019-12-31,2019年报,2019-4,2019四季度,parent_holder_net_profit,1918643871.0000,66404312.0000,-0.44146364,-0.63869682,0.18449595
2019-12-31,2019年报,2019-4,2019四季度,calc_per_net_assets,2.5014,,0.01382078,,
2019-12-31,2019年报,2019-4,2019四季度,inventory_turnover_ratio,8.0755,,0.09387064,,
2019-12-31,2019年报,2019-4,2019四季度,conservative_quick_ratio,1.0456,,-0.12633690,,
2019-12-31,2019年报,2019-4,2019四季度,equity_ratio,2.0972,,-0.01967933,,
2019-12-31,2019年报,2019-4,2019四季度,current_ratio,1.3326,,-0.16816479,,
2019-12-31,2019年报,2019-4,2019四季度,basic_eps,0.0500,0.0019,-0.50000000,-0.64150943,0.18750000
2019-12-31,2019年报,2019-4,2019四季度,business_cycle,103.5396,,-0.09470566,,
2019-12-31,2019年报,2019-4,2019四季度,receive_accounts_turnover_days,58.9603,,-0.10131358,,
2019-12-31,2019年报,2019-4,2019四季度,quick_ratio,1.0479,,-0.12441511,,
2019-12-31,2019年报,2019-4,2019四季度,sale_gross_margin,15.1761,15.6945,-0.25578898,0.32836503,-0.35515482
2019-12-31,2019年报,2019-4,2019四季度,inventory_turnover_days,44.5793,,-0.08581536,,
2019-12-31,2019年报,2019-4,2019四季度,calculate_operating_income_total_yoy_growth_ratio,19.51492800,9.74194100,4.53293833,-0.46039857,-0.26936465
2019-12-31,2019年报,2019-4,2019四季度,sale_net_interest_ratio,-0.4103,-2.6616,-1.13835312,-0.02483539,-7.14443084
2019-12-31,2019年报,2019-4,2019四季度,per_undistributed_profits,0.3558,,0.04770318,,
2019-12-31,2019年报,2019-4,2019四季度,operating_income_total,116059590164.0000,30337557931.0000,0.19514928,-0.01125273,0.09741941
2019-12-31,2019年报,2019-4,2019四季度,per_capital_reserve,1.1022,,0.00373372,,
2019-12-31,2019年报,2019-4,2019四季度,index_full_diluted_roe,2.0184,0.0730,-0.49552612,-0.65582273,0.11791730
2019-12-31,2019年报,2019-4,2019四季度,calculate_parent_holder_net_profit_yoy_growth_ratio,-44.14636400,18.44959500,0.19157590,1.33857806,1.19448005
2019-12-31,2019年报,2019-4,2019四季度,assets_debt_ratio,58.5627,,-0.03061949,,
2019-12-31,2019年报,2019-4,2019四季度,index_deduct_holder_net_profit,-1166793317.0000,-977792912.0000,-1.76878929,-0.16335939,-3.33444964
2019-12-31,2019年报,2019-4,2019四季度,index_weighted_avg_roe,2.1600,0.0200,-0.46000000,-0.90909091,-0.75000000
2019-12-31,2019年报,2019-4,2019四季度,pe_ttm,85.71,,,,
2019-12-31,2019年报,2019-4,2019四季度,pb,1.89,,,,
2019-09-30,2019三季报,2019-3,2019三季度,index_per_operating_cash_flow_net,0.4749,0.1417,-0.09680487,-0.09224856,-0.28107560
2019-09-30,2019三季报,2019-3,2019三季度,deduct_net_profit_yoy_growth_ratio,-117.1999,-107.9538,-0.43929651,-9.21097547,-0.15234180
2019-09-30,2019三季报,2019-3,2019三季度,parent_holder_net_profit,1852239559.0000,183791110.0000,-0.45184878,-0.70196030,-0.54491407
2019-09-30,2019三季报,2019-3,2019三季度,calc_per_net_assets,2.4933,,0.01098857,,
2019-09-30,2019三季报,2019-3,2019三季度,inventory_turnover_ratio,6.0070,,0.12581292,,
2019-09-30,2019三季报,2019-3,2019三季度,conservative_quick_ratio,1.0204,,-0.25207066,,
2019-09-30,2019三季报,2019-3,2019三季度,equity_ratio,2.2511,,0.09149535,,
2019-09-30,2019三季报,2019-3,2019三季度,current_ratio,1.3413,,-0.27103261,,
2019-09-30,2019三季报,2019-3,2019三季度,basic_eps,0.0530,0.0053,-0.45360825,-0.70056497,-0.54310345
2019-09-30,2019三季报,2019-3,2019三季度,business_cycle,108.3755,,-0.08149584,,
2019-09-30,2019三季报,2019-3,2019三季度,receive_accounts_turnover_days,63.4279,,-0.05877683,,
2019-09-30,2019三季报,2019-3,2019三季度,quick_ratio,1.0204,,-0.25207066,,
2019-09-30,2019三季报,2019-3,2019三季度,sale_gross_margin,14.9927,11.8149,-0.20343540,-0.25858455,-0.35285644
2019-09-30,2019三季报,2019-3,2019三季度,inventory_turnover_days,44.9476,,-0.11175140,,
2019-09-30,2019三季报,2019-3,2019三季度,calculate_operating_income_total_yoy_growth_ratio,23.40424100,18.05395700,288.78556040,-0.40772972,2.77194787
2019-09-30,2019三季报,2019-3,2019三季度,sale_net_interest_ratio,0.3864,-2.5971,-0.90963306,-3.59372815,-5.78287293
2019-09-30,2019三季报,2019-3,2019三季度,per_undistributed_profits,0.3686,,0.06655093,,
2019-09-30,2019三季报,2019-3,2019三季度,operating_income_total,85722032233.0000,30682823546.0000,0.23404241,0.07339084,0.18053957
2019-09-30,2019三季报,2019-3,2019三季度,per_capital_reserve,1.0989,,-0.00063660,,
2019-09-30,2019三季报,2019-3,2019三季度,index_full_diluted_roe,2.1348,0.2121,-0.45781480,-0.70143581,-0.55025445
2019-09-30,2019三季报,2019-3,2019三季度,calculate_parent_holder_net_profit_yoy_growth_ratio,-45.18487800,-54.49140700,0.05508561,-0.53368213,0.33069696
2019-09-30,2019三季报,2019-3,2019三季度,assets_debt_ratio,60.2068,,-0.01459608,,
2019-09-30,2019三季报,2019-3,2019三季度,index_deduct_holder_net_profit,-189000405.0000,-840490839.0000,-1.17199858,-3.80925857,-8.00526517
2019-09-30,2019三季报,2019-3,2019三季度,index_weighted_avg_roe,2.1400,0.2200,-0.45408163,-0.68571429,-0.53191489
2019-09-30,2019三季报,2019-3,2019三季度,pe_ttm,61.64,,,,
2019-09-30,2019三季报,2019-3,2019三季度,pb,1.52,,,,
2019-06-30,2019中报,2019-2,2019二季度,index_per_operating_cash_flow_net,0.3332,0.1561,0.01369030,-0.11857708,0.28160920
2019-06-30,2019中报,2019-2,2019二季度,deduct_net_profit_yoy_growth_ratio,-56.6546,13.1475,0.25096712,1.18373670,1.13244156
2019-06-30,2019中报,2019-2,2019二季度,parent_holder_net_profit,1668448449.0000,616666530.0000,-0.43921592,-0.41369354,-0.35529792
2019-06-30,2019中报,2019-2,2019二季度,calc_per_net_assets,2.4864,,0.01237785,,
2019-06-30,2019中报,2019-2,2019二季度,inventory_turnover_ratio,3.4788,,-0.01553612,,
2019-06-30,2019中报,2019-2,2019二季度,conservative_quick_ratio,1.0602,,-0.24952219,,
2019-06-30,2019中报,2019-2,2019二季度,equity_ratio,2.2256,,0.16098070,,
2019-06-30,2019中报,2019-2,2019二季度,current_ratio,1.4077,,-0.30913820,,
2019-06-30,2019中报,2019-2,2019二季度,basic_eps,0.0480,0.0177,-0.43529412,-0.41390728,-0.35636364
2019-06-30,2019中报,2019-2,2019二季度,business_cycle,115.7579,,-0.02712926,,
2019-06-30,2019中报,2019-2,2019二季度,receive_accounts_turnover_days,64.0159,,-0.05925100,,
2019-06-30,2019中报,2019-2,2019二季度,quick_ratio,1.0602,,-0.24952219,,
2019-06-30,2019中报,2019-2,2019二季度,sale_gross_margin,16.7642,15.9356,-0.12501435,-0.09761885,-0.09325443
2019-06-30,2019中报,2019-2,2019二季度,inventory_turnover_days,51.7420,,0.01578190,,
2019-06-30,2019中报,2019-2,2019二季度,calculate_operating_income_total_yoy_growth_ratio,26.60286400,30.48263200,11.49065092,0.34510600,9.22672716
2019-06-30,2019中报,2019-2,2019二季度,sale_net_interest_ratio,2.0496,1.0013,-0.68504518,-0.68535336,-0.75416155
2019-06-30,2019中报,2019-2,2019二季度,per_undistributed_profits,0.3633,,0.08805031,,
2019-06-30,2019中报,2019-2,2019二季度,operating_income_total,55039208687.0000,28584950133.0000,0.26602864,0.08054248,0.30482632
2019-06-30,2019中报,2019-2,2019二季度,per_capital_reserve,1.0981,,-0.00081893,,
2019-06-30,2019中报,2019-2,2019二季度,index_full_diluted_roe,1.9283,0.7104,-0.44608181,-0.41598159,-0.36097868
2019-06-30,2019中报,2019-2,2019二季度,calculate_parent_holder_net_profit_yoy_growth_ratio,-43.92159200,-35.52979200,-0.42366594,0.25821763,0.28047943
2019-06-30,2019中报,2019-2,2019二季度,assets_debt_ratio,60.7360,,0.02401209,,
2019-06-30,2019中报,2019-2,2019二季度,index_deduct_holder_net_profit,651490434.0000,299186002.0000,-0.33444558,-0.15077423,22.88452203
2019-06-30,2019中报,2019-2,2019二季度,index_weighted_avg_roe,1.9200,0.7000,-0.44347826,-0.42622951,-0.36363636
2019-06-30,2019中报,2019-2,2019二季度,pe_ttm,48.78,,,,
2019-06-30,2019中报,2019-2,2019二季度,pb,1.38,,,,
2019-03-31,2019一季报,2019-1,2019一季度,index_per_operating_cash_flow_net,0.1771,0.1771,-0.14403093,-0.16580311,-0.14403093
2019-03-31,2019一季报,2019-1,2019一季度,deduct_net_profit_yoy_growth_ratio,-71.5562,-71.5562,-0.23348514,-0.58818255,-0.23348514
2019-03-31,2019一季报,2019-1,2019一季度,parent_holder_net_profit,1051781919.0000,1051781919.0000,-0.47897865,17.76130316,-0.47897865
2019-03-31,2019一季报,2019-1,2019一季度,calc_per_net_assets,2.5024,,0.00542408,,
2019-03-31,2019一季报,2019-1,2019一季度,inventory_turnover_ratio,1.7575,,0.00895574,,
2019-03-31,2019一季报,2019-1,2019一季度,conservative_quick_ratio,1.1840,,-0.15867264,,
2019-03-31,2019一季报,2019-1,2019一季度,equity_ratio,2.1295,,0.17984376,,
2019-03-31,2019一季报,2019-1,2019一季度,current_ratio,1.5336,,-0.20997321,,
2019-03-31,2019一季报,2019-1,2019一季度,basic_eps,0.0300,0.0302,-0.48275862,17.87500000,-0.47931034
2019-03-31,2019一季报,2019-1,2019一季度,business_cycle,115.7160,,0.02049617,,
2019-03-31,2019一季报,2019-1,2019一季度,receive_accounts_turnover_days,64.5069,,0.04508280,,
2019-03-31,2019一季报,2019-1,2019一季度,quick_ratio,1.1840,,-0.15867264,,
2019-03-31,2019一季报,2019-1,2019一季度,sale_gross_margin,17.6595,17.6595,-0.14973061,-0.27441820,-0.14973061
2019-03-31,2019一季报,2019-1,2019一季度,inventory_turnover_days,51.2091,,-0.00887595,,
2019-03-31,2019一季报,2019-1,2019一季度,calculate_operating_income_total_yoy_growth_ratio,22.66188100,22.66188100,18.18741449,0.69961728,18.18741449
2019-03-31,2019一季报,2019-1,2019一季度,sale_net_interest_ratio,3.1823,3.1823,-0.64564728,10.73776010,-0.64564728
2019-03-31,2019一季报,2019-1,2019一季度,per_undistributed_profits,0.3758,,0.08019546,,
2019-03-31,2019一季报,2019-1,2019一季度,operating_income_total,26454258554.0000,26454258554.0000,0.22661881,-0.04305360,0.22661881
2019-03-31,2019一季报,2019-1,2019一季度,per_capital_reserve,1.0982,,-0.00964920,,
2019-03-31,2019一季报,2019-1,2019一季度,index_full_diluted_roe,1.2079,1.2164,-0.48174368,17.62787136,-0.48352582
2019-03-31,2019一季报,2019-1,2019一季度,calculate_parent_holder_net_profit_yoy_growth_ratio,-47.89786500,-47.89786500,-1.93105574,0.49510115,-1.93105574
2019-03-31,2019一季报,2019-1,2019一季度,assets_debt_ratio,60.1466,,0.01084854,,
2019-03-31,2019一季报,2019-1,2019一季度,index_deduct_holder_net_profit,352304432.0000,352304432.0000,-0.63542484,-0.15888432,-0.63542484
2019-03-31,2019一季报,2019-1,2019一季度,index_weighted_avg_roe,1.2200,1.2200,-0.48085106,14.25000000,-0.48085106
2019-03-31,2019一季报,2019-1,2019一季度,pe_ttm,39.51,,,,
2019-03-31,2019一季报,2019-1,2019一季度,pb,1.58,,,,
2018-12-31,2018年报,2018-4,2018四季度,index_per_operating_cash_flow_net,0.7381,0.2123,-0.02212507,0.07711821,-0.04968666
2018-12-31,2018年报,2018-4,2018四季度,deduct_net_profit_yoy_growth_ratio,-77.2772,-45.0554,-1.00145299,0.51906074,0.22249641
2018-12-31,2018年报,2018-4,2018四季度,parent_holder_net_profit,3435127975.0000,56061240.0000,-0.54607927,-0.86118653,-0.94866259
2018-12-31,2018年报,2018-4,2018四季度,calc_per_net_assets,2.4673,,0.01534979,,
2018-12-31,2018年报,2018-4,2018四季度,inventory_turnover_ratio,7.3825,,-0.11813892,,
2018-12-31,2018年报,2018-4,2018四季度,conservative_quick_ratio,1.1968,,-0.19882180,,
2018-12-31,2018年报,2018-4,2018四季度,equity_ratio,2.1393,,0.19500614,,
2018-12-31,2018年报,2018-4,2018四季度,current_ratio,1.6020,,-0.20147543,,
2018-12-31,2018年报,2018-4,2018四季度,basic_eps,0.1000,0.0016,-0.54545455,-0.86206897,-0.94904459
2018-12-31,2018年报,2018-4,2018四季度,business_cycle,114.3712,,0.10136878,,
2018-12-31,2018年报,2018-4,2018四季度,receive_accounts_turnover_days,65.6072,,0.07832799,,
2018-12-31,2018年报,2018-4,2018四季度,quick_ratio,1.1968,,-0.19882180,,
2018-12-31,2018年报,2018-4,2018四季度,sale_gross_margin,20.3922,24.3384,-0.18666741,0.33309963,0.10243240
2018-12-31,2018年报,2018-4,2018四季度,inventory_turnover_days,48.7640,,0.13396740,,
2018-12-31,2018年报,2018-4,2018四季度,calculate_operating_income_total_yoy_growth_ratio,3.52704600,13.33352000,-0.90242927,1.78572406,1.29673215
2018-12-31,2018年报,2018-4,2018四季度,sale_net_interest_ratio,2.9656,-0.3268,-0.64610556,-1.60184162,-1.07475182
2018-12-31,2018年报,2018-4,2018四季度,per_undistributed_profits,0.3396,,0.13768844,,
2018-12-31,2018年报,2018-4,2018四季度,operating_income_total,97108864935.0000,27644451646.0000,0.03527046,0.06363644,0.13333520
2018-12-31,2018年报,2018-4,2018四季度,per_capital_reserve,1.0981,,-0.00965007,,
2018-12-31,2018年报,2018-4,2018四季度,index_full_diluted_roe,4.0010,0.0653,-0.55161323,-0.86153520,-0.94961031
2018-12-31,2018年报,2018-4,2018四季度,calculate_parent_holder_net_profit_yoy_growth_ratio,-54.60792700,-94.86625900,-1.18082908,-0.16521629,-1.54271161
2018-12-31,2018年报,2018-4,2018四季度,assets_debt_ratio,60.4125,,0.01908190,,
2018-12-31,2018年报,2018-4,2018四季度,index_deduct_holder_net_profit,1517702353.0000,418853719.0000,-0.77277221,2.49103313,-0.45055409
2018-12-31,2018年报,2018-4,2018四季度,index_weighted_avg_roe,4.0000,0.0800,-0.56756757,-0.82978723,-0.93798450
2018-12-31,2018年报,2018-4,2018四季度,pe_ttm,20.47,,,,
2018-12-31,2018年报,2018-4,2018四季度,pb,1.07,,,,
2018-09-30,2018三季报,2018-3,2018三季度,index_per_operating_cash_flow_net,0.5258,0.1971,-0.01053820,0.61822660,-0.13854895
2018-09-30,2018三季报,2018-3,2018三季度,deduct_net_profit_yoy_growth_ratio,-81.4286,-93.6821,-1.18996032,0.05629182,-1.34340493
2018-09-30,2018三季报,2018-3,2018三季度,parent_holder_net_profit,3379066735.0000,403860235.0000,-0.47819018,-0.57777904,-0.81415150
2018-09-30,2018三季报,2018-3,2018三季度,calc_per_net_assets,2.4662,,0.02502078,,
2018-09-30,2018三季报,2018-3,2018三季度,inventory_turnover_ratio,5.3357,,-0.10525875,,
2018-09-30,2018三季报,2018-3,2018三季度,conservative_quick_ratio,1.3643,,-0.08638586,,
2018-09-30,2018三季报,2018-3,2018三季度,equity_ratio,2.0624,,0.28698908,,
2018-09-30,2018三季报,2018-3,2018三季度,current_ratio,1.8400,,-0.09189616,,
2018-09-30,2018三季报,2018-3,2018三季度,basic_eps,0.0970,0.0116,-0.47567568,-0.57818182,-0.81410256
2018-09-30,2018三季报,2018-3,2018三季度,business_cycle,117.9913,,0.11264263,,
2018-09-30,2018三季报,2018-3,2018三季度,receive_accounts_turnover_days,67.3888,,0.10891923,,
2018-09-30,2018三季报,2018-3,2018三季度,quick_ratio,1.3643,,-0.08638586,,
2018-09-30,2018三季报,2018-3,2018三季度,sale_gross_margin,18.8217,18.2570,-0.27955215,0.03883468,-0.21426604
2018-09-30,2018三季报,2018-3,2018三季度,inventory_turnover_days,50.6025,,0.11764017,,
2018-09-30,2018三季报,2018-3,2018三季度,calculate_operating_income_total_yoy_growth_ratio,0.08076400,4.78637500,-0.99842896,2.29175857,-0.82841110
2018-09-30,2018三季报,2018-3,2018三季度,sale_net_interest_ratio,4.2759,0.5430,-0.56317107,-0.86668303,-0.93876584
2018-09-30,2018三季报,2018-3,2018三季度,per_undistributed_profits,0.3456,,0.27386657,,
2018-09-30,2018三季报,2018-3,2018三季度,operating_income_total,69464413289.0000,25990508323.0000,0.00080764,0.18639701,0.04786375
2018-09-30,2018三季报,2018-3,2018三季度,per_capital_reserve,1.0996,,-0.01026103,,
2018-09-30,2018三季报,2018-3,2018三季度,index_full_diluted_roe,3.9374,0.4716,-0.49093025,-0.57578483,-0.82037707
2018-09-30,2018三季报,2018-3,2018三季度,calculate_parent_holder_net_profit_yoy_growth_ratio,-47.81901800,-81.41515000,-1.01061816,-0.64875368,-1.35292851
2018-09-30,2018三季报,2018-3,2018三季度,assets_debt_ratio,61.0986,,0.08814536,,
2018-09-30,2018三季报,2018-3,2018三季度,index_deduct_holder_net_profit,1098848634.0000,119979875.0000,-0.81428614,8.57819533,-0.93682100
2018-09-30,2018三季报,2018-3,2018三季度,index_weighted_avg_roe,3.9200,0.4700,-0.50753769,-0.57272727,-0.86494253
2018-09-30,2018三季报,2018-3,2018三季度,pe_ttm,17.57,,,,
2018-09-30,2018三季报,2018-3,2018三季度,pb,1.28,,,,
2018-06-30,2018中报,2018-2,2018二季度,index_per_operating_cash_flow_net,0.3287,0.1218,0.08625248,-0.41130981,-0.03179650
2018-06-30,2018中报,2018-2,2018二季度,deduct_net_profit_yoy_growth_ratio,-75.6370,-99.2702,-1.27609239,-0.71121883,-1.35439088
2018-06-30,2018中报,2018-2,2018二季度,parent_holder_net_profit,2975206500.0000,956513946.0000,-0.30851052,-0.52617156,-0.49379814
2018-06-30,2018中报,2018-2,2018二季度,calc_per_net_assets,2.4560,,0.05530013,,
2018-06-30,2018中报,2018-2,2018二季度,inventory_turnover_ratio,3.5337,,-0.03574645,,
2018-06-30,2018中报,2018-2,2018二季度,conservative_quick_ratio,1.4127,,0.05182042,,
2018-06-30,2018中报,2018-2,2018二季度,equity_ratio,1.9170,,0.22523329,,
2018-06-30,2018中报,2018-2,2018二季度,current_ratio,2.0376,,0.17191005,,
2018-06-30,2018中报,2018-2,2018二季度,basic_eps,0.0850,0.0275,-0.30894309,-0.52586207,-0.48884758
2018-06-30,2018中报,2018-2,2018二季度,business_cycle,118.9859,,0.02739143,,
2018-06-30,2018中报,2018-2,2018二季度,receive_accounts_turnover_days,68.0478,,0.02026349,,
2018-06-30,2018中报,2018-2,2018二季度,quick_ratio,1.4127,,0.05182042,,
2018-06-30,2018中报,2018-2,2018二季度,sale_gross_margin,19.1594,17.5745,-0.30911805,-0.15382319,-0.34587770
2018-06-30,2018中报,2018-2,2018二季度,inventory_turnover_days,50.9381,,0.03707044,,
2018-06-30,2018中报,2018-2,2018二季度,calculate_operating_income_total_yoy_growth_ratio,-2.53586400,-3.70531700,-1.03693912,-1.81021770,-1.06097153
2018-06-30,2018中报,2018-2,2018二季度,sale_net_interest_ratio,6.5076,4.0730,-0.36822484,-0.54646683,-0.53429607
2018-06-30,2018中报,2018-2,2018二季度,per_undistributed_profits,0.3339,,0.61538462,,
2018-06-30,2018中报,2018-2,2018二季度,operating_income_total,43473904966.0000,21907091929.0000,-0.02535864,0.01577789,-0.03705317
2018-06-30,2018中报,2018-2,2018二季度,per_capital_reserve,1.0990,,-0.01523297,,
2018-06-30,2018中报,2018-2,2018二季度,index_full_diluted_roe,3.4812,1.1117,-0.33807423,-0.52798064,-0.52114921
2018-06-30,2018中报,2018-2,2018二季度,calculate_parent_holder_net_profit_yoy_growth_ratio,-30.85105200,-49.37981400,-1.03306383,-2.02174194,-1.12270344
2018-06-30,2018中报,2018-2,2018二季度,assets_debt_ratio,59.3118,,0.04476077,,
2018-06-30,2018中报,2018-2,2018二季度,index_deduct_holder_net_profit,978868759.0000,12526355.0000,-0.75636965,-0.98703735,-0.99270197
2018-06-30,2018中报,2018-2,2018二季度,index_weighted_avg_roe,3.4500,1.1000,-0.22991071,-0.53191489,-0.24657534
2018-06-30,2018中报,2018-2,2018二季度,pe_ttm,18.97,,,,
2018-06-30,2018中报,2018-2,2018二季度,pb,1.57,,,,
2018-03-31,2018一季报,2018-1,2018一季度,index_per_operating_cash_flow_net,0.2069,0.2069,0.17024887,-0.07385855,0.17024887
2018-03-31,2018一季报,2018-1,2018一季度,deduct_net_profit_yoy_growth_ratio,-58.0114,-58.0114,-1.21515259,-0.00108026,-1.21515259
2018-03-31,2018一季报,2018-1,2018一季度,parent_holder_net_profit,2018692554.0000,2018692554.0000,-0.16341506,0.84859370,-0.16341506
2018-03-31,2018一季报,2018-1,2018一季度,calc_per_net_assets,2.4889,,0.08048622,,
2018-03-31,2018一季报,2018-1,2018一季度,inventory_turnover_ratio,1.7419,,-0.04537732,,
2018-03-31,2018一季报,2018-1,2018一季度,conservative_quick_ratio,1.4073,,-0.13359601,,
2018-03-31,2018一季报,2018-1,2018一季度,equity_ratio,1.8049,,0.24647790,,
2018-03-31,2018一季报,2018-1,2018一季度,current_ratio,1.9412,,-0.07412000,,
2018-03-31,2018一季报,2018-1,2018一季度,basic_eps,0.0580,0.0580,-0.15942029,0.84713376,-0.15451895
2018-03-31,2018一季报,2018-1,2018一季度,business_cycle,113.3919,,-0.00591584,,
2018-03-31,2018一季报,2018-1,2018一季度,receive_accounts_turnover_days,61.7242,,-0.04663480,,
2018-03-31,2018一季报,2018-1,2018一季度,quick_ratio,1.4073,,-0.13359601,,
2018-03-31,2018一季报,2018-1,2018一季度,sale_gross_margin,20.7693,20.7693,-0.27460219,-0.05923359,-0.27460219
2018-03-31,2018一季报,2018-1,2018一季度,inventory_turnover_days,51.6677,,0.04753341,,
2018-03-31,2018一季报,2018-1,2018一季度,calculate_operating_income_total_yoy_growth_ratio,-1.31851600,-1.31851600,-1.01696596,-1.22711768,-1.01696596
2018-03-31,2018一季报,2018-1,2018一季度,sale_net_interest_ratio,8.9806,8.9806,-0.24652443,1.05421108,-0.24652443
2018-03-31,2018一季报,2018-1,2018一季度,per_undistributed_profits,0.3479,,0.90421456,,
2018-03-31,2018一季报,2018-1,2018一季度,operating_income_total,21566813037.0000,21566813037.0000,-0.01318516,-0.11582879,-0.01318516
2018-03-31,2018一季报,2018-1,2018一季度,per_capital_reserve,1.1089,,-0.00072092,,
2018-03-31,2018一季报,2018-1,2018一季度,index_full_diluted_roe,2.3307,2.3552,-0.21788591,0.81742418,-0.22075172
2018-03-31,2018一季报,2018-1,2018一季度,calculate_parent_holder_net_profit_yoy_growth_ratio,-16.34150600,-16.34150600,-1.00768086,0.56199667,-1.00768086
2018-03-31,2018一季报,2018-1,2018一季度,assets_debt_ratio,59.5011,,0.08467213,,
2018-03-31,2018一季报,2018-1,2018一季度,index_deduct_holder_net_profit,966342404.0000,966342404.0000,-0.58011440,0.26763320,-0.58011440
2018-03-31,2018一季报,2018-1,2018一季度,index_weighted_avg_roe,2.3500,2.3500,-0.22185430,0.82170543,-0.22185430
2018-03-31,2018一季报,2018-1,2018一季度,pe_ttm,24.69,,,,
2018-03-31,2018一季报,2018-1,2018一季度,pb,2.42,,,,
2017-12-31,2017年报,2017-4,2017四季度,index_per_operating_cash_flow_net,0.7548,0.2234,1.63363573,-0.02360140,1.22731805
2017-12-31,2017年报,2017-4,2017四季度,deduct_net_profit_yoy_growth_ratio,53185.0111,-57.9488,543.93743639,-1.21241948,-1.17658332
2017-12-31,2017年报,2017-4,2017四季度,parent_holder_net_profit,7567682493.0000,1092015273.0000,3.01986421,-0.49747616,-0.37309091
2017-12-31,2017年报,2017-4,2017四季度,calc_per_net_assets,2.4300,,0.08540289,,
2017-12-31,2017年报,2017-4,2017四季度,inventory_turnover_ratio,8.3715,,0.06833844,,
2017-12-31,2017年报,2017-4,2017四季度,conservative_quick_ratio,1.4938,,-0.19336897,,
2017-12-31,2017年报,2017-4,2017四季度,equity_ratio,1.7902,,0.24552981,,
2017-12-31,2017年报,2017-4,2017四季度,current_ratio,2.0062,,-0.08684570,,
2017-12-31,2017年报,2017-4,2017四季度,basic_eps,0.2200,0.0314,3.07407407,-0.49679487,-0.36693548
2017-12-31,2017年报,2017-4,2017四季度,business_cycle,103.8446,,-0.05294137,,
2017-12-31,2017年报,2017-4,2017四季度,receive_accounts_turnover_days,60.8416,,-0.04498978,,
2017-12-31,2017年报,2017-4,2017四季度,quick_ratio,1.4938,,-0.19336897,,
2017-12-31,2017年报,2017-4,2017四季度,sale_gross_margin,25.0724,22.0770,0.40324052,-0.04986314,-0.19022712
2017-12-31,2017年报,2017-4,2017四季度,inventory_turnover_days,43.0030,,-0.06396789,,
2017-12-31,2017年报,2017-4,2017四季度,calculate_operating_income_total_yoy_growth_ratio,36.14860600,5.80543100,-0.13294866,-0.79187850,-0.93470757
2017-12-31,2017年报,2017-4,2017四季度,sale_net_interest_ratio,8.3799,4.3718,1.82294088,-0.50699175,-0.46590270
2017-12-31,2017年报,2017-4,2017四季度,per_undistributed_profits,0.2985,,1.61612621,,
2017-12-31,2017年报,2017-4,2017四季度,operating_income_total,93800479215.0000,24392123071.0000,0.36148606,-0.01657863,0.05805431
2017-12-31,2017年报,2017-4,2017四季度,per_capital_reserve,1.1088,,-0.00135099,,
2017-12-31,2017年报,2017-4,2017四季度,index_full_diluted_roe,8.9231,1.2959,2.73023703,-0.50641783,-0.42030866
2017-12-31,2017年报,2017-4,2017四季度,calculate_parent_holder_net_profit_yoy_growth_ratio,301.98642100,-37.30909100,19.06208238,-1.16173208,-1.06332828
2017-12-31,2017年报,2017-4,2017四季度,assets_debt_ratio,59.2813,,0.07503305,,
2017-12-31,2017年报,2017-4,2017四季度,index_deduct_holder_net_profit,6679211138.0000,762320207.0000,531.85011135,-0.59857746,-0.57948754
2017-12-31,2017年报,2017-4,2017四季度,index_weighted_avg_roe,9.2500,1.2900,2.85416667,-0.62931034,-0.41891892
2017-12-31,2017年报,2017-4,2017四季度,pe_ttm,23.93,,,,
2017-12-31,2017年报,2017-4,2017四季度,pb,2.35,,,,
2017-09-30,2017三季报,2017-3,2017三季度,index_per_operating_cash_flow_net,0.5314,0.2288,1.85238862,0.81875994,1.10875576
2017-09-30,2017三季报,2017-3,2017三季度,deduct_net_profit_yoy_growth_ratio,428.6611,272.8036,2.88148137,-0.02610142,-0.32323878
2017-09-30,2017三季报,2017-3,2017三季度,parent_holder_net_profit,6475667220.0000,2173061620.0000,45.03512504,0.15001756,2.30684537
2017-09-30,2017三季报,2017-3,2017三季度,calc_per_net_assets,2.4060,,0.09637731,,
2017-09-30,2017三季报,2017-3,2017三季度,inventory_turnover_ratio,5.9634,,0.08152125,,
2017-09-30,2017三季报,2017-3,2017三季度,conservative_quick_ratio,1.4933,,-0.12215625,,
2017-09-30,2017三季报,2017-3,2017三季度,equity_ratio,1.6025,,0.32690238,,
2017-09-30,2017三季报,2017-3,2017三季度,current_ratio,2.0262,,-0.10106477,,
2017-09-30,2017三季报,2017-3,2017三季度,basic_eps,0.1850,0.0624,45.25000000,0.15985130,2.33689840
2017-09-30,2017三季报,2017-3,2017三季度,business_cycle,106.0460,,-0.06449701,,
2017-09-30,2017三季报,2017-3,2017三季度,receive_accounts_turnover_days,60.7698,,-0.05622302,,
2017-09-30,2017三季报,2017-3,2017三季度,quick_ratio,1.4933,,-0.12215625,,
2017-09-30,2017三季报,2017-3,2017三季度,sale_gross_margin,26.1250,23.2356,0.98782576,-0.13517175,0.26453621
2017-09-30,2017三季报,2017-3,2017三季度,inventory_turnover_days,45.2762,,-0.07537699,,
2017-09-30,2017三季报,2017-3,2017三季度,calculate_operating_income_total_yoy_growth_ratio,51.40809500,27.89443200,0.98727774,-0.54099307,-0.36882726
2017-09-30,2017三季报,2017-3,2017三季度,sale_net_interest_ratio,9.7885,8.8676,27.38069006,0.01391509,1.30644784
2017-09-30,2017三季报,2017-3,2017三季度,per_undistributed_profits,0.2713,,2.94331395,,
2017-09-30,2017三季报,2017-3,2017三季度,operating_income_total,69408356144.0000,24803328149.0000,0.51408095,0.09025361,0.27894432
2017-09-30,2017三季报,2017-3,2017三季度,per_capital_reserve,1.1110,,0.00063046,,
2017-09-30,2017三季报,2017-3,2017三季度,index_full_diluted_roe,7.7345,2.6255,41.42731761,0.13090110,2.07111943
2017-09-30,2017三季报,2017-3,2017三季度,calculate_parent_holder_net_profit_yoy_growth_ratio,4503.51250400,230.68453700,49.45626894,-0.42677416,-0.84562925
2017-09-30,2017三季报,2017-3,2017三季度,assets_debt_ratio,56.1493,,0.05571182,,
2017-09-30,2017三季报,2017-3,2017三季度,index_deduct_holder_net_profit,5916890931.0000,1899046822.0000,4.28661146,0.10641146,2.72803586
2017-09-30,2017三季报,2017-3,2017三季度,index_weighted_avg_roe,7.9600,3.4800,43.22222222,1.38356164,3.09411765
2017-09-30,2017三季报,2017-3,2017三季度,pe_ttm,20.77,,,,
2017-09-30,2017三季报,2017-3,2017三季度,pb,1.7,,,,
2017-06-30,2017中报,2017-2,2017二季度,index_per_operating_cash_flow_net,0.3026,0.1258,2.88946015,-0.28846154,140.77777778
2017-06-30,2017中报,2017-2,2017二季度,deduct_net_profit_yoy_growth_ratio,273.9554,280.1150,2.11130249,0.03889009,2.18198616
2017-06-30,2017中报,2017-2,2017二季度,parent_holder_net_profit,4302605600.0000,1889589950.0000,9.33075582,-0.21691766,4.02432200
2017-06-30,2017中报,2017-2,2017二季度,calc_per_net_assets,2.3273,,0.06800973,,
2017-06-30,2017中报,2017-2,2017二季度,inventory_turnover_ratio,3.6647,,0.05492386,,
2017-06-30,2017中报,2017-2,2017二季度,conservative_quick_ratio,1.3431,,-0.36568433,,
2017-06-30,2017中报,2017-2,2017二季度,equity_ratio,1.5646,,0.34902569,,
2017-06-30,2017中报,2017-2,2017二季度,current_ratio,1.7387,,-0.40402413,,
2017-06-30,2017中报,2017-2,2017二季度,basic_eps,0.1230,0.0538,9.20000000,-0.21574344,4.02247191
2017-06-30,2017中报,2017-2,2017二季度,business_cycle,115.8136,,-0.00336132,,
2017-06-30,2017中报,2017-2,2017二季度,receive_accounts_turnover_days,66.6963,,0.03583054,,
2017-06-30,2017中报,2017-2,2017二季度,quick_ratio,1.3431,,-0.36568433,,
2017-06-30,2017中报,2017-2,2017二季度,sale_gross_margin,27.7318,26.8673,1.98005545,-0.06162073,1.25442203
2017-06-30,2017中报,2017-2,2017二季度,inventory_turnover_days,49.1173,,-0.05206407,,
2017-06-30,2017中报,2017-2,2017二季度,calculate_operating_income_total_yoy_growth_ratio,68.64981800,60.77126600,3.53475641,-0.21802790,1.50513377
2017-06-30,2017中报,2017-2,2017二季度,sale_net_interest_ratio,10.3005,8.7459,5.63714942,-0.26621584,2.79380999
2017-06-30,2017中报,2017-2,2017二季度,per_undistributed_profits,0.2067,,3.12574850,,
2017-06-30,2017中报,2017-2,2017二季度,operating_income_total,44605027995.0000,22750053633.0000,0.68649818,0.04095540,0.60771266
2017-06-30,2017中报,2017-2,2017二季度,per_capital_reserve,1.1160,,0.00513375,,
2017-06-30,2017中报,2017-2,2017二季度,index_full_diluted_roe,5.2592,2.3216,8.80065263,-0.23186871,3.86405132
2017-06-30,2017中报,2017-2,2017二季度,calculate_parent_holder_net_profit_yoy_growth_ratio,933.07558200,402.43220000,8.37784871,-0.81084811,3.45069317
2017-06-30,2017中报,2017-2,2017二季度,assets_debt_ratio,56.7707,,0.08809701,,
2017-06-30,2017中报,2017-2,2017二季度,index_deduct_holder_net_profit,4017844109.0000,1716401980.0000,2.73955434,-0.25420589,2.80114961
2017-06-30,2017中报,2017-2,2017二季度,index_weighted_avg_roe,4.4800,1.4600,7.68656716,-0.51655629,2.80246914
2017-06-30,2017中报,2017-2,2017二季度,pe_ttm,33.5,,,,
2017-06-30,2017中报,2017-2,2017二季度,pb,1.73,,,,
2017-03-31,2017一季报,2017-1,2017一季度,index_per_operating_cash_flow_net,0.1768,0.1768,1.24650572,0.76271186,1.24650572
2017-03-31,2017一季报,2017-1,2017一季度,deduct_net_profit_yoy_growth_ratio,269.6291,269.6291,2.06134344,-0.17837814,2.06134344
2017-03-31,2017一季报,2017-1,2017一季度,parent_holder_net_profit,2413015650.0000,2413015650.0000,21.27561077,0.38527499,21.27561077
2017-03-31,2017一季报,2017-1,2017一季度,calc_per_net_assets,2.3035,,0.04415031,,
2017-03-31,2017一季报,2017-1,2017一季度,inventory_turnover_ratio,1.8247,,0.02915962,,
2017-03-31,2017一季报,2017-1,2017一季度,conservative_quick_ratio,1.6243,,-0.32899575,,
2017-03-31,2017一季报,2017-1,2017一季度,equity_ratio,1.4480,,0.37944175,,
2017-03-31,2017一季报,2017-1,2017一季度,current_ratio,2.0966,,-0.31709065,,
2017-03-31,2017一季报,2017-1,2017一季度,basic_eps,0.0690,0.0686,22.00000000,0.38306452,21.12903226
2017-03-31,2017一季报,2017-1,2017一季度,business_cycle,114.0667,,0.04988647,,
2017-03-31,2017一季报,2017-1,2017一季度,receive_accounts_turnover_days,64.7435,,0.11847913,,
2017-03-31,2017一季报,2017-1,2017一季度,quick_ratio,1.6243,,-0.32899575,,
2017-03-31,2017一季报,2017-1,2017一季度,sale_gross_margin,28.6316,28.6316,3.54440988,0.05019220,3.54440988
2017-03-31,2017一季报,2017-1,2017一季度,inventory_turnover_days,49.3232,,-0.02833255,,
2017-03-31,2017一季报,2017-1,2017一季度,calculate_operating_income_total_yoy_growth_ratio,77.71538900,77.71538900,11.59176869,-0.12595177,11.59176869
2017-03-31,2017一季报,2017-1,2017一季度,sale_net_interest_ratio,11.9189,11.9189,13.31183958,0.45611699,13.31183958
2017-03-31,2017一季报,2017-1,2017一季度,per_undistributed_profits,0.1827,,1.34531451,,
2017-03-31,2017一季报,2017-1,2017一季度,operating_income_total,21854974362.0000,21854974362.0000,0.77715389,-0.05199929,0.77715389
2017-03-31,2017一季报,2017-1,2017一季度,per_capital_reserve,1.1097,,-0.00045037,,
2017-03-31,2017一季报,2017-1,2017一季度,index_full_diluted_roe,2.9800,3.0224,20.33142448,0.35200179,20.63493200
2017-03-31,2017一季报,2017-1,2017一季度,calculate_parent_holder_net_profit_yoy_growth_ratio,2127.56107700,2127.56107700,24.92524182,2.61131237,24.92524182
2017-03-31,2017一季报,2017-1,2017一季度,assets_debt_ratio,54.8563,,0.09712161,,
2017-03-31,2017一季报,2017-1,2017一季度,index_deduct_holder_net_profit,2301442129.0000,2301442129.0000,2.69629130,0.26952569,2.69629130
2017-03-31,2017一季报,2017-1,2017一季度,index_weighted_avg_roe,3.0200,3.0200,20.57142857,0.36036036,20.57142857
2017-03-31,2017一季报,2017-1,2017一季度,pe_ttm,-554.75,,,,
2017-03-31,2017一季报,2017-1,2017一季度,pb,1.55,,,,
2016-12-31,2016年报,2016-4,2016四季度,index_per_operating_cash_flow_net,0.2866,0.1003,-0.03986600,-0.07557604,0.32496697
2016-12-31,2016年报,2016-4,2016四季度,deduct_net_profit_yoy_growth_ratio,-97.9579,328.1669,-0.47484534,-0.18589552,2.38520117
2016-12-31,2016年报,2016-4,2016四季度,parent_holder_net_profit,1882571674.0000,1741903712.0000,0.15052596,1.65073303,5.89137925
2016-12-31,2016年报,2016-4,2016四季度,calc_per_net_assets,2.2388,,0.01569731,,
2016-12-31,2016年报,2016-4,2016四季度,inventory_turnover_ratio,7.8360,,0.08908965,,
2016-12-31,2016年报,2016-4,2016四季度,conservative_quick_ratio,1.8519,,0.10905498,,
2016-12-31,2016年报,2016-4,2016四季度,equity_ratio,1.4373,,0.50015656,,
2016-12-31,2016年报,2016-4,2016四季度,current_ratio,2.1970,,-0.00511706,,
2016-12-31,2016年报,2016-4,2016四季度,basic_eps,0.0540,0.0496,0.17391304,1.65240642,5.91089109
2016-12-31,2016年报,2016-4,2016四季度,business_cycle,109.6496,,0.04574196,,
2016-12-31,2016年报,2016-4,2016四季度,receive_accounts_turnover_days,63.7078,,0.16215452,,
2016-12-31,2016年报,2016-4,2016四季度,quick_ratio,1.8519,,0.10905498,,
2016-12-31,2016年报,2016-4,2016四季度,sale_gross_margin,17.8675,27.2632,-0.11964978,0.48372771,0.81359303
2016-12-31,2016年报,2016-4,2016四季度,inventory_turnover_days,45.9418,,-0.08180123,,
2016-12-31,2016年报,2016-4,2016四季度,calculate_operating_income_total_yoy_growth_ratio,41.69142500,88.91430300,0.29996668,1.01188125,14.18469544
2016-12-31,2016年报,2016-4,2016四季度,sale_net_interest_ratio,2.9685,8.1854,-0.11887801,1.12900877,3.84838362
2016-12-31,2016年报,2016-4,2016四季度,per_undistributed_profits,0.1141,,0.52540107,,
2016-12-31,2016年报,2016-4,2016四季度,operating_income_total,68895658963.0000,23053753228.0000,0.41691425,0.18873026,0.88914303
2016-12-31,2016年报,2016-4,2016四季度,per_capital_reserve,1.1103,,0.00027027,,
2016-12-31,2016年报,2016-4,2016四季度,index_full_diluted_roe,2.3921,2.2355,0.13278401,1.61492572,5.88100437
2016-12-31,2016年报,2016-4,2016四季度,calculate_parent_holder_net_profit_yoy_growth_ratio,15.05259600,589.13792500,1.41655066,-0.60575744,4.91867354
2016-12-31,2016年报,2016-4,2016四季度,assets_debt_ratio,55.1437,,0.13339171,,
2016-12-31,2016年报,2016-4,2016四季度,index_deduct_holder_net_profit,12534878.0000,1812836195.0000,-0.97957873,2.55879501,3.28166899
2016-12-31,2016年报,2016-4,2016四季度,index_weighted_avg_roe,2.4000,2.2200,0.12676056,1.61176471,5.82608696
2016-12-31,2016年报,2016-4,2016四季度,pe_ttm,-458.48,,,,
2016-12-31,2016年报,2016-4,2016四季度,pb,1.28,,,,
2016-09-30,2016三季报,2016-3,2016三季度,index_per_operating_cash_flow_net,0.1863,0.1085,-0.16382406,121.55555556,0.58857980
2016-09-30,2016三季报,2016-3,2016三季度,deduct_net_profit_yoy_growth_ratio,-227.8317,403.1017,-18.67617075,2.70094651,4.24811166
2016-09-30,2016三季报,2016-3,2016三季度,parent_holder_net_profit,140667962.0000,657140380.0000,-0.92939729,2.05176475,14.94353932
2016-09-30,2016三季报,2016-3,2016三季度,calc_per_net_assets,2.1945,,-0.01117469,,
2016-09-30,2016三季报,2016-3,2016三季度,inventory_turnover_ratio,5.5139,,-0.01583194,,
2016-09-30,2016三季报,2016-3,2016三季度,conservative_quick_ratio,1.7011,,-0.14129228,,
2016-09-30,2016三季报,2016-3,2016三季度,equity_ratio,1.2077,,0.39087873,,
2016-09-30,2016三季报,2016-3,2016三季度,current_ratio,2.2540,,-0.15977037,,
2016-09-30,2016三季报,2016-3,2016三季度,basic_eps,0.0040,0.0187,-0.92982456,2.05056180,14.58333333
2016-09-30,2016三季报,2016-3,2016三季度,business_cycle,113.3572,,0.09087830,,
2016-09-30,2016三季报,2016-3,2016三季度,receive_accounts_turnover_days,64.3900,,0.15556210,,
2016-09-30,2016三季报,2016-3,2016三季度,quick_ratio,1.7011,,-0.14129228,,
2016-09-30,2016三季报,2016-3,2016三季度,sale_gross_margin,13.1425,18.3748,-0.40422494,0.54182050,-0.03948228
2016-09-30,2016三季报,2016-3,2016三季度,inventory_turnover_days,48.9672,,0.01608777,,
2016-09-30,2016三季报,2016-3,2016三季度,calculate_operating_income_total_yoy_growth_ratio,25.86860100,44.19460800,-0.41237437,0.82180514,-0.05143987
2016-09-30,2016三季报,2016-3,2016三季度,sale_net_interest_ratio,0.3449,3.8447,-0.93683960,1.78855936,13.50830189
2016-09-30,2016三季报,2016-3,2016三季度,per_undistributed_profits,0.0688,,-0.28482328,,
2016-09-30,2016三季报,2016-3,2016三季度,operating_income_total,45841905735.0000,19393595018.0000,0.25868601,0.37051670,0.44194608
2016-09-30,2016三季报,2016-3,2016三季度,per_capital_reserve,1.1103,,0.00225673,,
2016-09-30,2016三季报,2016-3,2016三季度,index_full_diluted_roe,0.1823,0.8549,-0.92861618,2.05465088,15.19128788
2016-09-30,2016三季报,2016-3,2016三季度,calculate_parent_holder_net_profit_yoy_growth_ratio,-92.93972900,1494.35393200,-13.52140346,10.10017383,16.74150336
2016-09-30,2016三季报,2016-3,2016三季度,assets_debt_ratio,53.1862,,0.15167513,,
2016-09-30,2016三季报,2016-3,2016三季度,index_deduct_holder_net_profit,-1800301317.0000,509396071.0000,-2.27831729,1.53454759,4.03101694
2016-09-30,2016三季报,2016-3,2016三季度,index_weighted_avg_roe,0.1800,0.8500,-0.93050193,2.04938272,13.16666667
2016-09-30,2016三季报,2016-3,2016三季度,pe_ttm,-101.9,,,,
2016-09-30,2016三季报,2016-3,2016三季度,pb,1.11,,,,
2016-06-30,2016中报,2016-2,2016二季度,index_per_operating_cash_flow_net,0.0778,-0.0009,-0.49644013,-1.01143583,-1.01007839
2016-06-30,2016中报,2016-2,2016二季度,deduct_net_profit_yoy_growth_ratio,-246.5174,-236.9867,-2.32204162,0.06714713,-2.87700492
2016-06-30,2016中报,2016-2,2016二季度,parent_holder_net_profit,-516472418.0000,-624797872.0000,-1.26469872,-6.76778448,-1.64211581
2016-06-30,2016中报,2016-2,2016二季度,calc_per_net_assets,2.1791,,-0.01531857,,
2016-06-30,2016中报,2016-2,2016二季度,inventory_turnover_ratio,3.4739,,-0.02019461,,
2016-06-30,2016中报,2016-2,2016二季度,conservative_quick_ratio,2.1174,,-0.05282934,,
2016-06-30,2016中报,2016-2,2016二季度,equity_ratio,1.1598,,0.46199420,,
2016-06-30,2016中报,2016-2,2016二季度,current_ratio,2.9174,,-0.02163050,,
2016-06-30,2016中报,2016-2,2016二季度,basic_eps,-0.0150,-0.0178,-1.27272727,-6.74193548,-1.64492754
2016-06-30,2016中报,2016-2,2016二季度,business_cycle,116.2042,,0.09979368,,
2016-06-30,2016中报,2016-2,2016二季度,receive_accounts_turnover_days,64.3892,,0.17302893,,
2016-06-30,2016中报,2016-2,2016二季度,quick_ratio,2.1174,,-0.05282934,,
2016-06-30,2016中报,2016-2,2016二季度,sale_gross_margin,9.3058,11.9176,-0.60858227,0.89156244,-0.47360657
2016-06-30,2016中报,2016-2,2016二季度,inventory_turnover_days,51.8150,,0.02061117,,
2016-06-30,2016中报,2016-2,2016二季度,calculate_operating_income_total_yoy_growth_ratio,15.13859000,24.25869100,-0.64429542,2.93049343,-0.42197885
2016-06-30,2016中报,2016-2,2016二季度,sale_net_interest_ratio,-2.2213,-4.8756,-1.26124643,-6.85446686,-1.56894137
2016-06-30,2016中报,2016-2,2016二季度,per_undistributed_profits,0.0501,,-0.47040169,,
2016-06-30,2016中报,2016-2,2016二季度,operating_income_total,26448310717.0000,14150571887.0000,0.15138590,0.15066453,0.24258691
2016-06-30,2016中报,2016-2,2016二季度,per_capital_reserve,1.1103,,0.00252822,,
2016-06-30,2016中报,2016-2,2016二季度,index_full_diluted_roe,-0.6742,-0.8106,-1.26985271,-6.80243379,-1.64646304
2016-06-30,2016中报,2016-2,2016二季度,calculate_parent_holder_net_profit_yoy_growth_ratio,-126.46987200,-164.21158100,-2.44838313,-0.84662233,-2.43627660
2016-06-30,2016中报,2016-2,2016二季度,assets_debt_ratio,52.1743,,0.18623517,,
2016-06-30,2016中报,2016-2,2016二季度,index_deduct_holder_net_profit,-2309697388.0000,-952948032.0000,-2.46517407,0.29762411,-2.36986748
2016-06-30,2016中报,2016-2,2016二季度,index_weighted_avg_roe,-0.6700,-0.8100,-1.26482213,-6.78571429,-1.64285714
2016-06-30,2016中报,2016-2,2016二季度,pe_ttm,105.49,,,,
2016-06-30,2016中报,2016-2,2016二季度,pb,1.04,,,,
2016-03-31,2016一季报,2016-1,2016一季度,index_per_operating_cash_flow_net,0.0787,0.0787,0.20705521,0.03963012,0.20705521
2016-03-31,2016一季报,2016-1,2016一季度,deduct_net_profit_yoy_growth_ratio,-254.0451,-254.0451,-1.96705074,-0.07233109,-1.96705074
2016-03-31,2016一季报,2016-1,2016一季度,parent_holder_net_profit,108325454.0000,108325454.0000,-0.88925374,1.30418494,-0.88925374
2016-03-31,2016一季报,2016-1,2016一季度,calc_per_net_assets,2.2061,,0.00965675,,
2016-03-31,2016一季报,2016-1,2016一季度,inventory_turnover_ratio,1.7730,,-0.06259913,,
2016-03-31,2016一季报,2016-1,2016一季度,conservative_quick_ratio,2.4207,,-0.00709598,,
2016-03-31,2016一季报,2016-1,2016一季度,equity_ratio,1.0497,,0.37792071,,
2016-03-31,2016一季报,2016-1,2016一季度,current_ratio,3.0701,,0.00857424,,
2016-03-31,2016一季报,2016-1,2016一季度,basic_eps,0.0030,0.0031,-0.89285714,1.30693069,-0.88808664
2016-03-31,2016一季报,2016-1,2016一季度,business_cycle,108.6467,,0.05688994,,
2016-03-31,2016一季报,2016-1,2016一季度,receive_accounts_turnover_days,57.8853,,0.04836755,,
2016-03-31,2016一季报,2016-1,2016一季度,quick_ratio,2.4207,,-0.00709598,,
2016-03-31,2016一季报,2016-1,2016一季度,sale_gross_margin,6.3004,6.3004,-0.74687125,-0.58088700,-0.74687125
2016-03-31,2016一季报,2016-1,2016一季度,inventory_turnover_days,50.7614,,0.06677903,,
2016-03-31,2016一季报,2016-1,2016一季度,calculate_operating_income_total_yoy_growth_ratio,6.17192000,6.17192000,-0.85695018,0.05403430,-0.85695018
2016-03-31,2016一季报,2016-1,2016一季度,sale_net_interest_ratio,0.8328,0.8328,-0.90129193,1.28980061,-0.90129193
2016-03-31,2016一季报,2016-1,2016一季度,per_undistributed_profits,0.0779,,0.13888889,,
2016-03-31,2016一季报,2016-1,2016一季度,operating_income_total,12297738830.0000,12297738830.0000,0.06171920,0.00773993,0.06171920
2016-03-31,2016一季报,2016-1,2016一季度,per_capital_reserve,1.1102,,0.00243792,,
2016-03-31,2016一季报,2016-1,2016一季度,index_full_diluted_roe,0.1397,0.1397,-0.88986993,1.30502183,-0.89055155
2016-03-31,2016一季报,2016-1,2016一季度,calculate_parent_holder_net_profit_yoy_growth_ratio,-88.92537400,-88.92537400,-2.33824961,0.40850946,-2.33824961
2016-03-31,2016一季报,2016-1,2016一季度,assets_debt_ratio,50.0002,,0.16319300,,
2016-03-31,2016一季报,2016-1,2016一季度,index_deduct_holder_net_profit,-1356749356.0000,-1356749356.0000,-2.54045100,-0.70762970,-2.54045100
2016-03-31,2016一季报,2016-1,2016一季度,index_weighted_avg_roe,0.1400,0.1400,-0.88976378,1.30434783,-0.88976378
2016-03-31,2016一季报,2016-1,2016一季度,pe_ttm,32.81,,,,
2016-03-31,2016一季报,2016-1,2016一季度,pb,1.14,,,,
2015-12-31,2015年报,2015-4,2015四季度,index_per_operating_cash_flow_net,0.2985,0.0757,0.30122058,0.10834553,-0.22597137
2015-12-31,2015年报,2015-4,2015四季度,deduct_net_profit_yoy_growth_ratio,-66.4191,-236.9092,-10.99655338,-0.90896623,-16.57373407
2015-12-31,2015年报,2015-4,2015四季度,parent_holder_net_profit,1636270488.0000,-356117083.0000,-0.36136291,-9.64011235,-1.50341160
2015-12-31,2015年报,2015-4,2015四季度,calc_per_net_assets,2.2042,,0.02140871,,
2015-12-31,2015年报,2015-4,2015四季度,inventory_turnover_ratio,7.1950,,-0.09356615,,
2015-12-31,2015年报,2015-4,2015四季度,conservative_quick_ratio,1.6698,,-0.34376105,,
2015-12-31,2015年报,2015-4,2015四季度,equity_ratio,0.9581,,0.23085817,,
2015-12-31,2015年报,2015-4,2015四季度,current_ratio,2.2083,,-0.28591754,,
2015-12-31,2015年报,2015-4,2015四季度,basic_eps,0.0460,-0.0101,-0.47126437,-9.41666667,-1.50500000
2015-12-31,2015年报,2015-4,2015四季度,business_cycle,104.8534,,0.03364741,,
2015-12-31,2015年报,2015-4,2015四季度,receive_accounts_turnover_days,54.8187,,-0.02261308,,
2015-12-31,2015年报,2015-4,2015四季度,quick_ratio,1.6698,,-0.34376105,,
2015-12-31,2015年报,2015-4,2015四季度,sale_gross_margin,20.2959,15.0327,-0.10097274,-0.21418602,-0.35009749
2015-12-31,2015年报,2015-4,2015四季度,inventory_turnover_days,50.0347,,0.10322315,,
2015-12-31,2015年报,2015-4,2015四季度,calculate_operating_income_total_yoy_growth_ratio,32.07114900,5.85552100,2.56071371,-0.87432146,-0.79150215
2015-12-31,2015年报,2015-4,2015四季度,sale_net_interest_ratio,3.3690,-2.8737,-0.54330410,-11.84415094,-1.45884494
2015-12-31,2015年报,2015-4,2015四季度,per_undistributed_profits,0.0748,,0.83783784,,
2015-12-31,2015年报,2015-4,2015四季度,operating_income_total,48623732312.0000,12203286270.0000,0.32071149,-0.09266535,0.05855521
2015-12-31,2015年报,2015-4,2015四季度,per_capital_reserve,1.1100,,0.00225734,,
2015-12-31,2015年报,2015-4,2015四季度,index_full_diluted_roe,2.1117,-0.4580,-0.37233979,-9.67424242,-1.49104750
2015-12-31,2015年报,2015-4,2015四季度,calculate_parent_holder_net_profit_yoy_growth_ratio,-36.13629100,-150.34116000,-5.07360741,-0.58369167,-4.21108076
2015-12-31,2015年报,2015-4,2015四季度,assets_debt_ratio,48.6537,,0.11816740,,
2015-12-31,2015年报,2015-4,2015四季度,index_deduct_holder_net_profit,613814833.0000,-794521994.0000,-0.66419058,-3.72757793,-2.36909211
2015-12-31,2015年报,2015-4,2015四季度,index_weighted_avg_roe,2.1300,-0.4600,-0.50349650,-8.66666667,-1.52873563
2015-12-31,2015年报,2015-4,2015四季度,pe_ttm,38.93,,,,
2015-12-31,2015年报,2015-4,2015四季度,pb,1.35,,,,
2015-09-30,2015三季报,2015-3,2015三季度,index_per_operating_cash_flow_net,0.2228,0.0683,0.69300912,-0.23516237,0.73350254
2015-09-30,2015三季报,2015-3,2015三季度,deduct_net_profit_yoy_growth_ratio,12.8892,-124.1034,3.18698025,-1.98293572,-3.16041278
2015-09-30,2015三季报,2015-3,2015三季度,parent_holder_net_profit,1992387571.0000,41216719.0000,0.07422469,-0.95764085,-0.94930827
2015-09-30,2015三季报,2015-3,2015三季度,calc_per_net_assets,2.2193,,0.03686227,,
2015-09-30,2015三季报,2015-3,2015三季度,inventory_turnover_ratio,5.6026,,0.00719088,,
2015-09-30,2015三季报,2015-3,2015三季度,conservative_quick_ratio,1.9810,,-0.25990959,,
2015-09-30,2015三季报,2015-3,2015三季度,equity_ratio,0.8683,,0.24202546,,
2015-09-30,2015三季报,2015-3,2015三季度,current_ratio,2.6826,,-0.15431418,,
2015-09-30,2015三季报,2015-3,2015三季度,basic_eps,0.0570,0.0012,-0.20833333,-0.95652174,-0.94782609
2015-09-30,2015三季报,2015-3,2015三季度,business_cycle,103.9137,,-0.03286972,,
2015-09-30,2015三季报,2015-3,2015三季度,receive_accounts_turnover_days,55.7218,,-0.05407007,,
2015-09-30,2015三季报,2015-3,2015三季度,quick_ratio,1.9810,,-0.25990959,,
2015-09-30,2015三季报,2015-3,2015三季度,sale_gross_margin,22.0595,19.1301,-0.01177298,-0.15503465,-0.18810558
2015-09-30,2015三季报,2015-3,2015三季度,inventory_turnover_days,48.1919,,-0.00714072,,
2015-09-30,2015三季报,2015-3,2015三季度,calculate_operating_income_total_yoy_growth_ratio,44.02224800,46.59125600,20.20556692,0.11014775,5.05584511
2015-09-30,2015三季报,2015-3,2015三季度,sale_net_interest_ratio,5.4607,0.2650,-0.30743963,-0.96907674,-0.97074248
2015-09-30,2015三季报,2015-3,2015三季度,per_undistributed_profits,0.0962,,3.64734300,,
2015-09-30,2015三季报,2015-3,2015三季度,operating_income_total,36420446042.0000,13449597930.0000,0.44022248,0.18103313,0.46591256
2015-09-30,2015三季报,2015-3,2015三季度,per_capital_reserve,1.1078,,0.00036121,,
2015-09-30,2015三季报,2015-3,2015三季度,index_full_diluted_roe,2.5538,0.0528,0.04007494,-0.95789138,-0.95133192
2015-09-30,2015三季报,2015-3,2015三季度,calculate_parent_holder_net_profit_yoy_growth_ratio,7.42246900,-94.93082700,-0.79645227,-1.83031248,-2.51467386
2015-09-30,2015三季报,2015-3,2015三季度,assets_debt_ratio,46.1816,,0.13148597,,
2015-09-30,2015三季报,2015-3,2015三季度,index_deduct_holder_net_profit,1408336827.0000,-168061110.0000,0.12889202,-1.24158867,-1.24103430
2015-09-30,2015三季报,2015-3,2015三季度,index_weighted_avg_roe,2.5900,0.0600,-0.24269006,-0.95238095,-0.94230769
2015-09-30,2015三季报,2015-3,2015三季度,pe_ttm,30.48,,,,
2015-09-30,2015三季报,2015-3,2015三季度,pb,1.35,,,,
2015-06-30,2015中报,2015-2,2015二季度,index_per_operating_cash_flow_net,0.1545,0.0893,0.67570499,0.36963190,3.78193146
2015-06-30,2015中报,2015-2,2015二季度,deduct_net_profit_yoy_growth_ratio,186.4672,126.2579,7.59029766,-0.51938535,3.92325912
2015-06-30,2015中报,2015-2,2015二季度,parent_holder_net_profit,1951170852.0000,973029881.0000,0.87317968,-0.00522531,1.14331446
2015-06-30,2015中报,2015-2,2015二季度,calc_per_net_assets,2.2130,,0.05025865,,
2015-06-30,2015中报,2015-2,2015二季度,inventory_turnover_ratio,3.5455,,-0.07280525,,
2015-06-30,2015中报,2015-2,2015二季度,conservative_quick_ratio,2.2355,,-0.21315688,,
2015-06-30,2015中报,2015-2,2015二季度,equity_ratio,0.7933,,0.13914417,,
2015-06-30,2015中报,2015-2,2015二季度,current_ratio,2.9819,,-0.07036414,,
2015-06-30,2015中报,2015-2,2015二季度,basic_eps,0.0550,0.0276,0.10000000,-0.00361011,1.13953488
2015-06-30,2015中报,2015-2,2015二季度,business_cycle,105.6600,,0.02775203,,
2015-06-30,2015中报,2015-2,2015二季度,receive_accounts_turnover_days,54.8914,,-0.01512708,,
2015-06-30,2015中报,2015-2,2015二季度,quick_ratio,2.2355,,-0.21315688,,
2015-06-30,2015中报,2015-2,2015二季度,sale_gross_margin,23.7746,22.6401,0.09985104,-0.09039739,-0.03116602
2015-06-30,2015中报,2015-2,2015二季度,inventory_turnover_days,50.7686,,0.07852160,,
2015-06-30,2015中报,2015-2,2015二季度,calculate_operating_income_total_yoy_growth_ratio,42.55944600,41.96851800,50.00835778,-0.02727366,20.74849681
2015-06-30,2015中报,2015-2,2015二季度,sale_net_interest_ratio,8.5027,8.5696,0.17813249,0.01571649,0.45264692
2015-06-30,2015中报,2015-2,2015二季度,per_undistributed_profits,0.0946,,42.13043478,,
2015-06-30,2015中报,2015-2,2015二季度,operating_income_total,22970848112.0000,11387993733.0000,0.42559446,-0.01682320,0.41968518
2015-06-30,2015中报,2015-2,2015二季度,per_capital_reserve,1.1075,,0.00984772,,
2015-06-30,2015中报,2015-2,2015二季度,index_full_diluted_roe,2.4984,1.2539,0.78355226,-0.01762770,1.04684949
2015-06-30,2015中报,2015-2,2015二季度,calculate_parent_holder_net_profit_yoy_growth_ratio,87.31796800,114.33144600,3.11476115,0.72058892,6.52707087
2015-06-30,2015中报,2015-2,2015二季度,assets_debt_ratio,43.9831,,0.08657930,,
2015-06-30,2015中报,2015-2,2015二季度,index_deduct_holder_net_profit,1576397937.0000,695649793.0000,1.86467168,-0.21016036,1.26257878
2015-06-30,2015中报,2015-2,2015二季度,index_weighted_avg_roe,2.5300,1.2600,0.06302521,-0.00787402,0.02439024
2015-06-30,2015中报,2015-2,2015二季度,pe_ttm,61.43,,,,
2015-06-30,2015中报,2015-2,2015二季度,pb,2.35,,,,
2015-03-31,2015一季报,2015-1,2015一季度,index_per_operating_cash_flow_net,0.0652,0.0652,-0.47546259,-0.33333333,-0.47546259
2015-03-31,2015一季报,2015-1,2015一季度,deduct_net_profit_yoy_growth_ratio,262.7009,262.7009,34.76351508,16.26920675,34.76351508
2015-03-31,2015一季报,2015-1,2015一季度,parent_holder_net_profit,978140971.0000,978140971.0000,0.66449019,0.38271242,0.66449019
2015-03-31,2015一季报,2015-1,2015一季度,calc_per_net_assets,2.1850,,-0.59995606,,
2015-03-31,2015一季报,2015-1,2015一季度,inventory_turnover_ratio,1.8914,,-0.00620008,,
2015-03-31,2015一季报,2015-1,2015一季度,conservative_quick_ratio,2.4380,,-0.28968913,,
2015-03-31,2015一季报,2015-1,2015一季度,equity_ratio,0.7618,,0.09769452,,
2015-03-31,2015一季报,2015-1,2015一季度,current_ratio,3.0440,,-0.20203424,,
2015-03-31,2015一季报,2015-1,2015一季度,basic_eps,0.0280,0.0277,-0.34883721,0.38500000,-0.36321839
2015-03-31,2015一季报,2015-1,2015一季度,business_cycle,102.7985,,0.03171258,,
2015-03-31,2015一季报,2015-1,2015一季度,receive_accounts_turnover_days,55.2147,,0.05472408,,
2015-03-31,2015一季报,2015-1,2015一季度,quick_ratio,2.4380,,-0.28968913,,
2015-03-31,2015一季报,2015-1,2015一季度,sale_gross_margin,24.8901,24.8901,0.25206749,0.07606341,0.25206749
2015-03-31,2015一季报,2015-1,2015一季度,inventory_turnover_days,47.5838,,0.00623826,,
2015-03-31,2015一季报,2015-1,2015一季度,calculate_operating_income_total_yoy_growth_ratio,43.14524700,43.14524700,104.31167880,0.53627513,104.31167880
2015-03-31,2015一季报,2015-1,2015一季度,sale_net_interest_ratio,8.4370,8.4370,-0.01013680,0.34713950,-0.01013680
2015-03-31,2015一季报,2015-1,2015一季度,per_undistributed_profits,0.0684,,2.72727273,,
2015-03-31,2015一季报,2015-1,2015一季度,operating_income_total,11582854379.0000,11582854379.0000,0.43145247,0.00473681,0.43145247
2015-03-31,2015一季报,2015-1,2015一季度,per_capital_reserve,1.1075,,-0.75215951,,
2015-03-31,2015一季报,2015-1,2015一季度,index_full_diluted_roe,1.2685,1.2764,0.59419379,0.36850005,0.10885240
2015-03-31,2015一季报,2015-1,2015一季度,calculate_parent_holder_net_profit_yoy_growth_ratio,66.44901900,66.44901900,-0.36610176,3.30323622,-0.36610176
2015-03-31,2015一季报,2015-1,2015一季度,assets_debt_ratio,42.9853,,0.06022144,,
2015-03-31,2015一季报,2015-1,2015一季度,index_deduct_holder_net_profit,880748144.0000,880748144.0000,2.62700937,0.51767395,2.62700937
2015-03-31,2015一季报,2015-1,2015一季度,index_weighted_avg_roe,1.2700,1.2700,0.10434783,0.45977011,0.10434783
2015-03-31,2015一季报,2015-1,2015一季度,pe_ttm,48.8,,,,
2015-03-31,2015一季报,2015-1,2015一季度,pb,1.84,,,,
2014-12-31,2014年报,2014-4,2014四季度,index_per_operating_cash_flow_net,0.2294,0.0978,-0.65368357,1.48223350,-0.71420222
2014-12-31,2014年报,2014-4,2014四季度,deduct_net_profit_yoy_growth_ratio,6.6442,15.2121,-0.98398880,-0.73518521,-0.22494013
2014-12-31,2014年报,2014-4,2014四季度,parent_holder_net_profit,2562128829.0000,707407378.0000,0.08870833,-0.12997197,-0.28850284
2014-12-31,2014年报,2014-4,2014四季度,calc_per_net_assets,2.1580,,0.03283239,,
2014-12-31,2014年报,2014-4,2014四季度,inventory_turnover_ratio,7.9377,,-0.12178040,,
2014-12-31,2014年报,2014-4,2014四季度,conservative_quick_ratio,2.5445,,1.50418266,,
2014-12-31,2014年报,2014-4,2014四季度,equity_ratio,0.7784,,-0.59563636,,
2014-12-31,2014年报,2014-4,2014四季度,current_ratio,3.0925,,1.55959278,,
2014-12-31,2014年报,2014-4,2014四季度,basic_eps,0.0870,0.0200,-0.50000000,-0.13043478,-0.72789116
2014-12-31,2014年报,2014-4,2014四季度,business_cycle,101.4402,,0.08605677,,
2014-12-31,2014年报,2014-4,2014四季度,receive_accounts_turnover_days,56.0870,,0.04694226,,
2014-12-31,2014年报,2014-4,2014四季度,quick_ratio,2.5445,,1.50418266,,
2014-12-31,2014年报,2014-4,2014四季度,sale_gross_margin,22.5754,23.1307,-0.05523680,-0.01831740,0.00434639
2014-12-31,2014年报,2014-4,2014四季度,inventory_turnover_days,45.3532,,0.13866649,,
2014-12-31,2014年报,2014-4,2014四季度,calculate_operating_income_total_yoy_growth_ratio,9.00694400,28.08432300,-0.70994396,2.65034826,5.90351391
2014-12-31,2014年报,2014-4,2014四季度,sale_net_interest_ratio,7.3769,6.2629,-0.16171591,-0.30853988,-0.51388210
2014-12-31,2014年报,2014-4,2014四季度,per_undistributed_profits,0.0407,,1.49036145,,
2014-12-31,2014年报,2014-4,2014四季度,operating_income_total,36816316676.0000,11528247292.0000,0.09006944,0.25649871,0.28084323
2014-12-31,2014年报,2014-4,2014四季度,per_capital_reserve,1.1075,,-0.02808249,,
2014-12-31,2014年报,2014-4,2014四季度,index_full_diluted_roe,3.3644,0.9327,-0.59611044,-0.14028943,-0.73967288
2014-12-31,2014年报,2014-4,2014四季度,calculate_parent_holder_net_profit_yoy_growth_ratio,8.87083300,-28.85028400,-0.98907110,-1.46032224,-3.55589098
2014-12-31,2014年报,2014-4,2014四季度,assets_debt_ratio,43.5120,,-0.25961344,,
2014-12-31,2014年报,2014-4,2014四季度,index_deduct_holder_net_profit,1827866642.0000,580327642.0000,0.06644230,-0.16769046,0.15212108
2014-12-31,2014年报,2014-4,2014四季度,index_weighted_avg_roe,4.2900,0.8700,-0.50689655,-0.16346154,-0.75698324
2014-12-31,2014年报,2014-4,2014四季度,pe_ttm,39.39,,,,
2014-12-31,2014年报,2014-4,2014四季度,pb,1.49,,,,
2014-09-30,2014三季报,2014-3,2014三季度,index_per_operating_cash_flow_net,0.1316,0.0394,-0.58900687,2.22741433,-0.11460674
2014-09-30,2014三季报,2014-3,2014三季度,deduct_net_profit_yoy_growth_ratio,3.0784,57.4443,-0.98634175,2.33001241,-0.93417360
2014-09-30,2014三季报,2014-3,2014三季度,parent_holder_net_profit,1854721451.0000,813085737.0000,0.36465497,0.79100195,0.62674104
2014-09-30,2014三季报,2014-3,2014三季度,calc_per_net_assets,2.1404,,0.06207513,,
2014-09-30,2014三季报,2014-3,2014三季度,inventory_turnover_ratio,5.5626,,-0.18903079,,
2014-09-30,2014三季报,2014-3,2014三季度,conservative_quick_ratio,2.6767,,1.25008406,,
2014-09-30,2014三季报,2014-3,2014三季度,equity_ratio,0.6991,,-0.61562569,,
2014-09-30,2014三季报,2014-3,2014三季度,current_ratio,3.1721,,1.34207029,,
2014-09-30,2014三季报,2014-3,2014三季度,basic_eps,0.0720,0.0230,-0.28712871,0.78294574,-0.37837838
2014-09-30,2014三季报,2014-3,2014三季度,business_cycle,107.4454,,0.11088090,,
2014-09-30,2014三季报,2014-3,2014三季度,receive_accounts_turnover_days,58.9069,,0.02700945,,
2014-09-30,2014三季报,2014-3,2014三季度,quick_ratio,2.6767,,1.25008406,,
2014-09-30,2014三季报,2014-3,2014三季度,sale_gross_margin,22.3223,23.5623,-0.07794906,0.00829753,-0.08946065
2014-09-30,2014三季报,2014-3,2014三季度,inventory_turnover_days,48.5385,,0.23309335,,
2014-09-30,2014三季报,2014-3,2014三季度,calculate_operating_income_total_yoy_growth_ratio,2.07597600,7.69360100,-0.95353891,4.62026257,-0.42501703
2014-09-30,2014三季报,2014-3,2014三季度,sale_net_interest_ratio,7.8848,9.0575,0.07768848,0.53535165,0.19216848
2014-09-30,2014三季报,2014-3,2014三季度,per_undistributed_profits,0.0207,,1.13218391,,
2014-09-30,2014三季报,2014-3,2014三季度,operating_income_total,25288069384.0000,9174897800.0000,0.02075976,0.14378940,0.07693601
2014-09-30,2014三季报,2014-3,2014三季度,per_capital_reserve,1.1074,,-0.02457500,,
2014-09-30,2014三季报,2014-3,2014三季度,index_full_diluted_roe,2.4554,1.0849,-0.50769909,0.77097617,-0.41388439
2014-09-30,2014三季报,2014-3,2014三季度,calculate_parent_holder_net_profit_yoy_growth_ratio,36.46549700,62.67410400,-0.88384629,4.02982449,-0.72712381
2014-09-30,2014三季报,2014-3,2014三季度,assets_debt_ratio,40.8150,,-0.25379410,,
2014-09-30,2014三季报,2014-3,2014三季度,index_deduct_holder_net_profit,1247539000.0000,697249782.0000,0.03078390,1.26778269,0.57444251
2014-09-30,2014三季报,2014-3,2014三季度,index_weighted_avg_roe,3.4200,1.0400,-0.33203125,-0.15447154,-0.44086022
2014-09-30,2014三季报,2014-3,2014三季度,pe_ttm,33.68,,,,
2014-09-30,2014三季报,2014-3,2014三季度,pb,1.15,,,,
2014-06-30,2014中报,2014-2,2014二季度,index_per_operating_cash_flow_net,0.0922,-0.0321,-0.66557853,-1.25824618,-1.19141324
2014-06-30,2014中报,2014-2,2014二季度,deduct_net_profit_yoy_growth_ratio,-28.2942,-43.1908,-1.15333441,-6.87989926,-1.17483443
2014-06-30,2014中报,2014-2,2014二季度,parent_holder_net_profit,1041635714.0000,453983725.0000,0.21220665,-0.22746160,-0.20685721
2014-06-30,2014中报,2014-2,2014二季度,calc_per_net_assets,2.1071,,0.06483728,,
2014-06-30,2014中报,2014-2,2014二季度,inventory_turnover_ratio,3.8239,,-0.14488573,,
2014-06-30,2014中报,2014-2,2014二季度,conservative_quick_ratio,2.8411,,0.89255262,,
2014-06-30,2014中报,2014-2,2014二季度,equity_ratio,0.6964,,-0.61144898,,
2014-06-30,2014中报,2014-2,2014二季度,current_ratio,3.2076,,0.92486798,,
2014-06-30,2014中报,2014-2,2014二季度,basic_eps,0.0500,0.0129,-0.21875000,-0.70344828,-0.69503546
2014-06-30,2014中报,2014-2,2014二季度,business_cycle,102.8069,,0.04117531,,
2014-06-30,2014中报,2014-2,2014二季度,receive_accounts_turnover_days,55.7345,,-0.04709433,,
2014-06-30,2014中报,2014-2,2014二季度,quick_ratio,2.8411,,0.89255262,,
2014-06-30,2014中报,2014-2,2014二季度,sale_gross_margin,21.6162,23.3684,-0.07366950,0.17552014,-0.08540342
2014-06-30,2014中报,2014-2,2014二季度,inventory_turnover_days,47.0724,,0.16943670,,
2014-06-30,2014中报,2014-2,2014二季度,calculate_operating_income_total_yoy_growth_ratio,-0.86841200,-2.12515000,-1.01255668,-6.18720206,-1.04244391
2014-06-30,2014中报,2014-2,2014二季度,sale_net_interest_ratio,7.2171,5.8993,0.00669540,-0.30787010,-0.36811945
2014-06-30,2014中报,2014-2,2014二季度,per_undistributed_profits,-0.0023,,0.98811370,,
2014-06-30,2014中报,2014-2,2014二季度,operating_income_total,16113171584.0000,8021492269.0000,-0.00868412,-0.00867398,-0.02125150
2014-06-30,2014中报,2014-2,2014二季度,per_capital_reserve,1.0967,,-0.03425502,,
2014-06-30,2014中报,2014-2,2014二季度,index_full_diluted_roe,1.4008,0.6126,-0.56383111,-0.46781340,-0.71674296
2014-06-30,2014中报,2014-2,2014二季度,calculate_parent_holder_net_profit_yoy_growth_ratio,21.22066500,-20.68572100,-0.89856362,-1.19733387,-1.06992947
2014-06-30,2014中报,2014-2,2014二季度,assets_debt_ratio,40.4785,,-0.25404641,,
2014-06-30,2014中报,2014-2,2014二季度,index_deduct_holder_net_profit,550289218.0000,307458816.0000,-0.28294238,0.26614630,-0.43190773
2014-06-30,2014中报,2014-2,2014二季度,index_weighted_avg_roe,2.3800,1.2300,-0.26993865,0.06956522,-0.43055556
2014-06-30,2014中报,2014-2,2014二季度,pe_ttm,28.99,,,,
2014-06-30,2014中报,2014-2,2014二季度,pb,1.04,,,,
2014-03-31,2014一季报,2014-1,2014一季度,index_per_operating_cash_flow_net,0.1243,0.1243,0.15092593,-0.63676213,0.15092593
2014-03-31,2014一季报,2014-1,2014一季度,deduct_net_profit_yoy_growth_ratio,7.3455,7.3455,-0.94823606,-0.62574515,-0.94823606
2014-03-31,2014一季报,2014-1,2014一季度,parent_holder_net_profit,587651989.0000,587651989.0000,1.04826003,-0.40895058,1.04826003
2014-03-31,2014一季报,2014-1,2014一季度,calc_per_net_assets,5.4619,,1.82137507,,
2014-03-31,2014一季报,2014-1,2014一季度,inventory_turnover_ratio,1.9032,,-0.16879941,,
2014-03-31,2014一季报,2014-1,2014一季度,conservative_quick_ratio,3.4323,,0.82142857,,
2014-03-31,2014一季报,2014-1,2014一季度,equity_ratio,0.6940,,-0.45423089,,
2014-03-31,2014一季报,2014-1,2014一季度,current_ratio,3.8147,,0.72876824,,
2014-03-31,2014一季报,2014-1,2014一季度,basic_eps,0.0430,0.0435,1.04761905,-0.40816327,1.05188679
2014-03-31,2014一季报,2014-1,2014一季度,business_cycle,99.6387,,-0.00347448,,
2014-03-31,2014一季报,2014-1,2014一季度,receive_accounts_turnover_days,52.3499,,-0.13727348,,
2014-03-31,2014一季报,2014-1,2014一季度,quick_ratio,3.4323,,0.82142857,,
2014-03-31,2014一季报,2014-1,2014一季度,sale_gross_margin,19.8792,19.8792,-0.05707130,-0.13683534,-0.05707130
2014-03-31,2014一季报,2014-1,2014一季度,inventory_turnover_days,47.2888,,0.20307837,,
2014-03-31,2014一季报,2014-1,2014一季度,calculate_operating_income_total_yoy_growth_ratio,0.40969100,0.40969100,-0.99565522,-0.89929230,-0.99565522
2014-03-31,2014一季报,2014-1,2014一季度,sale_net_interest_ratio,8.5234,8.5234,0.71662773,-0.33842512,0.71662773
2014-03-31,2014一季报,2014-1,2014一季度,per_undistributed_profits,-0.0396,,0.83213226,,
2014-03-31,2014一季报,2014-1,2014一季度,operating_income_total,8091679315.0000,8091679315.0000,0.00409691,-0.10097586,0.00409691
2014-03-31,2014一季报,2014-1,2014一季度,per_capital_reserve,4.4686,,2.93709251,,
2014-03-31,2014一季报,2014-1,2014一季度,index_full_diluted_roe,0.7957,1.1511,-0.27399635,-0.67871497,0.04446058
2014-03-31,2014一季报,2014-1,2014一季度,calculate_parent_holder_net_profit_yoy_growth_ratio,104.82600300,104.82600300,-0.33659235,8.28669665,-0.33659235
2014-03-31,2014一季报,2014-1,2014一季度,assets_debt_ratio,40.5437,,-0.16010424,,
2014-03-31,2014一季报,2014-1,2014一季度,index_deduct_holder_net_profit,242830402.0000,242830402.0000,0.07345453,-0.51791022,0.07345453
2014-03-31,2014一季报,2014-1,2014一季度,index_weighted_avg_roe,1.1500,1.1500,0.04545455,-0.67877095,0.04545455
2014-03-31,2014一季报,2014-1,2014一季度,pe_ttm,14.05,,,,
2014-03-31,2014一季报,2014-1,2014一季度,pb,1.16,,,,
2013-12-31,2013年报,2013-4,2013四季度,index_per_operating_cash_flow_net,0.6624,0.3422,1.90017513,6.68988764,0.72479839
2013-12-31,2013年报,2013-4,2013四季度,deduct_net_profit_yoy_growth_ratio,414.9721,19.6270,3.82844600,-0.97750909,-0.84403781
2013-12-31,2013年报,2013-4,2013四季度,parent_holder_net_profit,2353365694.0000,994251863.0000,8.11685886,0.98920019,0.11287760
2013-12-31,2013年报,2013-4,2013四季度,calc_per_net_assets,2.0894,,0.09135545,,
2013-12-31,2013年报,2013-4,2013四季度,inventory_turnover_ratio,9.0384,,-0.05113642,,
2013-12-31,2013年报,2013-4,2013四季度,conservative_quick_ratio,1.0161,,-0.42026588,,
2013-12-31,2013年报,2013-4,2013四季度,equity_ratio,1.9250,,0.56504065,,
2013-12-31,2013年报,2013-4,2013四季度,current_ratio,1.2082,,-0.41933003,,
2013-12-31,2013年报,2013-4,2013四季度,basic_eps,0.1740,0.0735,8.15789474,0.98648649,0.11195159
2013-12-31,2013年报,2013-4,2013四季度,business_cycle,93.4023,,0.01557135,,
2013-12-31,2013年报,2013-4,2013四季度,receive_accounts_turnover_days,53.5722,,-0.01116158,,
2013-12-31,2013年报,2013-4,2013四季度,quick_ratio,1.0161,,-0.42026588,,
2013-12-31,2013年报,2013-4,2013四季度,sale_gross_margin,23.8953,23.0306,1.06563797,-0.11000761,-0.05904223
2013-12-31,2013年报,2013-4,2013四季度,inventory_turnover_days,39.8301,,0.05389315,,
2013-12-31,2013年报,2013-4,2013四季度,calculate_operating_income_total_yoy_growth_ratio,31.05242700,4.06812000,-0.69635713,-0.69596815,-0.96111391
2013-12-31,2013年报,2013-4,2013四季度,sale_net_interest_ratio,8.8000,12.8835,11.29909154,0.69575518,0.00609899
2013-12-31,2013年报,2013-4,2013四季度,per_undistributed_profits,-0.0830,,0.67716842,,
2013-12-31,2013年报,2013-4,2013四季度,operating_income_total,33774285620.0000,9000513906.0000,0.31052427,0.05646708,0.04068120
2013-12-31,2013年报,2013-4,2013四季度,per_capital_reserve,1.1395,,0.00414170,,
2013-12-31,2013年报,2013-4,2013四季度,index_full_diluted_roe,8.3300,3.5828,7.35338949,0.93560238,0.01957883
2013-12-31,2013年报,2013-4,2013四季度,calculate_parent_holder_net_profit_yoy_growth_ratio,811.68588600,11.28776000,16.03791365,-0.95085433,1.16857649
2013-12-31,2013年报,2013-4,2013四季度,assets_debt_ratio,58.7693,,0.23858870,,
2013-12-31,2013年报,2013-4,2013四季度,index_deduct_holder_net_profit,1713985503.0000,503703694.0000,4.14972066,0.13740087,0.19626990
2013-12-31,2013年报,2013-4,2013四季度,index_weighted_avg_roe,8.7000,3.5800,7.70000000,0.92473118,0.01994302
2013-12-31,2013年报,2013-4,2013四季度,pe_ttm,12.97,,,,
2013-12-31,2013年报,2013-4,2013四季度,pb,1.07,,,,
