report_date,report_name,report_period,quarter_name,metric_name,value,single,yoy,mom,single_yoy
2026-03-31,2026一季报,2026-1,2026一季度,index_per_operating_cash_flow_net,4.9900,4.9900,0.32434513,-0.54287703,0.32434513
2026-03-31,2026一季报,2026-1,2026一季度,deduct_net_profit_yoy_growth_ratio,1.7746,1.7746,1.81850468,-0.52539381,1.81850468
2026-03-31,2026一季报,2026-1,2026一季度,parent_holder_net_profit,37852000000.0000,37852000000.0000,0.01517996,0.03963306,0.01517996
2026-03-31,2026一季报,2026-1,2026一季度,calc_per_net_assets,44.9000,,0.06247042,,
2026-03-31,2026一季报,2026-1,2026一季度,inventory_turnover_ratio,,,,,
2026-03-31,2026一季报,2026-1,2026一季度,conservative_quick_ratio,,,,,
2026-03-31,2026一季报,2026-1,2026一季度,equity_ratio,9.5093,,0.05096041,,
2026-03-31,2026一季报,2026-1,2026一季度,current_ratio,,,,,
2026-03-31,2026一季报,2026-1,2026一季度,basic_eps,1.4900,1.5009,0.00675676,0.03962042,0.01521916
2026-03-31,2026一季报,2026-1,2026一季度,business_cycle,,,,,
2026-03-31,2026一季报,2026-1,2026一季度,receive_accounts_turnover_days,,,,,
2026-03-31,2026一季报,2026-1,2026一季度,quick_ratio,,,,,
2026-03-31,2026一季报,2026-1,2026一季度,sale_gross_margin,,,,,
2026-03-31,2026一季报,2026-1,2026一季度,inventory_turnover_days,,,,,
2026-03-31,2026一季报,2026-1,2026一季度,calculate_operating_income_total_yoy_growth_ratio,3.80771600,3.80771600,2.23425134,1.42171360,2.23425134
2026-03-31,2026一季报,2026-1,2026一季度,sale_net_interest_ratio,43.7635,43.7635,-0.02294206,0.02997176,-0.02294206
2026-03-31,2026一季报,2026-1,2026一季度,per_undistributed_profits,28.4327,,0.06835629,,
2026-03-31,2026一季报,2026-1,2026一季度,operating_income_total,86940000000.0000,86940000000.0000,0.03807716,0.00961538,0.03807716
2026-03-31,2026一季报,2026-1,2026一季度,per_capital_reserve,2.5923,,-0.00077092,,
2026-03-31,2026一季报,2026-1,2026一季度,index_full_diluted_roe,2.9518,2.9627,-0.01343583,0.03348798,-0.01780268
2026-03-31,2026一季报,2026-1,2026一季度,calculate_parent_holder_net_profit_yoy_growth_ratio,1.51799600,1.51799600,1.73072972,-0.55537370,1.73072972
2026-03-31,2026一季报,2026-1,2026一季度,assets_debt_ratio,90.4294,,0.00485038,,
2026-03-31,2026一季报,2026-1,2026一季度,index_deduct_holder_net_profit,37795000000.0000,37795000000.0000,0.01774558,0.04069719,0.01774558
2026-03-31,2026一季报,2026-1,2026一季度,index_weighted_avg_roe,3.3700,3.3700,-0.04600142,0.13468013,-0.04600142
2026-03-31,2026一季报,2026-1,2026一季度,pe_ttm,6.63,,,,
2026-03-31,2026一季报,2026-1,2026一季度,pb,0.91,,,,
2025-12-31,2025年报,2025-4,2025四季度,index_per_operating_cash_flow_net,17.9000,10.9161,0.01015801,5.60021767,0.72425721
2025-12-31,2025年报,2025-4,2025四季度,deduct_net_profit_yoy_growth_ratio,1.3485,3.7391,0.00275134,1.91661466,-0.51629971
2025-12-31,2025年报,2025-4,2025四季度,parent_holder_net_profit,150181000000.0000,36409000000.0000,0.01206273,-0.06263838,0.03414094
2025-12-31,2025年报,2025-4,2025四季度,calc_per_net_assets,43.4300,,0.04751568,,
2025-12-31,2025年报,2025-4,2025四季度,inventory_turnover_ratio,,,,,
2025-12-31,2025年报,2025-4,2025四季度,conservative_quick_ratio,,,,,
2025-12-31,2025年报,2025-4,2025四季度,equity_ratio,9.2622,,0.04003054,,
2025-12-31,2025年报,2025-4,2025四季度,current_ratio,,,,,
2025-12-31,2025年报,2025-4,2025四季度,basic_eps,5.7000,1.4437,0.00706714,-0.06259334,0.03416905
2025-12-31,2025年报,2025-4,2025四季度,business_cycle,,,,,
2025-12-31,2025年报,2025-4,2025四季度,receive_accounts_turnover_days,,,,,
2025-12-31,2025年报,2025-4,2025四季度,quick_ratio,,,,,
2025-12-31,2025年报,2025-4,2025四季度,sale_gross_margin,,,,,
2025-12-31,2025年报,2025-4,2025四季度,inventory_turnover_days,,,,,
2025-12-31,2025年报,2025-4,2025四季度,calculate_operating_income_total_yoy_growth_ratio,0.01303800,1.57232300,1.02704272,-0.25658100,-0.79112345
2025-12-31,2025年报,2025-4,2025四季度,sale_net_interest_ratio,44.7738,42.4900,0.01034403,-0.11559500,0.01414892
2025-12-31,2025年报,2025-4,2025四季度,per_undistributed_profits,26.9551,,0.07211865,,
2025-12-31,2025年报,2025-4,2025四季度,operating_income_total,337532000000.0000,86112000000.0000,0.00013038,0.05722459,0.01572323
2025-12-31,2025年报,2025-4,2025四季度,per_capital_reserve,2.5935,,-0.00030837,,
2025-12-31,2025年报,2025-4,2025四季度,index_full_diluted_roe,11.7986,2.8667,-0.02519106,-0.05660315,-0.03165113
2025-12-31,2025年报,2025-4,2025四季度,calculate_parent_holder_net_profit_yoy_growth_ratio,1.20627300,3.41409400,-0.01150362,2.27284771,-0.55237736
2025-12-31,2025年报,2025-4,2025四季度,assets_debt_ratio,90.2001,,0.00390096,,
2025-12-31,2025年报,2025-4,2025四季度,index_deduct_holder_net_profit,150007000000.0000,36317000000.0000,0.01348548,-0.06570451,0.03739145
2025-12-31,2025年报,2025-4,2025四季度,index_weighted_avg_roe,13.4400,2.9700,-0.07246377,-0.16220028,0.00507614
2025-12-31,2025年报,2025-4,2025四季度,pe_ttm,7.07,,,,
2025-12-31,2025年报,2025-4,2025四季度,pb,0.97,,,,
2025-09-30,2025三季报,2025-3,2025三季度,index_per_operating_cash_flow_net,6.9839,1.6539,-0.38679088,0.05876704,-0.76702681
2025-09-30,2025三季报,2025-3,2025三季度,deduct_net_profit_yoy_growth_ratio,0.6079,1.2820,2.25963531,-0.53826760,0.54420622
2025-09-30,2025三季报,2025-3,2025三季度,parent_holder_net_profit,113772000000.0000,38842000000.0000,0.00519508,0.03182446,0.01043157
2025-09-30,2025三季报,2025-3,2025三季度,calc_per_net_assets,43.2100,,0.08759124,,
2025-09-30,2025三季报,2025-3,2025三季度,inventory_turnover_ratio,,,,,
2025-09-30,2025三季报,2025-3,2025三季度,conservative_quick_ratio,,,,,
2025-09-30,2025三季报,2025-3,2025三季度,equity_ratio,8.9711,,-0.01483605,,
2025-09-30,2025三季报,2025-3,2025三季度,current_ratio,,,,,
2025-09-30,2025三季报,2025-3,2025三季度,basic_eps,4.4300,1.5401,0.00453515,0.03182366,0.01043170
2025-09-30,2025三季报,2025-3,2025三季度,business_cycle,,,,,
2025-09-30,2025三季报,2025-3,2025三季度,receive_accounts_turnover_days,,,,,
2025-09-30,2025三季报,2025-3,2025三季度,quick_ratio,,,,,
2025-09-30,2025三季报,2025-3,2025三季度,sale_gross_margin,,,,,
2025-09-30,2025三季报,2025-3,2025三季度,inventory_turnover_days,,,,,
2025-09-30,2025三季报,2025-3,2025三季度,calculate_operating_income_total_yoy_growth_ratio,-0.51007300,2.11498900,0.82462184,6.90340417,1.84207423
2025-09-30,2025三季报,2025-3,2025三季度,sale_net_interest_ratio,45.5560,48.0436,0.00951545,0.09316459,-0.00875629
2025-09-30,2025三季报,2025-3,2025三季度,per_undistributed_profits,27.5549,,0.10298132,,
2025-09-30,2025三季报,2025-3,2025三季度,operating_income_total,251420000000.0000,81451000000.0000,-0.00510073,-0.05529008,0.02114989
2025-09-30,2025三季报,2025-3,2025三季度,per_capital_reserve,2.5935,,-0.00034690,,
2025-09-30,2025三季报,2025-3,2025三季度,index_full_diluted_roe,8.9776,3.0387,-0.08583066,0.02333805,-0.10565971
2025-09-30,2025三季报,2025-3,2025三季度,calculate_parent_holder_net_profit_yoy_growth_ratio,0.51950800,1.04315700,1.83805671,-0.60891209,0.31300103
2025-09-30,2025三季报,2025-3,2025三季度,assets_debt_ratio,89.9151,,-0.00149917,,
2025-09-30,2025三季报,2025-3,2025三季度,index_deduct_holder_net_profit,113690000000.0000,38871000000.0000,0.00607948,0.03152615,0.01281951
2025-09-30,2025三季报,2025-3,2025三季度,index_weighted_avg_roe,10.4700,3.5450,-0.09232770,0.04495210,-0.07077326
2025-09-30,2025三季报,2025-3,2025三季度,pe_ttm,6.91,,,,
2025-09-30,2025三季报,2025-3,2025三季度,pb,0.97,,,,
2025-06-30,2025中报,2025-2,2025二季度,index_per_operating_cash_flow_net,5.3300,1.5621,0.24242424,-0.58541893,-0.63989488
2025-06-30,2025中报,2025-2,2025二季度,deduct_net_profit_yoy_growth_ratio,0.2613,2.7765,1.22828936,2.28061436,12.09268877
2025-06-30,2025中报,2025-2,2025二季度,parent_holder_net_profit,74930000000.0000,37644000000.0000,0.00250191,0.00960146,0.02667321
2025-06-30,2025中报,2025-2,2025二季度,calc_per_net_assets,42.1000,,0.10614819,,
2025-06-30,2025中报,2025-2,2025二季度,inventory_turnover_ratio,,,,,
2025-06-30,2025中报,2025-2,2025二季度,conservative_quick_ratio,,,,,
2025-06-30,2025中报,2025-2,2025二季度,equity_ratio,8.8117,,-0.06453565,,
2025-06-30,2025中报,2025-2,2025二季度,current_ratio,,,,,
2025-06-30,2025中报,2025-2,2025二季度,basic_eps,2.8900,1.4926,0.00000000,0.00960498,0.02668868
2025-06-30,2025中报,2025-2,2025二季度,business_cycle,,,,,
2025-06-30,2025中报,2025-2,2025二季度,receive_accounts_turnover_days,,,,,
2025-06-30,2025中报,2025-2,2025二季度,quick_ratio,,,,,
2025-06-30,2025中报,2025-2,2025二季度,sale_gross_margin,,,,,
2025-06-30,2025中报,2025-2,2025二季度,inventory_turnover_days,,,,,
2025-06-30,2025中报,2025-2,2025二季度,calculate_operating_income_total_yoy_growth_ratio,-1.72077800,-0.35826600,0.44317302,0.88386994,0.75721956
2025-06-30,2025中报,2025-2,2025二季度,sale_net_interest_ratio,44.3640,43.9491,0.01786144,-0.01879838,0.02954467
2025-06-30,2025中报,2025-2,2025二季度,per_undistributed_profits,26.0217,,0.10941191,,
2025-06-30,2025中报,2025-2,2025二季度,operating_income_total,169969000000.0000,86218000000.0000,-0.01720778,0.02945636,-0.00358266
2025-06-30,2025中报,2025-2,2025二季度,per_capital_reserve,2.5940,,-0.00015418,,
2025-06-30,2025中报,2025-2,2025二季度,index_full_diluted_roe,5.8120,2.9694,-0.13669920,-0.01558149,-0.09733706
2025-06-30,2025中报,2025-2,2025二季度,calculate_parent_holder_net_profit_yoy_growth_ratio,0.25019100,2.66732100,1.18783418,2.28398937,4.98618677
2025-06-30,2025中报,2025-2,2025二季度,assets_debt_ratio,89.7539,,-0.00659218,,
2025-06-30,2025中报,2025-2,2025二季度,index_deduct_holder_net_profit,74819000000.0000,37683000000.0000,0.00261310,0.01472964,0.02776490
2025-06-30,2025中报,2025-2,2025二季度,index_weighted_avg_roe,6.9250,3.3925,-0.10297927,-0.03963199,-0.08310811
2025-06-30,2025中报,2025-2,2025二季度,pe_ttm,7.9,,,,
2025-06-30,2025中报,2025-2,2025二季度,pb,1.09,,,,
2025-03-31,2025一季报,2025-1,2025一季度,index_per_operating_cash_flow_net,3.7679,3.7679,79.66179541,-0.40483975,79.66179541
2025-03-31,2025一季报,2025-1,2025一季度,deduct_net_profit_yoy_growth_ratio,-2.1681,-2.1681,-0.08774834,-1.28047140,-0.08774834
2025-03-31,2025一季报,2025-1,2025一季度,parent_holder_net_profit,37286000000.0000,37286000000.0000,-0.02077370,0.05905076,-0.02077370
2025-03-31,2025一季报,2025-1,2025一季度,calc_per_net_assets,42.2600,,0.10052083,,
2025-03-31,2025一季报,2025-1,2025一季度,inventory_turnover_ratio,,,,,
2025-03-31,2025一季报,2025-1,2025一季度,conservative_quick_ratio,,,,,
2025-03-31,2025一季报,2025-1,2025一季度,equity_ratio,9.0482,,-0.02598605,,
2025-03-31,2025一季报,2025-1,2025一季度,current_ratio,,,,,
2025-03-31,2025一季报,2025-1,2025一季度,basic_eps,1.4800,1.4784,-0.01986755,0.05902579,-0.02079746
2025-03-31,2025一季报,2025-1,2025一季度,business_cycle,,,,,
2025-03-31,2025一季报,2025-1,2025一季度,receive_accounts_turnover_days,,,,,
2025-03-31,2025一季报,2025-1,2025一季度,quick_ratio,,,,,
2025-03-31,2025一季报,2025-1,2025一季度,sale_gross_margin,,,,,
2025-03-31,2025一季报,2025-1,2025一季度,inventory_turnover_days,,,,,
2025-03-31,2025一季报,2025-1,2025一季度,calculate_operating_income_total_yoy_growth_ratio,-3.08504100,-3.08504100,0.33724629,-1.40983482,0.33724629
2025-03-31,2025一季报,2025-1,2025一季度,sale_net_interest_ratio,44.7911,44.7911,0.00689682,0.06907144,0.00689682
2025-03-31,2025一季报,2025-1,2025一季度,per_undistributed_profits,26.6135,,0.10691722,,
2025-03-31,2025一季报,2025-1,2025一季度,operating_income_total,83751000000.0000,83751000000.0000,-0.03085041,-0.01212564,-0.03085041
2025-03-31,2025一季报,2025-1,2025一季度,per_capital_reserve,2.5943,,-0.00003854,,
2025-03-31,2025一季报,2025-1,2025一季度,index_full_diluted_roe,2.9920,3.0164,-0.12074995,0.01891636,-0.13044481
2025-03-31,2025一季报,2025-1,2025一季度,calculate_parent_holder_net_profit_yoy_growth_ratio,-2.07737000,-2.07737000,-0.05883192,-1.27236445,-0.05883192
2025-03-31,2025一季报,2025-1,2025一季度,assets_debt_ratio,89.9929,,-0.00263105,,
2025-03-31,2025一季报,2025-1,2025一季度,index_deduct_holder_net_profit,37136000000.0000,37136000000.0000,-0.02168129,0.06078611,-0.02168129
2025-03-31,2025一季报,2025-1,2025一季度,index_weighted_avg_roe,3.5325,3.5325,-0.12126866,0.19543147,-0.12126866
2025-03-31,2025一季报,2025-1,2025一季度,pe_ttm,7.36,,,,
2025-03-31,2025一季报,2025-1,2025一季度,pb,1.04,,,,
2024-12-31,2024年报,2024-4,2024四季度,index_per_operating_cash_flow_net,17.7200,6.3309,0.24876674,-0.10821090,-0.47517160
2024-12-31,2024年报,2024-4,2024四季度,deduct_net_profit_yoy_growth_ratio,1.3448,7.7302,-0.78227504,8.31125030,0.55175044
2024-12-31,2024年报,2024-4,2024四季度,parent_holder_net_profit,148391000000.0000,35207000000.0000,0.01220311,-0.08412892,0.07627170
2024-12-31,2024年报,2024-4,2024四季度,calc_per_net_assets,41.4600,,0.12939254,,
2024-12-31,2024年报,2024-4,2024四季度,inventory_turnover_ratio,,,,,
2024-12-31,2024年报,2024-4,2024四季度,conservative_quick_ratio,,,,,
2024-12-31,2024年报,2024-4,2024四季度,equity_ratio,8.9057,,-0.03589794,,
2024-12-31,2024年报,2024-4,2024四季度,current_ratio,,,,,
2024-12-31,2024年报,2024-4,2024四季度,basic_eps,5.6600,1.3960,0.00532860,-0.08410970,0.07624701
2024-12-31,2024年报,2024-4,2024四季度,business_cycle,,,,,
2024-12-31,2024年报,2024-4,2024四季度,receive_accounts_turnover_days,,,,,
2024-12-31,2024年报,2024-4,2024四季度,quick_ratio,,,,,
2024-12-31,2024年报,2024-4,2024四季度,sale_gross_margin,,,,,
2024-12-31,2024年报,2024-4,2024四季度,inventory_turnover_days,,,,,
2024-12-31,2024年报,2024-4,2024四季度,calculate_operating_income_total_yoy_growth_ratio,-0.48212600,7.52752300,0.70630941,3.99705253,6.44145833
2024-12-31,2024年报,2024-4,2024四季度,sale_net_interest_ratio,44.3154,41.8972,0.01538821,-0.13556986,-0.00007876
2024-12-31,2024年报,2024-4,2024四季度,per_undistributed_profits,25.1419,,0.11560306,,
2024-12-31,2024年报,2024-4,2024四季度,operating_income_total,337488000000.0000,84779000000.0000,-0.00482126,0.06287298,0.07527523
2024-12-31,2024年报,2024-4,2024四季度,per_capital_reserve,2.5943,,-0.00003854,,
2024-12-31,2024年报,2024-4,2024四季度,index_full_diluted_roe,12.1035,2.9604,-0.11134361,-0.12870471,-0.05490997
2024-12-31,2024年报,2024-4,2024四季度,calculate_parent_holder_net_profit_yoy_growth_ratio,1.22031100,7.62717000,-0.80393763,8.60016766,0.46195251
2024-12-31,2024年报,2024-4,2024四季度,assets_debt_ratio,89.8496,,-0.00338971,,
2024-12-31,2024年报,2024-4,2024四季度,index_deduct_holder_net_profit,148011000000.0000,35008000000.0000,0.01344773,-0.08783449,0.07730182
2024-12-31,2024年报,2024-4,2024四季度,index_weighted_avg_roe,14.4900,2.9550,-0.10665845,-0.22542595,-0.07221350
2024-12-31,2024年报,2024-4,2024四季度,pe_ttm,6.63,,,,
2024-12-31,2024年报,2024-4,2024四季度,pb,0.97,,,,
2024-09-30,2024三季报,2024-3,2024三季度,index_per_operating_cash_flow_net,11.3891,7.0991,4.35403347,0.63652920,5.40172371
2024-09-30,2024三季报,2024-3,2024三季度,deduct_net_profit_yoy_growth_ratio,-0.4826,0.8302,-1.07397756,4.31681982,-0.53453689
2024-09-30,2024三季报,2024-3,2024三季度,parent_holder_net_profit,113184000000.0000,38441000000.0000,-0.00619896,0.04840997,0.00794483
2024-09-30,2024三季报,2024-3,2024三季度,calc_per_net_assets,39.7300,,0.12358597,,
2024-09-30,2024三季报,2024-3,2024三季度,inventory_turnover_ratio,,,,,
2024-09-30,2024三季报,2024-3,2024三季度,conservative_quick_ratio,,,,,
2024-09-30,2024三季报,2024-3,2024三季度,equity_ratio,9.1062,,-0.04448012,,
2024-09-30,2024三季报,2024-3,2024三季度,current_ratio,,,,,
2024-09-30,2024三季报,2024-3,2024三季度,basic_eps,4.4100,1.5242,-0.00675676,0.04842482,0.00793546
2024-09-30,2024三季报,2024-3,2024三季度,business_cycle,,,,,
2024-09-30,2024三季报,2024-3,2024三季度,receive_accounts_turnover_days,,,,,
2024-09-30,2024三季报,2024-3,2024三季度,quick_ratio,,,,,
2024-09-30,2024三季报,2024-3,2024三季度,sale_gross_margin,,,,,
2024-09-30,2024三季报,2024-3,2024三季度,inventory_turnover_days,,,,,
2024-09-30,2024三季报,2024-3,2024三季度,calculate_operating_income_total_yoy_growth_ratio,-2.90841800,-2.51164200,-0.69135960,-0.70202463,0.45104969
2024-09-30,2024三季报,2024-3,2024三季度,sale_net_interest_ratio,45.1266,48.4680,0.02161560,0.13540371,0.02914510
2024-09-30,2024三季报,2024-3,2024三季度,per_undistributed_profits,24.9822,,0.12371468,,
2024-09-30,2024三季报,2024-3,2024三季度,operating_income_total,252709000000.0000,79764000000.0000,-0.02908418,-0.07817123,-0.02511642
2024-09-30,2024三季报,2024-3,2024三季度,per_capital_reserve,2.5944,,-0.00007708,,
2024-09-30,2024三季报,2024-3,2024三季度,index_full_diluted_roe,9.8205,3.3977,-0.12716753,0.03286114,-0.11384383
2024-09-30,2024三季报,2024-3,2024三季度,calculate_parent_holder_net_profit_yoy_growth_ratio,-0.61989600,0.79448300,-1.09512130,2.18731777,-0.53152998
2024-09-30,2024三季报,2024-3,2024三季度,assets_debt_ratio,90.0501,,-0.00415919,,
2024-09-30,2024三季报,2024-3,2024三季度,index_deduct_holder_net_profit,113003000000.0000,38379000000.0000,-0.00482603,0.04674758,0.00830203
2024-09-30,2024三季报,2024-3,2024三季度,index_weighted_avg_roe,11.5350,3.8150,-0.11507480,0.03108108,-0.10446009
2024-09-30,2024三季报,2024-3,2024三季度,pe_ttm,6.51,,,,
2024-09-30,2024三季报,2024-3,2024三季度,pb,0.99,,,,
2024-06-30,2024中报,2024-2,2024二季度,index_per_operating_cash_flow_net,4.2900,4.3379,0.14705882,91.56158664,0.02301724
2024-06-30,2024中报,2024-2,2024二季度,deduct_net_profit_yoy_growth_ratio,-1.1446,-0.2503,-1.12598651,0.87442304,-1.02459661
2024-06-30,2024中报,2024-2,2024二季度,parent_holder_net_profit,74743000000.0000,36666000000.0000,-0.01331978,-0.03705649,-0.00669141
2024-06-30,2024中报,2024-2,2024二季度,calc_per_net_assets,38.0600,,0.12040035,,
2024-06-30,2024中报,2024-2,2024二季度,inventory_turnover_ratio,,,,,
2024-06-30,2024中报,2024-2,2024二季度,conservative_quick_ratio,,,,,
2024-06-30,2024中报,2024-2,2024二季度,equity_ratio,9.4196,,-0.05636977,,
2024-06-30,2024中报,2024-2,2024二季度,current_ratio,,,,,
2024-06-30,2024中报,2024-2,2024二季度,basic_eps,2.8900,1.4538,-0.01365188,-0.03709101,-0.00669582
2024-06-30,2024中报,2024-2,2024二季度,business_cycle,,,,,
2024-06-30,2024中报,2024-2,2024二季度,receive_accounts_turnover_days,,,,,
2024-06-30,2024中报,2024-2,2024二季度,quick_ratio,,,,,
2024-06-30,2024中报,2024-2,2024二季度,sale_gross_margin,,,,,
2024-06-30,2024中报,2024-2,2024二季度,inventory_turnover_days,,,,,
2024-06-30,2024中报,2024-2,2024二季度,calculate_operating_income_total_yoy_growth_ratio,-3.09032800,-1.47567900,-7.77099351,0.68298258,-2.77777443
2024-06-30,2024中报,2024-2,2024二季度,sale_net_interest_ratio,43.5855,42.6879,0.01760624,-0.04038279,0.00750295
2024-06-30,2024中报,2024-2,2024二季度,per_undistributed_profits,23.4554,,0.13239994,,
2024-06-30,2024中报,2024-2,2024二季度,operating_income_total,172945000000.0000,86528000000.0000,-0.03090328,0.00128447,-0.01475679
2024-06-30,2024中报,2024-2,2024二季度,per_capital_reserve,2.5944,,-0.00007708,,
2024-06-30,2024中报,2024-2,2024二季度,index_full_diluted_roe,6.7323,3.2896,-0.13159626,-0.05168785,-0.12745020
2024-06-30,2024中报,2024-2,2024二季度,calculate_parent_holder_net_profit_yoy_growth_ratio,-1.33197800,-0.66914100,-1.14602955,0.65893998,-1.06357887
2024-06-30,2024中报,2024-2,2024二季度,assets_debt_ratio,90.3495,,-0.00518058,,
2024-06-30,2024中报,2024-2,2024二季度,index_deduct_holder_net_profit,74624000000.0000,36665000000.0000,-0.01144553,-0.03408941,-0.00250292
2024-06-30,2024中报,2024-2,2024二季度,index_weighted_avg_roe,7.7200,3.7000,-0.12022792,-0.07960199,-0.11217756
2024-06-30,2024中报,2024-2,2024二季度,pe_ttm,5.89,,,,
2024-06-30,2024中报,2024-2,2024二季度,pb,0.89,,,,
2024-03-31,2024一季报,2024-1,2024一季度,index_per_operating_cash_flow_net,-0.0479,-0.0479,0.90425745,-1.00397089,0.90425745
2024-03-31,2024一季报,2024-1,2024一季度,deduct_net_profit_yoy_growth_ratio,-1.9932,-1.9932,-1.24700721,-1.40011241,-1.24700721
2024-03-31,2024一季报,2024-1,2024一季度,parent_holder_net_profit,38077000000.0000,38077000000.0000,-0.01961945,0.16400709,-0.01961945
2024-03-31,2024一季报,2024-1,2024一季度,calc_per_net_assets,38.4000,,0.12510987,,
2024-03-31,2024一季报,2024-1,2024一季度,inventory_turnover_ratio,,,,,
2024-03-31,2024一季报,2024-1,2024一季度,conservative_quick_ratio,,,,,
2024-03-31,2024一季报,2024-1,2024一季度,equity_ratio,9.2896,,-0.04255604,,
2024-03-31,2024一季报,2024-1,2024一季度,current_ratio,,,,,
2024-03-31,2024一季报,2024-1,2024一季度,basic_eps,1.5100,1.5098,-0.01948052,0.16398119,-0.01961039
2024-03-31,2024一季报,2024-1,2024一季度,business_cycle,,,,,
2024-03-31,2024一季报,2024-1,2024一季度,receive_accounts_turnover_days,,,,,
2024-03-31,2024一季报,2024-1,2024一季度,quick_ratio,,,,,
2024-03-31,2024一季报,2024-1,2024一季度,sale_gross_margin,,,,,
2024-03-31,2024一季报,2024-1,2024一季度,inventory_turnover_days,,,,,
2024-03-31,2024一季报,2024-1,2024一季度,calculate_operating_income_total_yoy_growth_ratio,-4.65488300,-4.65488300,-2.16250164,-2.36489863,-2.16250164
2024-03-31,2024一季报,2024-1,2024一季度,sale_net_interest_ratio,44.4843,44.4843,0.02785903,0.06166514,0.02785903
2024-03-31,2024一季报,2024-1,2024一季度,per_undistributed_profits,24.0429,,0.14065243,,
2024-03-31,2024一季报,2024-1,2024一季度,operating_income_total,86417000000.0000,86417000000.0000,-0.04654883,0.09605043,-0.04654883
2024-03-31,2024一季报,2024-1,2024一季度,per_capital_reserve,2.5944,,-0.00007708,,
2024-03-31,2024一季报,2024-1,2024一季度,index_full_diluted_roe,3.4029,3.4689,-0.14042134,0.10742562,-0.13963640
2024-03-31,2024一季报,2024-1,2024一季度,calculate_parent_holder_net_profit_yoy_growth_ratio,-1.96194500,-1.96194500,-1.25088102,-1.37605959,-1.25088102
2024-03-31,2024一季报,2024-1,2024一季度,assets_debt_ratio,90.2303,,-0.00387717,,
2024-03-31,2024一季报,2024-1,2024一季度,index_deduct_holder_net_profit,37959000000.0000,37959000000.0000,-0.01993235,0.16811300,-0.01993235
2024-03-31,2024一季报,2024-1,2024一季度,index_weighted_avg_roe,4.0200,4.0200,-0.12750950,0.26216641,-0.12750950
2024-03-31,2024一季报,2024-1,2024一季度,pe_ttm,5.36,,,,
2024-03-31,2024一季报,2024-1,2024一季度,pb,0.88,,,,
2023-12-31,2023年报,2023-4,2023四季度,index_per_operating_cash_flow_net,14.1900,12.0628,-0.37240159,8.47941468,-0.28203602
2023-12-31,2023年报,2023-4,2023四季度,deduct_net_profit_yoy_growth_ratio,6.1766,4.9816,-0.59291895,1.79300292,-0.72976462
2023-12-31,2023年报,2023-4,2023四季度,parent_holder_net_profit,146602000000.0000,32712000000.0000,0.06224096,-0.14227280,0.05217112
2023-12-31,2023年报,2023-4,2023四季度,calc_per_net_assets,36.7100,,0.12228676,,
2023-12-31,2023年报,2023-4,2023四季度,inventory_turnover_ratio,,,,,
2023-12-31,2023年报,2023-4,2023四季度,conservative_quick_ratio,,,,,
2023-12-31,2023年报,2023-4,2023四季度,equity_ratio,9.2373,,-0.04908329,,
2023-12-31,2023年报,2023-4,2023四季度,current_ratio,,,,,
2023-12-31,2023年报,2023-4,2023四季度,basic_eps,5.6300,1.2971,0.07034221,-0.14224309,0.05215769
2023-12-31,2023年报,2023-4,2023四季度,business_cycle,,,,,
2023-12-31,2023年报,2023-4,2023四季度,receive_accounts_turnover_days,,,,,
2023-12-31,2023年报,2023-4,2023四季度,quick_ratio,,,,,
2023-12-31,2023年报,2023-4,2023四季度,sale_gross_margin,,,,,
2023-12-31,2023年报,2023-4,2023四季度,inventory_turnover_days,,,,,
2023-12-31,2023年报,2023-4,2023四季度,calculate_operating_income_total_yoy_growth_ratio,-1.64161200,-1.38336500,-1.40191348,0.69764853,-11.32261795
2023-12-31,2023年报,2023-4,2023四季度,sale_net_interest_ratio,43.6438,41.9005,0.08027871,-0.11030589,0.06975812
2023-12-31,2023年报,2023-4,2023四季度,per_undistributed_profits,22.5366,,0.15295598,,
2023-12-31,2023年报,2023-4,2023四季度,operating_income_total,339123000000.0000,78844000000.0000,-0.01641612,-0.03636075,-0.01383365
2023-12-31,2023年报,2023-4,2023四季度,per_capital_reserve,2.5944,,-0.00007708,,
2023-12-31,2023年报,2023-4,2023四季度,index_full_diluted_roe,13.6200,3.1324,-0.06691238,-0.18303688,-0.06043973
2023-12-31,2023年报,2023-4,2023四季度,calculate_parent_holder_net_profit_yoy_growth_ratio,6.22409600,5.21711200,-0.58739301,2.07629061,-0.71305339
2023-12-31,2023年报,2023-4,2023四季度,assets_debt_ratio,90.1552,,-0.00478207,,
2023-12-31,2023年报,2023-4,2023四季度,index_deduct_holder_net_profit,146047000000.0000,32496000000.0000,0.06176618,-0.14625752,0.04981586
2023-12-31,2023年报,2023-4,2023四季度,index_weighted_avg_roe,16.2200,3.1850,-0.04923798,-0.25234742,-0.06185567
2023-12-31,2023年报,2023-4,2023四季度,pe_ttm,4.79,,,,
2023-12-31,2023年报,2023-4,2023四季度,pb,0.78,,,,
2023-09-30,2023三季报,2023-3,2023三季度,index_per_operating_cash_flow_net,2.1272,-1.6128,-0.63378439,-1.38035045,-3.56570156
2023-09-30,2023三季报,2023-3,2023三季度,deduct_net_profit_yoy_growth_ratio,6.5236,1.7836,-0.54249888,-0.82472829,-0.88557425
2023-09-30,2023三季报,2023-3,2023三季度,parent_holder_net_profit,113890000000.0000,38138000000.0000,0.06516900,0.03318614,0.01695910
2023-09-30,2023三季报,2023-3,2023三季度,calc_per_net_assets,35.3600,,0.11580940,,
2023-09-30,2023三季报,2023-3,2023三季度,inventory_turnover_ratio,,,,,
2023-09-30,2023三季报,2023-3,2023三季度,conservative_quick_ratio,,,,,
2023-09-30,2023三季报,2023-3,2023三季度,equity_ratio,9.5301,,-0.00178065,,
2023-09-30,2023三季报,2023-3,2023三季度,current_ratio,,,,,
2023-09-30,2023三季报,2023-3,2023三季度,basic_eps,4.4400,1.5122,0.06987952,0.03320579,0.01694687
2023-09-30,2023三季报,2023-3,2023三季度,business_cycle,,,,,
2023-09-30,2023三季报,2023-3,2023三季度,receive_accounts_turnover_days,,,,,
2023-09-30,2023三季报,2023-3,2023三季度,quick_ratio,,,,,
2023-09-30,2023三季报,2023-3,2023三季度,sale_gross_margin,,,,,
2023-09-30,2023三季报,2023-3,2023三季度,inventory_turnover_days,,,,,
2023-09-30,2023三季报,2023-3,2023三季度,calculate_operating_income_total_yoy_growth_ratio,-1.71957400,-4.57535400,-1.32207261,-6.51200319,-2.22753424
2023-09-30,2023三季报,2023-3,2023三季度,sale_net_interest_ratio,44.1718,47.0954,0.08337237,0.11152702,0.06328880
2023-09-30,2023三季报,2023-3,2023三季度,per_undistributed_profits,22.2318,,0.13625236,,
2023-09-30,2023三季报,2023-3,2023三季度,operating_income_total,260279000000.0000,81819000000.0000,-0.01719574,-0.06837539,-0.04575354
2023-09-30,2023三季报,2023-3,2023三季度,per_capital_reserve,2.5946,,0.00000000,,
2023-09-30,2023三季报,2023-3,2023三季度,index_full_diluted_roe,11.2513,3.8342,-0.03232937,0.01700220,-0.07594052
2023-09-30,2023三季报,2023-3,2023三季度,calculate_parent_holder_net_profit_yoy_growth_ratio,6.51690000,1.69591000,-0.54153482,-0.83886201,-0.89069343
2023-09-30,2023三季报,2023-3,2023三季度,assets_debt_ratio,90.4262,,-0.00017912,,
2023-09-30,2023三季报,2023-3,2023三季度,index_deduct_holder_net_profit,113551000000.0000,38063000000.0000,0.06523636,0.03553065,0.01783613
2023-09-30,2023三季报,2023-3,2023三季度,index_weighted_avg_roe,13.0350,4.2600,-0.04610318,0.02219556,-0.07991361
2023-09-30,2023三季报,2023-3,2023三季度,pe_ttm,5.77,,,,
2023-09-30,2023三季报,2023-3,2023三季度,pb,0.97,,,,
2023-06-30,2023中报,2023-2,2023二季度,index_per_operating_cash_flow_net,3.7400,4.2403,-0.27799228,9.47551469,-0.14508357
2023-06-30,2023中报,2023-2,2023二季度,deduct_net_profit_yoy_growth_ratio,9.0851,10.1762,-0.32971573,0.26108509,-0.31351359
2023-06-30,2023中报,2023-2,2023二季度,parent_holder_net_profit,75752000000.0000,36913000000.0000,0.09121291,-0.04958933,0.10524582
2023-06-30,2023中报,2023-2,2023二季度,calc_per_net_assets,33.9700,,0.12595293,,
2023-06-30,2023中报,2023-2,2023二季度,inventory_turnover_ratio,,,,,
2023-06-30,2023中报,2023-2,2023二季度,conservative_quick_ratio,,,,,
2023-06-30,2023中报,2023-2,2023二季度,equity_ratio,9.9823,,0.00399292,,
2023-06-30,2023中报,2023-2,2023二季度,current_ratio,,,,,
2023-06-30,2023中报,2023-2,2023二季度,basic_eps,2.9300,1.4636,0.09737828,-0.04961039,0.10518765
2023-06-30,2023中报,2023-2,2023二季度,business_cycle,,,,,
2023-06-30,2023中报,2023-2,2023二季度,receive_accounts_turnover_days,,,,,
2023-06-30,2023中报,2023-2,2023二季度,quick_ratio,,,,,
2023-06-30,2023中报,2023-2,2023二季度,sale_gross_margin,,,,,
2023-06-30,2023中报,2023-2,2023二季度,inventory_turnover_days,,,,,
2023-06-30,2023中报,2023-2,2023二季度,calculate_operating_income_total_yoy_growth_ratio,-0.35233500,0.83007100,-1.05749002,1.56394562,-0.77530037
2023-06-30,2023中报,2023-2,2023二季度,sale_net_interest_ratio,42.8314,42.3700,0.09578534,-0.02099421,0.09532168
2023-06-30,2023中报,2023-2,2023二季度,per_undistributed_profits,20.7130,,0.14392856,,
2023-06-30,2023中报,2023-2,2023二季度,operating_income_total,178460000000.0000,87824000000.0000,-0.00352335,-0.03102520,0.00830071
2023-06-30,2023中报,2023-2,2023二季度,per_capital_reserve,2.5946,,-0.00905167,,
2023-06-30,2023中报,2023-2,2023二季度,index_full_diluted_roe,7.7525,3.7701,-0.00828931,-0.06493217,0.00552088
2023-06-30,2023中报,2023-2,2023二季度,calculate_parent_holder_net_profit_yoy_growth_ratio,9.12129100,10.52458200,-0.32555388,0.34581644,-0.28070913
2023-06-30,2023中报,2023-2,2023二季度,assets_debt_ratio,90.8200,,0.00032933,,
2023-06-30,2023中报,2023-2,2023二季度,index_deduct_holder_net_profit,75488000000.0000,36757000000.0000,0.09085129,-0.05096693,0.10176248
2023-06-30,2023中报,2023-2,2023二季度,index_weighted_avg_roe,8.7750,4.1675,-0.02877698,-0.09549647,-0.01360947
2023-06-30,2023中报,2023-2,2023二季度,pe_ttm,5.84,,,,
2023-06-30,2023中报,2023-2,2023二季度,pb,0.96,,,,
2023-03-31,2023一季报,2023-1,2023一季度,index_per_operating_cash_flow_net,-0.5003,-0.5003,-3.27305770,-1.02977728,-3.27305770
2023-03-31,2023一季报,2023-1,2023一季度,deduct_net_profit_yoy_growth_ratio,8.0694,8.0694,-0.34910021,-0.56226165,-0.34910021
2023-03-31,2023一季报,2023-1,2023一季度,parent_holder_net_profit,38839000000.0000,38839000000.0000,0.07820221,0.24924413,0.07820221
2023-03-31,2023一季报,2023-1,2023一季度,calc_per_net_assets,34.1300,,0.12306680,,
2023-03-31,2023一季报,2023-1,2023一季度,inventory_turnover_ratio,,,,,
2023-03-31,2023一季报,2023-1,2023一季度,conservative_quick_ratio,,,,,
2023-03-31,2023一季报,2023-1,2023一季度,equity_ratio,9.7025,,0.01814347,,
2023-03-31,2023一季报,2023-1,2023一季度,current_ratio,,,,,
2023-03-31,2023一季报,2023-1,2023一季度,basic_eps,1.5400,1.5400,0.07692308,0.24918884,0.07820486
2023-03-31,2023一季报,2023-1,2023一季度,business_cycle,,,,,
2023-03-31,2023一季报,2023-1,2023一季度,receive_accounts_turnover_days,,,,,
2023-03-31,2023一季报,2023-1,2023一季度,quick_ratio,,,,,
2023-03-31,2023一季报,2023-1,2023一季度,sale_gross_margin,,,,,
2023-03-31,2023一季报,2023-1,2023一季度,inventory_turnover_days,,,,,
2023-03-31,2023一季报,2023-1,2023一季度,calculate_operating_income_total_yoy_growth_ratio,-1.47189900,-1.47189900,-1.17232341,-11.98325536,-1.17232341
2023-03-31,2023一季报,2023-1,2023一季度,sale_net_interest_ratio,43.2786,43.2786,0.09647687,0.10494227,0.09647687
2023-03-31,2023一季报,2023-1,2023一季度,per_undistributed_profits,21.0782,,0.14604640,,
2023-03-31,2023一季报,2023-1,2023一季度,operating_income_total,90636000000.0000,90636000000.0000,-0.01471899,0.13365854,-0.01471899
2023-03-31,2023一季报,2023-1,2023一季度,per_capital_reserve,2.5946,,-0.03092552,,
2023-03-31,2023一季报,2023-1,2023一季度,index_full_diluted_roe,3.9588,4.0319,-0.01805735,0.20936441,-0.01936033
2023-03-31,2023一季报,2023-1,2023一季度,calculate_parent_holder_net_profit_yoy_growth_ratio,7.82022100,7.82022100,-0.37518249,-0.56987968,-0.37518249
2023-03-31,2023一季报,2023-1,2023一季度,assets_debt_ratio,90.5815,,0.00163767,,
2023-03-31,2023一季报,2023-1,2023一季度,index_deduct_holder_net_profit,38731000000.0000,38731000000.0000,0.08069422,0.25124378,0.08069422
2023-03-31,2023一季报,2023-1,2023一季度,index_weighted_avg_roe,4.6075,4.6075,-0.04209979,0.35714286,-0.04209979
2023-03-31,2023一季报,2023-1,2023一季度,pe_ttm,6.24,,,,
2023-03-31,2023一季报,2023-1,2023一季度,pb,1.08,,,,
2022-12-31,2022年报,2022-4,2022四季度,index_per_operating_cash_flow_net,22.6100,16.8014,2.13157895,25.72828508,3.24975338
2022-12-31,2022年报,2022-4,2022四季度,deduct_net_profit_yoy_growth_ratio,15.1729,18.4343,-0.33737586,0.18264111,-0.29688918
2022-12-31,2022年报,2022-4,2022四季度,parent_holder_net_profit,138012000000.0000,31090000000.0000,0.15084805,-0.17097755,0.18181473
2022-12-31,2022年报,2022-4,2022四季度,calc_per_net_assets,32.7100,,0.12754223,,
2022-12-31,2022年报,2022-4,2022四季度,inventory_turnover_ratio,,,,,
2022-12-31,2022年报,2022-4,2022四季度,conservative_quick_ratio,,,,,
2022-12-31,2022年报,2022-4,2022四季度,equity_ratio,9.7141,,-0.00493736,,
2022-12-31,2022年报,2022-4,2022四季度,current_ratio,,,,,
2022-12-31,2022年报,2022-4,2022四季度,basic_eps,5.2600,1.2328,0.14099783,-0.17094822,0.18186176
2022-12-31,2022年报,2022-4,2022四季度,business_cycle,,,,,
2022-12-31,2022年报,2022-4,2022四季度,receive_accounts_turnover_days,,,,,
2022-12-31,2022年报,2022-4,2022四季度,quick_ratio,,,,,
2022-12-31,2022年报,2022-4,2022四季度,sale_gross_margin,,,,,
2022-12-31,2022年报,2022-4,2022四季度,inventory_turnover_days,,,,,
2022-12-31,2022年报,2022-4,2022四季度,calculate_operating_income_total_yoy_growth_ratio,4.08449100,0.13401300,-0.70899141,-0.96404529,-0.99142446
2022-12-31,2022年报,2022-4,2022四季度,sale_net_interest_ratio,40.4005,39.1682,0.10753360,-0.11568628,0.18109557
2022-12-31,2022年报,2022-4,2022四季度,per_undistributed_profits,19.5468,,0.15021096,,
2022-12-31,2022年报,2022-4,2022四季度,operating_income_total,344783000000.0000,79950000000.0000,0.04084491,-0.06755149,0.00134013
2022-12-31,2022年报,2022-4,2022四季度,per_capital_reserve,2.5946,,-0.03092552,,
2022-12-31,2022年报,2022-4,2022四季度,index_full_diluted_roe,14.5967,3.3339,0.04524948,-0.19651507,0.04406238
2022-12-31,2022年报,2022-4,2022四季度,calculate_parent_holder_net_profit_yoy_growth_ratio,15.08480500,18.18147300,-0.34969660,0.17185136,-0.32279892
2022-12-31,2022年报,2022-4,2022四季度,assets_debt_ratio,90.5884,,-0.00057259,,
2022-12-31,2022年报,2022-4,2022四季度,index_deduct_holder_net_profit,137551000000.0000,30954000000.0000,0.15172905,-0.17226441,0.18434343
2022-12-31,2022年报,2022-4,2022四季度,index_weighted_avg_roe,17.0600,3.3950,0.00589623,-0.26673866,0.00518135
2022-12-31,2022年报,2022-4,2022四季度,pe_ttm,6.81,,,,
2022-12-31,2022年报,2022-4,2022四季度,pb,1.13,,,,
2022-09-30,2022三季报,2022-3,2022三季度,index_per_operating_cash_flow_net,5.8086,0.6286,0.77823358,-0.87326357,-0.79161280
2022-09-30,2022三季报,2022-3,2022三季度,deduct_net_profit_yoy_growth_ratio,14.2592,15.5874,-0.35183098,0.05152595,-0.25774639
2022-09-30,2022三季报,2022-3,2022三季度,parent_holder_net_profit,106922000000.0000,37502000000.0000,0.14214602,0.12288161,0.15515170
2022-09-30,2022三季报,2022-3,2022三季度,calc_per_net_assets,31.6900,,0.13381038,,
2022-09-30,2022三季报,2022-3,2022三季度,inventory_turnover_ratio,,,,,
2022-09-30,2022三季报,2022-3,2022三季度,conservative_quick_ratio,,,,,
2022-09-30,2022三季报,2022-3,2022三季度,equity_ratio,9.5471,,-0.07255683,,
2022-09-30,2022三季报,2022-3,2022三季度,current_ratio,,,,,
2022-09-30,2022三季报,2022-3,2022三季度,basic_eps,4.1500,1.4870,0.14640884,0.12285736,0.15513089
2022-09-30,2022三季报,2022-3,2022三季度,business_cycle,,,,,
2022-09-30,2022三季报,2022-3,2022三季度,receive_accounts_turnover_days,,,,,
2022-09-30,2022三季报,2022-3,2022三季度,quick_ratio,,,,,
2022-09-30,2022三季报,2022-3,2022三季度,sale_gross_margin,,,,,
2022-09-30,2022三季报,2022-3,2022三季度,inventory_turnover_days,,,,,
2022-09-30,2022三季报,2022-3,2022三季度,calculate_operating_income_total_yoy_growth_ratio,5.33908800,3.72727200,-0.60565901,0.00896989,-0.71579941
2022-09-30,2022三季报,2022-3,2022三季度,sale_net_interest_ratio,40.7725,44.2922,0.08637729,0.14501315,0.11937183
2022-09-30,2022三季报,2022-3,2022三季度,per_undistributed_profits,19.5659,,0.14517573,,
2022-09-30,2022三季报,2022-3,2022三季度,operating_income_total,264833000000.0000,85742000000.0000,0.05339088,-0.01560258,0.03727272
2022-09-30,2022三季报,2022-3,2022三季度,per_capital_reserve,2.5946,,-0.03092552,,
2022-09-30,2022三季报,2022-3,2022三季度,index_full_diluted_roe,11.6272,4.1493,-0.02008344,0.10665707,-0.01341037
2022-09-30,2022三季报,2022-3,2022三季度,calculate_parent_holder_net_profit_yoy_growth_ratio,14.21460200,15.51517000,-0.35993350,0.06036706,-0.26364727
2022-09-30,2022三季报,2022-3,2022三季度,assets_debt_ratio,90.4424,,-0.00695356,,
2022-09-30,2022三季报,2022-3,2022三季度,index_deduct_holder_net_profit,106597000000.0000,37396000000.0000,0.14259224,0.12091601,0.15587426
2022-09-30,2022三季报,2022-3,2022三季度,index_weighted_avg_roe,13.6650,4.6300,0.00607399,0.09585799,0.01702361
2022-09-30,2022三季报,2022-3,2022三季度,pe_ttm,6.9,,,,
2022-09-30,2022三季报,2022-3,2022三季度,pb,1.16,,,,
2022-06-30,2022中报,2022-2,2022二季度,index_per_operating_cash_flow_net,5.1800,4.9599,19.72000000,21.53475693,2.24176471
2022-06-30,2022中报,2022-2,2022二季度,deduct_net_profit_yoy_growth_ratio,13.5541,14.8236,-0.39856587,0.19571197,-0.55318302
2022-06-30,2022中报,2022-2,2022二季度,parent_holder_net_profit,69420000000.0000,33398000000.0000,0.13524121,-0.07284437,0.14631886
2022-06-30,2022中报,2022-2,2022二季度,calc_per_net_assets,30.1700,,0.13421053,,
2022-06-30,2022中报,2022-2,2022二季度,inventory_turnover_ratio,,,,,
2022-06-30,2022中报,2022-2,2022二季度,conservative_quick_ratio,,,,,
2022-06-30,2022中报,2022-2,2022二季度,equity_ratio,9.9426,,-0.07618118,,
2022-06-30,2022中报,2022-2,2022二季度,current_ratio,,,,,
2022-06-30,2022中报,2022-2,2022二季度,basic_eps,2.6700,1.3243,0.13617021,-0.07281383,0.14638158
2022-06-30,2022中报,2022-2,2022二季度,business_cycle,,,,,
2022-06-30,2022中报,2022-2,2022二季度,receive_accounts_turnover_days,,,,,
2022-06-30,2022中报,2022-2,2022二季度,quick_ratio,,,,,
2022-06-30,2022中报,2022-2,2022二季度,sale_gross_margin,,,,,
2022-06-30,2022中报,2022-2,2022二季度,inventory_turnover_days,,,,,
2022-06-30,2022中报,2022-2,2022二季度,calculate_operating_income_total_yoy_growth_ratio,6.12862900,3.69413600,-0.55422609,-0.56750694,-0.78359384
2022-06-30,2022中报,2022-2,2022二季度,sale_net_interest_ratio,39.0874,38.6827,0.06993792,-0.01996169,0.10523263
2022-06-30,2022中报,2022-2,2022二季度,per_undistributed_profits,18.1069,,0.14500626,,
2022-06-30,2022中报,2022-2,2022二季度,operating_income_total,179091000000.0000,87101000000.0000,0.06128629,-0.05314708,0.03694136
2022-06-30,2022中报,2022-2,2022二季度,per_capital_reserve,2.6183,,-0.02207365,,
2022-06-30,2022中报,2022-2,2022二季度,index_full_diluted_roe,7.8173,3.7494,-0.03498463,-0.08807005,-0.02840114
2022-06-30,2022中报,2022-2,2022二季度,calculate_parent_holder_net_profit_yoy_growth_ratio,13.52412100,14.63188600,-0.40737640,0.16905374,-0.54942724
2022-06-30,2022中报,2022-2,2022二季度,assets_debt_ratio,90.7901,,-0.00699337,,
2022-06-30,2022中报,2022-2,2022二季度,index_deduct_holder_net_profit,69201000000.0000,33362000000.0000,0.13554093,-0.06911465,0.14823610
2022-06-30,2022中报,2022-2,2022二季度,index_weighted_avg_roe,9.0350,4.2250,0.00055371,-0.12162162,0.01930036
2022-06-30,2022中报,2022-2,2022二季度,pe_ttm,8.39,,,,
2022-06-30,2022中报,2022-2,2022二季度,pb,1.36,,,,
2022-03-31,2022一季报,2022-1,2022一季度,index_per_operating_cash_flow_net,0.2201,0.2201,1.17195313,-0.94432781,1.17195313
2022-03-31,2022一季报,2022-1,2022一季度,deduct_net_profit_yoy_growth_ratio,12.3973,12.3973,-0.12825219,-0.52714908,-0.12825219
2022-03-31,2022一季报,2022-1,2022一季度,parent_holder_net_profit,36022000000.0000,36022000000.0000,0.12516008,0.36929334,0.12516008
2022-03-31,2022一季报,2022-1,2022一季度,calc_per_net_assets,30.3900,,0.14205186,,
2022-03-31,2022一季报,2022-1,2022一季度,inventory_turnover_ratio,,,,,
2022-03-31,2022一季报,2022-1,2022一季度,conservative_quick_ratio,,,,,
2022-03-31,2022一季报,2022-1,2022一季度,equity_ratio,9.5296,,-0.08945327,,
2022-03-31,2022一季报,2022-1,2022一季度,current_ratio,,,,,
2022-03-31,2022一季报,2022-1,2022一季度,basic_eps,1.4300,1.4283,0.12598425,0.36928387,0.12517725
2022-03-31,2022一季报,2022-1,2022一季度,business_cycle,,,,,
2022-03-31,2022一季报,2022-1,2022一季度,receive_accounts_turnover_days,,,,,
2022-03-31,2022一季报,2022-1,2022一季度,quick_ratio,,,,,
2022-03-31,2022一季报,2022-1,2022一季度,sale_gross_margin,,,,,
2022-03-31,2022一季报,2022-1,2022一季度,inventory_turnover_days,,,,,
2022-03-31,2022一季报,2022-1,2022一季度,calculate_operating_income_total_yoy_growth_ratio,8.54149200,8.54149200,-0.19697604,-0.45342682,-0.19697604
2022-03-31,2022一季报,2022-1,2022一季度,sale_net_interest_ratio,39.4706,39.4706,0.03729419,0.19021428,0.03729419
2022-03-31,2022一季报,2022-1,2022一季度,per_undistributed_profits,18.3921,,0.15356536,,
2022-03-31,2022一季报,2022-1,2022一季度,operating_income_total,91990000000.0000,91990000000.0000,0.08541492,0.15213607,0.08541492
2022-03-31,2022一季报,2022-1,2022一季度,per_capital_reserve,2.6774,,0.00000000,,
2022-03-31,2022一季报,2022-1,2022一季度,index_full_diluted_roe,4.0316,4.1115,-0.04910609,0.28757986,-0.05039610
2022-03-31,2022一季报,2022-1,2022一季度,calculate_parent_holder_net_profit_yoy_growth_ratio,12.51600800,12.51600800,-0.17563403,-0.53381917,-0.17563403
2022-03-31,2022一季报,2022-1,2022一季度,assets_debt_ratio,90.4334,,-0.00848507,,
2022-03-31,2022一季报,2022-1,2022一季度,index_deduct_holder_net_profit,35839000000.0000,35839000000.0000,0.12397290,0.37125038,0.12397290
2022-03-31,2022一季报,2022-1,2022一季度,index_weighted_avg_roe,4.8100,4.8100,-0.01535312,0.42413027,-0.01535312
2022-03-31,2022一季报,2022-1,2022一季度,pe_ttm,9.42,,,,
2022-03-31,2022一季报,2022-1,2022一季度,pb,1.54,,,,
2021-12-31,2021年报,2021-4,2021四季度,index_per_operating_cash_flow_net,7.2200,3.9535,-0.56792340,0.31062490,-0.50519399
2021-12-31,2021年报,2021-4,2021四季度,deduct_net_profit_yoy_growth_ratio,22.8982,26.2182,3.22141106,0.24847977,-0.23532225
2021-12-31,2021年报,2021-4,2021四季度,parent_holder_net_profit,119922000000.0000,26307000000.0000,0.23196565,-0.18968120,0.26847968
2021-12-31,2021年报,2021-4,2021四季度,calc_per_net_assets,29.0100,,0.14392744,,
2021-12-31,2021年报,2021-4,2021四季度,inventory_turnover_ratio,,,,,
2021-12-31,2021年报,2021-4,2021四季度,conservative_quick_ratio,,,,,
2021-12-31,2021年报,2021-4,2021四季度,equity_ratio,9.7623,,-0.07411939,,
2021-12-31,2021年报,2021-4,2021四季度,current_ratio,,,,,
2021-12-31,2021年报,2021-4,2021四季度,basic_eps,4.6100,1.0431,0.21635884,-0.18969937,0.26851514
2021-12-31,2021年报,2021-4,2021四季度,business_cycle,,,,,
2021-12-31,2021年报,2021-4,2021四季度,receive_accounts_turnover_days,,,,,
2021-12-31,2021年报,2021-4,2021四季度,quick_ratio,,,,,
2021-12-31,2021年报,2021-4,2021四季度,sale_gross_margin,,,,,
2021-12-31,2021年报,2021-4,2021四季度,inventory_turnover_days,,,,,
2021-12-31,2021年报,2021-4,2021四季度,calculate_operating_income_total_yoy_growth_ratio,14.03563700,15.62735300,0.82176875,0.19156932,0.36809433
2021-12-31,2021年报,2021-4,2021四季度,sale_net_interest_ratio,36.4779,33.1626,0.08169523,-0.16190029,0.09624443
2021-12-31,2021年报,2021-4,2021四季度,per_undistributed_profits,16.9941,,0.15752585,,
2021-12-31,2021年报,2021-4,2021四季度,operating_income_total,331253000000.0000,79843000000.0000,0.14035637,-0.03409105,0.15627353
2021-12-31,2021年报,2021-4,2021四季度,per_capital_reserve,2.6774,,0.00000000,,
2021-12-31,2021年报,2021-4,2021四季度,index_full_diluted_roe,13.9648,3.1932,0.03829825,-0.24074470,0.09864098
2021-12-31,2021年报,2021-4,2021四季度,calculate_parent_holder_net_profit_yoy_growth_ratio,23.19656500,26.84796800,3.81384472,0.27420934,-0.17906468
2021-12-31,2021年报,2021-4,2021四季度,assets_debt_ratio,90.6403,,-0.00684708,,
2021-12-31,2021年报,2021-4,2021四季度,index_deduct_holder_net_profit,119430000000.0000,26136000000.0000,0.22898187,-0.19216147,0.26218187
2021-12-31,2021年报,2021-4,2021四季度,index_weighted_avg_roe,16.9600,3.3775,0.07819453,-0.25809995,0.13338926
2021-12-31,2021年报,2021-4,2021四季度,pe_ttm,10.88,,,,
2021-12-31,2021年报,2021-4,2021四季度,pb,1.76,,,,
2021-09-30,2021三季报,2021-3,2021三季度,index_per_operating_cash_flow_net,3.2665,3.0165,-0.62540138,0.97156863,3.21801471
2021-09-30,2021三季报,2021-3,2021三季度,deduct_net_profit_yoy_growth_ratio,21.9992,21.0001,59.83712223,-0.36700928,35.25081996
2021-09-30,2021三季报,2021-3,2021三季度,parent_holder_net_profit,93615000000.0000,32465000000.0000,0.22208008,0.11429552,0.21070296
2021-09-30,2021三季报,2021-3,2021三季度,calc_per_net_assets,27.9500,,0.13849287,,
2021-09-30,2021三季报,2021-3,2021三季度,inventory_turnover_ratio,,,,,
2021-09-30,2021三季报,2021-3,2021三季度,conservative_quick_ratio,,,,,
2021-09-30,2021三季报,2021-3,2021三季度,equity_ratio,10.2940,,-0.02781319,,
2021-09-30,2021三季报,2021-3,2021三季度,current_ratio,,,,,
2021-09-30,2021三季报,2021-3,2021三季度,basic_eps,3.6200,1.2873,0.19867550,0.11435249,0.21077878
2021-09-30,2021三季报,2021-3,2021三季度,business_cycle,,,,,
2021-09-30,2021三季报,2021-3,2021三季度,receive_accounts_turnover_days,,,,,
2021-09-30,2021三季报,2021-3,2021三季度,quick_ratio,,,,,
2021-09-30,2021三季报,2021-3,2021三季度,sale_gross_margin,,,,,
2021-09-30,2021三季报,2021-3,2021三季度,inventory_turnover_days,,,,,
2021-09-30,2021三季报,2021-3,2021三季度,calculate_operating_income_total_yoy_growth_ratio,13.53926700,13.11493400,1.05292855,-0.23171413,1.49604352
2021-09-30,2021三季报,2021-3,2021三季度,sale_net_interest_ratio,37.5307,39.5688,0.07829487,0.13055006,0.07126845
2021-09-30,2021三季报,2021-3,2021三季度,per_undistributed_profits,17.0855,,0.17031187,,
2021-09-30,2021三季报,2021-3,2021三季度,operating_income_total,251410000000.0000,82661000000.0000,0.13539267,-0.01591705,0.13114934
2021-09-30,2021三季报,2021-3,2021三季度,per_capital_reserve,2.6774,,0.00000000,,
2021-09-30,2021三季报,2021-3,2021三季度,index_full_diluted_roe,11.8655,4.2057,0.08939753,0.08984193,0.04757516
2021-09-30,2021三季报,2021-3,2021三季度,calculate_parent_holder_net_profit_yoy_growth_ratio,22.20800800,21.07029600,27.97051558,-0.35116351,28.84249841
2021-09-30,2021三季报,2021-3,2021三季度,assets_debt_ratio,91.0757,,-0.00244362,,
2021-09-30,2021三季报,2021-3,2021三季度,index_deduct_holder_net_profit,93294000000.0000,32353000000.0000,0.21999189,0.11350886,0.21000075
2021-09-30,2021三季报,2021-3,2021三季度,index_weighted_avg_roe,13.5825,4.5525,0.06529412,0.09831122,0.06366822
2021-09-30,2021三季报,2021-3,2021三季度,pe_ttm,11.89,,,,
2021-09-30,2021三季报,2021-3,2021三季度,pb,1.93,,,,
2021-06-30,2021中报,2021-2,2021二季度,index_per_operating_cash_flow_net,0.2500,1.5300,-0.97519841,2.19531250,-0.76888218
2021-06-30,2021中报,2021-2,2021二季度,deduct_net_profit_yoy_growth_ratio,22.5363,33.1760,26.64148367,1.33285517,3.54792332
2021-06-30,2021中报,2021-2,2021二季度,parent_holder_net_profit,61150000000.0000,29135000000.0000,0.22820760,-0.08995783,0.32473969
2021-06-30,2021中报,2021-2,2021二季度,calc_per_net_assets,26.6000,,0.12094395,,
2021-06-30,2021中报,2021-2,2021二季度,inventory_turnover_ratio,,,,,
2021-06-30,2021中报,2021-2,2021二季度,conservative_quick_ratio,,,,,
2021-06-30,2021中报,2021-2,2021二季度,equity_ratio,10.7625,,-0.07916014,,
2021-06-30,2021中报,2021-2,2021二季度,current_ratio,,,,,
2021-06-30,2021中报,2021-2,2021二季度,basic_eps,2.3500,1.1552,0.19289340,-0.08996376,0.32477064
2021-06-30,2021中报,2021-2,2021二季度,business_cycle,,,,,
2021-06-30,2021中报,2021-2,2021二季度,receive_accounts_turnover_days,,,,,
2021-06-30,2021中报,2021-2,2021二季度,quick_ratio,,,,,
2021-06-30,2021中报,2021-2,2021二季度,sale_gross_margin,,,,,
2021-06-30,2021中报,2021-2,2021二季度,inventory_turnover_days,,,,,
2021-06-30,2021中报,2021-2,2021二季度,calculate_operating_income_total_yoy_growth_ratio,13.74829000,17.07038300,0.89156607,0.60486324,4.42710311
2021-06-30,2021中报,2021-2,2021二季度,sale_net_interest_ratio,36.5324,34.9996,0.08224908,-0.08020446,0.13506817
2021-06-30,2021中报,2021-2,2021二季度,per_undistributed_profits,15.8138,,0.16669126,,
2021-06-30,2021中报,2021-2,2021二季度,operating_income_total,168749000000.0000,83998000000.0000,0.13748290,-0.00888485,0.17070383
2021-06-30,2021中报,2021-2,2021二季度,per_capital_reserve,2.6774,,0.00000000,,
2021-06-30,2021中报,2021-2,2021二季度,index_full_diluted_roe,8.1007,3.8590,0.02915693,-0.10871423,0.11819420
2021-06-30,2021中报,2021-2,2021二季度,calculate_parent_holder_net_profit_yoy_growth_ratio,22.82076000,32.47396900,15.01704593,1.13889563,3.43838272
2021-06-30,2021中报,2021-2,2021二季度,assets_debt_ratio,91.4295,,-0.00667508,,
2021-06-30,2021中报,2021-2,2021二季度,index_deduct_holder_net_profit,60941000000.0000,29055000000.0000,0.22536344,-0.08878505,0.33175964
2021-06-30,2021中报,2021-2,2021二季度,index_weighted_avg_roe,9.0300,4.1450,0.06611570,-0.15148414,0.09656085
2021-06-30,2021中报,2021-2,2021二季度,pe_ttm,13.58,,,,
2021-06-30,2021中报,2021-2,2021二季度,pb,2.06,,,,
2021-03-31,2021一季报,2021-1,2021一季度,index_per_operating_cash_flow_net,-1.2800,-1.2800,-1.36994220,-1.16020025,-1.36994220
2021-03-31,2021一季报,2021-1,2021一季度,deduct_net_profit_yoy_growth_ratio,14.2212,14.2212,0.26309619,-0.58522572,0.26309619
2021-03-31,2021一季报,2021-1,2021一季度,parent_holder_net_profit,32015000000.0000,32015000000.0000,0.15182587,0.54370992,0.15182587
2021-03-31,2021一季报,2021-1,2021一季度,calc_per_net_assets,26.6100,,0.10369141,,
2021-03-31,2021一季报,2021-1,2021一季度,inventory_turnover_ratio,,,,,
2021-03-31,2021一季报,2021-1,2021一季度,conservative_quick_ratio,,,,,
2021-03-31,2021一季报,2021-1,2021一季度,equity_ratio,10.4658,,-0.05595295,,
2021-03-31,2021一季报,2021-1,2021一季度,current_ratio,,,,,
2021-03-31,2021一季报,2021-1,2021一季度,basic_eps,1.2700,1.2694,0.15454545,0.54371884,0.15180111
2021-03-31,2021一季报,2021-1,2021一季度,business_cycle,,,,,
2021-03-31,2021一季报,2021-1,2021一季度,receive_accounts_turnover_days,,,,,
2021-03-31,2021一季报,2021-1,2021一季度,quick_ratio,,,,,
2021-03-31,2021一季报,2021-1,2021一季度,sale_gross_margin,,,,,
2021-03-31,2021一季报,2021-1,2021一季度,inventory_turnover_days,,,,,
2021-03-31,2021一季报,2021-1,2021一季度,calculate_operating_income_total_yoy_growth_ratio,10.63665900,10.63665900,-0.07025267,-0.06881524,-0.07025267
2021-03-31,2021一季报,2021-1,2021一季度,sale_net_interest_ratio,38.0515,38.0515,0.04273539,0.25785509,0.04273539
2021-03-31,2021一季报,2021-1,2021一季度,per_undistributed_profits,15.9437,,0.15141076,,
2021-03-31,2021一季报,2021-1,2021一季度,operating_income_total,84751000000.0000,84751000000.0000,0.10636659,0.22735040,0.10636659
2021-03-31,2021一季报,2021-1,2021一季度,per_capital_reserve,2.6774,,0.00000000,,
2021-03-31,2021一季报,2021-1,2021一季度,index_full_diluted_roe,4.2398,4.3297,-0.02065047,0.48966110,-0.02383100
2021-03-31,2021一季报,2021-1,2021一季度,calculate_parent_holder_net_profit_yoy_growth_ratio,15.18258700,15.18258700,0.49983755,-0.53575921,0.49983755
2021-03-31,2021一季报,2021-1,2021一季度,assets_debt_ratio,91.2073,,-0.00483033,,
2021-03-31,2021一季报,2021-1,2021一季度,index_deduct_holder_net_profit,31886000000.0000,31886000000.0000,0.14221235,0.53986575,0.14221235
2021-03-31,2021一季报,2021-1,2021一季度,index_weighted_avg_roe,4.8850,4.8850,0.04157783,0.63926174,0.04157783
2021-03-31,2021一季报,2021-1,2021一季度,pe_ttm,13.93,,,,
2021-03-31,2021一季报,2021-1,2021一季度,pb,2.12,,,,
2020-12-31,2020年报,2020-4,2020四季度,index_per_operating_cash_flow_net,16.7100,7.9900,91.83333333,6.87500000,2.45887446
2020-12-31,2020年报,2020-4,2020四季度,deduct_net_profit_yoy_growth_ratio,5.4243,34.2866,-0.63926980,58.18625928,0.93699755
2020-12-31,2020年报,2020-4,2020四季度,parent_holder_net_profit,97342000000.0000,20739000000.0000,0.04818719,-0.22658960,0.32704121
2020-12-31,2020年报,2020-4,2020四季度,calc_per_net_assets,25.3600,,0.10790738,,
2020-12-31,2020年报,2020-4,2020四季度,inventory_turnover_ratio,,,,,
2020-12-31,2020年报,2020-4,2020四季度,conservative_quick_ratio,,,,,
2020-12-31,2020年报,2020-4,2020四季度,equity_ratio,10.5438,,-0.05208080,,
2020-12-31,2020年报,2020-4,2020四季度,current_ratio,,,,,
2020-12-31,2020年报,2020-4,2020四季度,basic_eps,3.7900,0.8223,0.04696133,-0.22658014,0.32693239
2020-12-31,2020年报,2020-4,2020四季度,business_cycle,,,,,
2020-12-31,2020年报,2020-4,2020四季度,receive_accounts_turnover_days,,,,,
2020-12-31,2020年报,2020-4,2020四季度,quick_ratio,,,,,
2020-12-31,2020年报,2020-4,2020四季度,sale_gross_margin,,,,,
2020-12-31,2020年报,2020-4,2020四季度,inventory_turnover_days,,,,,
2020-12-31,2020年报,2020-4,2020四季度,calculate_operating_income_total_yoy_growth_ratio,7.70440100,11.42271600,-0.09449239,1.17397939,3.20486905
2020-12-31,2020年报,2020-4,2020四季度,sale_net_interest_ratio,33.7229,30.2511,-0.02645269,-0.18099490,0.19700621
2020-12-31,2020年报,2020-4,2020四季度,per_undistributed_profits,14.6814,,0.15128370,,
2020-12-31,2020年报,2020-4,2020四季度,operating_income_total,290482000000.0000,69052000000.0000,0.07704401,-0.05507889,0.11422716
2020-12-31,2020年报,2020-4,2020四季度,per_capital_reserve,2.6774,,0.00000000,,
2020-12-31,2020年报,2020-4,2020四季度,index_full_diluted_roe,13.4497,2.9065,-0.11466788,-0.27603557,0.12306801
2020-12-31,2020年报,2020-4,2020四季度,calculate_parent_holder_net_profit_yoy_growth_ratio,4.81871900,32.70412100,-0.68457300,45.31983712,0.76078563
2020-12-31,2020年报,2020-4,2020四季度,assets_debt_ratio,91.2652,,-0.00443756,,
2020-12-31,2020年报,2020-4,2020四季度,index_deduct_holder_net_profit,97178000000.0000,20707000000.0000,0.05424288,-0.22555913,0.34286641
2020-12-31,2020年报,2020-4,2020四季度,index_weighted_avg_roe,15.7300,2.9800,-0.06591449,-0.30373832,0.21756895
2020-12-31,2020年报,2020-4,2020四季度,pe_ttm,11.77,,,,
2020-12-31,2020年报,2020-4,2020四季度,pb,1.75,,,,
2020-09-30,2020三季报,2020-3,2020三季度,index_per_operating_cash_flow_net,8.7200,-1.3600,5.09389671,-1.20543807,-28.20000000
2020-09-30,2020三季报,2020-3,2020三季度,deduct_net_profit_yoy_growth_ratio,-0.3739,0.5793,-1.02575725,1.04449035,-0.96860367
2020-09-30,2020三季报,2020-3,2020三季度,parent_holder_net_profit,76603000000.0000,26815000000.0000,-0.00823418,0.21925158,0.00706050
2020-09-30,2020三季报,2020-3,2020三季度,calc_per_net_assets,24.5500,,0.10089686,,
2020-09-30,2020三季报,2020-3,2020三季度,inventory_turnover_ratio,,,,,
2020-09-30,2020三季报,2020-3,2020三季度,conservative_quick_ratio,,,,,
2020-09-30,2020三季报,2020-3,2020三季度,equity_ratio,10.5885,,-0.05786205,,
2020-09-30,2020三季报,2020-3,2020三季度,current_ratio,,,,,
2020-09-30,2020三季报,2020-3,2020三季度,basic_eps,3.0200,1.0632,-0.00983607,0.21926606,0.00700890
2020-09-30,2020三季报,2020-3,2020三季度,business_cycle,,,,,
2020-09-30,2020三季报,2020-3,2020三季度,receive_accounts_turnover_days,,,,,
2020-09-30,2020三季报,2020-3,2020三季度,quick_ratio,,,,,
2020-09-30,2020三季报,2020-3,2020三季度,sale_gross_margin,,,,,
2020-09-30,2020三季报,2020-3,2020三季度,inventory_turnover_days,,,,,
2020-09-30,2020三季报,2020-3,2020三季度,calculate_operating_income_total_yoy_growth_ratio,6.59509900,5.25428900,-0.36371102,0.67047032,-0.55648627
2020-09-30,2020三季报,2020-3,2020三季度,sale_net_interest_ratio,34.8056,36.9364,-0.07020679,0.19788032,-0.04677552
2020-09-30,2020三季报,2020-3,2020三季度,per_undistributed_profits,14.5991,,0.12852880,,
2020-09-30,2020三季报,2020-3,2020三季度,operating_income_total,221430000000.0000,73077000000.0000,0.06595099,0.01849477,0.05254289
2020-09-30,2020三季报,2020-3,2020三季度,per_capital_reserve,2.6774,,0.00000000,,
2020-09-30,2020三季报,2020-3,2020三季度,index_full_diluted_roe,10.8918,4.0147,-0.15895385,0.16331025,-0.12225890
2020-09-30,2020三季报,2020-3,2020三季度,calculate_parent_holder_net_profit_yoy_growth_ratio,-0.82341800,0.70605000,-1.05627539,1.05301539,-0.96009574
2020-09-30,2020三季报,2020-3,2020三季度,assets_debt_ratio,91.2988,,-0.00490144,,
2020-09-30,2020三季报,2020-3,2020三季度,index_deduct_holder_net_profit,76471000000.0000,26738000000.0000,-0.00373902,0.22555805,0.00579296
2020-09-30,2020三季报,2020-3,2020三季度,index_weighted_avg_roe,12.7500,4.2800,-0.11412194,0.13227513,-0.08105207
2020-09-30,2020三季报,2020-3,2020三季度,pe_ttm,10.58,,,,
2020-09-30,2020三季报,2020-3,2020三季度,pb,1.63,,,,
2020-06-30,2020中报,2020-2,2020二季度,index_per_operating_cash_flow_net,10.0800,6.6200,5.62385321,0.91329480,0.42060086
2020-06-30,2020中报,2020-2,2020二季度,deduct_net_profit_yoy_growth_ratio,-0.8789,-13.0208,-1.07011232,-2.15647926,-1.94272330
2020-06-30,2020中报,2020-2,2020二季度,parent_holder_net_profit,49788000000.0000,21993000000.0000,-0.01628072,-0.20874258,-0.13317831
2020-06-30,2020中报,2020-2,2020二季度,calc_per_net_assets,23.7300,,0.12092584,,
2020-06-30,2020中报,2020-2,2020二季度,inventory_turnover_ratio,,,,,
2020-06-30,2020中报,2020-2,2020二季度,conservative_quick_ratio,,,,,
2020-06-30,2020中报,2020-2,2020二季度,equity_ratio,11.6877,,0.00273683,,
2020-06-30,2020中报,2020-2,2020二季度,current_ratio,,,,,
2020-06-30,2020中报,2020-2,2020二季度,basic_eps,1.9700,0.8720,-0.01990050,-0.20878323,-0.13320080
2020-06-30,2020中报,2020-2,2020二季度,business_cycle,,,,,
2020-06-30,2020中报,2020-2,2020二季度,receive_accounts_turnover_days,,,,,
2020-06-30,2020中报,2020-2,2020二季度,quick_ratio,,,,,
2020-06-30,2020中报,2020-2,2020二季度,sale_gross_margin,,,,,
2020-06-30,2020中报,2020-2,2020二季度,inventory_turnover_days,,,,,
2020-06-30,2020中报,2020-2,2020二季度,calculate_operating_income_total_yoy_growth_ratio,7.26820500,3.14539500,-0.24569723,-0.72506192,-0.56710764
2020-06-30,2020中报,2020-2,2020二季度,sale_net_interest_ratio,33.7560,30.8348,-0.08205388,-0.15502576,-0.15424007
2020-06-30,2020中报,2020-2,2020二季度,per_undistributed_profits,13.5544,,0.13881467,,
2020-06-30,2020中报,2020-2,2020二季度,operating_income_total,148353000000.0000,71750000000.0000,0.07268205,-0.06335261,0.03145395
2020-06-30,2020中报,2020-2,2020二季度,per_capital_reserve,2.6774,,0.00000000,,
2020-06-30,2020中报,2020-2,2020二季度,index_full_diluted_roe,7.8712,3.4511,-0.11682600,-0.22191911,-0.22880447
2020-06-30,2020中报,2020-2,2020二季度,calculate_parent_holder_net_profit_yoy_growth_ratio,-1.62807200,-13.31783100,-1.12442963,-2.31562447,-1.89387337
2020-06-30,2020中报,2020-2,2020二季度,assets_debt_ratio,92.0439,,0.00025647,,
2020-06-30,2020中报,2020-2,2020二季度,index_deduct_holder_net_profit,49733000000.0000,21817000000.0000,-0.00878941,-0.21847686,-0.13020771
2020-06-30,2020中报,2020-2,2020二季度,index_weighted_avg_roe,8.4700,3.7800,-0.12994350,-0.19402985,-0.22421755
2020-06-30,2020中报,2020-2,2020二季度,pe_ttm,8.89,,,,
2020-06-30,2020中报,2020-2,2020二季度,pb,1.4,,,,
2020-03-31,2020一季报,2020-1,2020一季度,index_per_operating_cash_flow_net,3.4600,3.4600,1.50584795,0.49783550,1.50584795
2020-03-31,2020一季报,2020-1,2020一季度,deduct_net_profit_yoy_growth_ratio,11.2590,11.2590,-0.00256910,-0.36393065,-0.00256910
2020-03-31,2020一季报,2020-1,2020一季度,parent_holder_net_profit,27795000000.0000,27795000000.0000,0.10122821,0.77853852,0.10122821
2020-03-31,2020一季报,2020-1,2020一季度,calc_per_net_assets,24.1100,,0.14319583,,
2020-03-31,2020一季报,2020-1,2020一季度,inventory_turnover_ratio,,,,,
2020-03-31,2020一季报,2020-1,2020一季度,conservative_quick_ratio,,,,,
2020-03-31,2020一季报,2020-1,2020一季度,equity_ratio,11.0861,,0.00867089,,
2020-03-31,2020一季报,2020-1,2020一季度,current_ratio,,,,,
2020-03-31,2020一季报,2020-1,2020一季度,basic_eps,1.1000,1.1021,0.10000000,0.77844118,0.10121902
2020-03-31,2020一季报,2020-1,2020一季度,business_cycle,,,,,
2020-03-31,2020一季报,2020-1,2020一季度,receive_accounts_turnover_days,,,,,
2020-03-31,2020一季报,2020-1,2020一季度,quick_ratio,,,,,
2020-03-31,2020一季报,2020-1,2020一季度,sale_gross_margin,,,,,
2020-03-31,2020一季报,2020-1,2020一季度,inventory_turnover_days,,,,,
2020-03-31,2020一季报,2020-1,2020一季度,calculate_operating_income_total_yoy_growth_ratio,11.44037600,11.44037600,-0.05784051,3.21136996,-0.05784051
2020-03-31,2020一季报,2020-1,2020一季度,sale_net_interest_ratio,36.4920,36.4920,-0.01618926,0.44395247,-0.01618926
2020-03-31,2020一季报,2020-1,2020一季度,per_undistributed_profits,13.8471,,0.16853165,,
2020-03-31,2020一季报,2020-1,2020一季度,operating_income_total,76603000000.0000,76603000000.0000,0.11440376,0.23607055,0.11440376
2020-03-31,2020一季报,2020-1,2020一季度,per_capital_reserve,2.6774,,0.00000000,,
2020-03-31,2020一季报,2020-1,2020一季度,index_full_diluted_roe,4.3292,4.4354,-0.02910967,0.71383308,-0.02807056
2020-03-31,2020一季报,2020-1,2020一季度,calculate_parent_holder_net_profit_yoy_growth_ratio,10.12282100,10.12282100,-0.10551504,-0.45498863,-0.10551504
2020-03-31,2020一季报,2020-1,2020一季度,assets_debt_ratio,91.6500,,0.00091737,,
2020-03-31,2020一季报,2020-1,2020一季度,index_deduct_holder_net_profit,27916000000.0000,27916000000.0000,0.11259017,0.81037613,0.11259017
2020-03-31,2020一季报,2020-1,2020一季度,index_weighted_avg_roe,4.6900,4.6900,-0.03547558,0.91624106,-0.03547558
2020-03-31,2020一季报,2020-1,2020一季度,pe_ttm,8.19,,,,
2020-03-31,2020一季报,2020-1,2020一季度,pb,1.32,,,,
2019-12-31,2019年报,2019-4,2019四季度,index_per_operating_cash_flow_net,0.1800,2.3100,1.12676056,45.20000000,-0.58076225
2019-12-31,2019年报,2019-4,2019四季度,deduct_net_profit_yoy_growth_ratio,15.0370,17.7009,0.01266079,-0.04066402,0.17124443
2019-12-31,2019年报,2019-4,2019四季度,parent_holder_net_profit,92867000000.0000,15628000000.0000,0.15276812,-0.41307695,0.18573596
2019-12-31,2019年报,2019-4,2019四季度,calc_per_net_assets,22.8900,,0.14050822,,
2019-12-31,2019年报,2019-4,2019四季度,inventory_turnover_ratio,,,,,
2019-12-31,2019年报,2019-4,2019四季度,conservative_quick_ratio,,,,,
2019-12-31,2019年报,2019-4,2019四季度,equity_ratio,11.1231,,-0.03133355,,
2019-12-31,2019年报,2019-4,2019四季度,current_ratio,,,,,
2019-12-31,2019年报,2019-4,2019四季度,basic_eps,3.6200,0.6197,0.15654952,-0.41305171,0.18580176
2019-12-31,2019年报,2019-4,2019四季度,business_cycle,,,,,
2019-12-31,2019年报,2019-4,2019四季度,receive_accounts_turnover_days,,,,,
2019-12-31,2019年报,2019-4,2019四季度,quick_ratio,,,,,
2019-12-31,2019年报,2019-4,2019四季度,sale_gross_margin,,,,,
2019-12-31,2019年报,2019-4,2019四季度,inventory_turnover_days,,,,,
2019-12-31,2019年报,2019-4,2019四季度,calculate_operating_income_total_yoy_growth_ratio,8.50837800,2.71654500,-0.32045878,-0.77069685,-0.73962155
2019-12-31,2019年报,2019-4,2019四季度,sale_net_interest_ratio,34.6392,25.2723,0.06531347,-0.34779310,0.15034093
2019-12-31,2019年报,2019-4,2019四季度,per_undistributed_profits,12.7522,,0.17221727,,
2019-12-31,2019年报,2019-4,2019四季度,operating_income_total,269703000000.0000,61973000000.0000,0.08508378,-0.10739028,0.02716545
2019-12-31,2019年报,2019-4,2019四季度,per_capital_reserve,2.6774,,0.00000000,,
2019-12-31,2019年报,2019-4,2019四季度,index_full_diluted_roe,15.1917,2.5880,0.01853131,-0.43418090,0.04633298
2019-12-31,2019年报,2019-4,2019四季度,calculate_parent_holder_net_profit_yoy_growth_ratio,15.27681200,18.57359600,0.02946051,0.04973527,0.14832398
2019-12-31,2019年报,2019-4,2019四季度,assets_debt_ratio,91.6720,,-0.00293121,,
2019-12-31,2019年报,2019-4,2019四季度,index_deduct_holder_net_profit,92178000000.0000,15420000000.0000,0.15037003,-0.41995185,0.17700939
2019-12-31,2019年报,2019-4,2019四季度,index_weighted_avg_roe,16.8400,2.4475,0.01629451,-0.47450349,0.07938258
2019-12-31,2019年报,2019-4,2019四季度,pe_ttm,10.55,,,,
2019-12-31,2019年报,2019-4,2019四季度,pb,1.7,,,,
2019-09-30,2019三季报,2019-3,2019三季度,index_per_operating_cash_flow_net,-2.1300,0.0500,0.69264069,-0.98927039,1.01154734
2019-09-30,2019三季报,2019-3,2019三季度,deduct_net_profit_yoy_growth_ratio,14.5163,18.4512,-0.01900984,0.33589151,0.11646144
2019-09-30,2019三季报,2019-3,2019三季度,parent_holder_net_profit,77239000000.0000,26627000000.0000,0.14631938,0.04946398,0.17693600
2019-09-30,2019三季报,2019-3,2019三季度,calc_per_net_assets,22.3000,,0.14417650,,
2019-09-30,2019三季报,2019-3,2019三季度,inventory_turnover_ratio,,,,,
2019-09-30,2019三季报,2019-3,2019三季度,conservative_quick_ratio,,,,,
2019-09-30,2019三季报,2019-3,2019三季度,equity_ratio,11.2388,,-0.01208653,,
2019-09-30,2019三季报,2019-3,2019三季度,current_ratio,,,,,
2019-09-30,2019三季报,2019-3,2019三季度,basic_eps,3.0500,1.0558,0.14661654,0.04950298,0.17690336
2019-09-30,2019三季报,2019-3,2019三季度,business_cycle,,,,,
2019-09-30,2019三季报,2019-3,2019三季度,receive_accounts_turnover_days,,,,,
2019-09-30,2019三季报,2019-3,2019三季度,quick_ratio,,,,,
2019-09-30,2019三季报,2019-3,2019三季度,sale_gross_margin,,,,,
2019-09-30,2019三季报,2019-3,2019三季度,inventory_turnover_days,,,,,
2019-09-30,2019三季报,2019-3,2019三季度,calculate_operating_income_total_yoy_growth_ratio,10.36494300,11.84695900,-0.21518057,0.63046549,-0.27220956
2019-09-30,2019三季报,2019-3,2019三季度,sale_net_interest_ratio,37.4337,38.7489,0.04283474,0.06283377,0.05985405
2019-09-30,2019三季报,2019-3,2019三季度,per_undistributed_profits,12.9364,,0.17464814,,
2019-09-30,2019三季报,2019-3,2019三季度,operating_income_total,207730000000.0000,69429000000.0000,0.10364943,-0.00191196,0.11846959
2019-09-30,2019三季报,2019-3,2019三季度,per_capital_reserve,2.6774,,0.00000000,,
2019-09-30,2019三季报,2019-3,2019三季度,index_full_diluted_roe,12.9503,4.5739,0.01025837,0.02210056,0.03749490
2019-09-30,2019三季报,2019-3,2019三季度,calculate_parent_holder_net_profit_yoy_growth_ratio,14.63193800,17.69360000,0.00341823,0.18756860,0.12358380
2019-09-30,2019三季报,2019-3,2019三季度,assets_debt_ratio,91.7485,,-0.00136709,,
2019-09-30,2019三季报,2019-3,2019三季度,index_deduct_holder_net_profit,76758000000.0000,26584000000.0000,0.14516322,0.05984133,0.18451187
2019-09-30,2019三季报,2019-3,2019三季度,index_weighted_avg_roe,14.3925,4.6575,0.00629261,-0.04412519,0.03557532
2019-09-30,2019三季报,2019-3,2019三季度,pe_ttm,9.93,,,,
2019-09-30,2019三季报,2019-3,2019三季度,pb,1.61,,,,
2019-06-30,2019中报,2019-2,2019二季度,index_per_operating_cash_flow_net,-2.1800,4.6600,0.16153846,1.68128655,10.91489362
2019-06-30,2019中报,2019-2,2019二季度,deduct_net_profit_yoy_growth_ratio,12.5356,13.8119,-0.10116517,0.22359142,-0.03000190
2019-06-30,2019中报,2019-2,2019二季度,parent_holder_net_profit,50612000000.0000,25372000000.0000,0.13084279,0.00522979,0.14899013
2019-06-30,2019中报,2019-2,2019二季度,calc_per_net_assets,21.1700,,0.14432432,,
2019-06-30,2019中报,2019-2,2019二季度,inventory_turnover_ratio,,,,,
2019-06-30,2019中报,2019-2,2019二季度,conservative_quick_ratio,,,,,
2019-06-30,2019中报,2019-2,2019二季度,equity_ratio,11.6558,,-0.03265750,,
2019-06-30,2019中报,2019-2,2019二季度,current_ratio,,,,,
2019-06-30,2019中报,2019-2,2019二季度,basic_eps,2.0100,1.0060,0.13559322,0.00519584,0.14892645
2019-06-30,2019中报,2019-2,2019二季度,business_cycle,,,,,
2019-06-30,2019中报,2019-2,2019二季度,receive_accounts_turnover_days,,,,,
2019-06-30,2019中报,2019-2,2019二季度,quick_ratio,,,,,
2019-06-30,2019中报,2019-2,2019二季度,sale_gross_margin,,,,,
2019-06-30,2019中报,2019-2,2019二季度,inventory_turnover_days,,,,,
2019-06-30,2019中报,2019-2,2019二季度,calculate_operating_income_total_yoy_growth_ratio,9.63566000,7.26599800,-0.18024264,-0.40161679,-0.55774360
2019-06-30,2019中报,2019-2,2019二季度,sale_net_interest_ratio,36.7734,36.4581,0.03385804,-0.01710319,0.06687795
2019-06-30,2019中报,2019-2,2019二季度,per_undistributed_profits,11.9022,,0.17514292,,
2019-06-30,2019中报,2019-2,2019二季度,operating_income_total,138301000000.0000,69562000000.0000,0.09635660,0.01197282,0.07265998
2019-06-30,2019中报,2019-2,2019二季度,per_capital_reserve,2.6774,,0.00000000,,
2019-06-30,2019中报,2019-2,2019二季度,index_full_diluted_roe,8.9124,4.4750,-0.00290880,-0.01939301,0.01008961
2019-06-30,2019中报,2019-2,2019二季度,calculate_parent_holder_net_profit_yoy_growth_ratio,13.08427900,14.89901300,-0.06553446,0.31652462,0.02600990
2019-06-30,2019中报,2019-2,2019二季度,assets_debt_ratio,92.0203,,-0.00291907,,
2019-06-30,2019中报,2019-2,2019二季度,index_deduct_holder_net_profit,50174000000.0000,25083000000.0000,0.12535606,-0.00031884,0.13811879
2019-06-30,2019中报,2019-2,2019二季度,index_weighted_avg_roe,9.7350,4.8725,-0.00713921,0.00205656,0.01246753
2019-06-30,2019中报,2019-2,2019二季度,pe_ttm,10.8,,,,
2019-06-30,2019中报,2019-2,2019二季度,pb,1.69,,,,
2019-03-31,2019一季报,2019-1,2019一季度,index_per_operating_cash_flow_net,-6.8400,-6.8400,-2.21126761,-2.24137931,-2.21126761
2019-03-31,2019一季报,2019-1,2019一季度,deduct_net_profit_yoy_growth_ratio,11.2880,11.2880,-0.17376665,-0.25308842,-0.17376665
2019-03-31,2019一季报,2019-1,2019一季度,parent_holder_net_profit,25240000000.0000,25240000000.0000,0.11316927,0.91502276,0.11316927
2019-03-31,2019一季报,2019-1,2019一季度,calc_per_net_assets,21.0900,,0.15120087,,
2019-03-31,2019一季报,2019-1,2019一季度,inventory_turnover_ratio,,,,,
2019-03-31,2019一季报,2019-1,2019一季度,conservative_quick_ratio,,,,,
2019-03-31,2019一季报,2019-1,2019一季度,equity_ratio,10.9908,,-0.05210049,,
2019-03-31,2019一季报,2019-1,2019一季度,current_ratio,,,,,
2019-03-31,2019一季报,2019-1,2019一季度,basic_eps,1.0000,1.0008,0.11111111,0.91504018,0.11323693
2019-03-31,2019一季报,2019-1,2019一季度,business_cycle,,,,,
2019-03-31,2019一季报,2019-1,2019一季度,receive_accounts_turnover_days,,,,,
2019-03-31,2019一季报,2019-1,2019一季度,quick_ratio,,,,,
2019-03-31,2019一季报,2019-1,2019一季度,sale_gross_margin,,,,,
2019-03-31,2019一季报,2019-1,2019一季度,inventory_turnover_days,,,,,
2019-03-31,2019一季报,2019-1,2019一季度,calculate_operating_income_total_yoy_growth_ratio,12.14271700,12.14271700,0.68644256,0.16386874,0.68644256
2019-03-31,2019一季报,2019-1,2019一季度,sale_net_interest_ratio,37.0925,37.0925,0.00124168,0.68837110,0.00124168
2019-03-31,2019一季报,2019-1,2019一季度,per_undistributed_profits,11.8500,,0.17199090,,
2019-03-31,2019一季报,2019-1,2019一季度,operating_income_total,68739000000.0000,68739000000.0000,0.12142717,0.13930785,0.12142717
2019-03-31,2019一季报,2019-1,2019一季度,per_capital_reserve,2.6774,,0.00000000,,
2019-03-31,2019一季报,2019-1,2019一季度,index_full_diluted_roe,4.4590,4.5635,-0.02428884,0.84503113,-0.01746114
2019-03-31,2019一季报,2019-1,2019一季度,calculate_parent_holder_net_profit_yoy_growth_ratio,11.31692700,11.31692700,-0.16174177,-0.30032404,-0.16174177
2019-03-31,2019一季报,2019-1,2019一季度,assets_debt_ratio,91.5660,,-0.00483746,,
2019-03-31,2019一季报,2019-1,2019一季度,index_deduct_holder_net_profit,25091000000.0000,25091000000.0000,0.11288033,0.91519731,0.11288033
2019-03-31,2019一季报,2019-1,2019一季度,index_weighted_avg_roe,4.8625,4.8625,-0.02603906,1.14443219,-0.02603906
2019-03-31,2019一季报,2019-1,2019一季度,pe_ttm,9.76,,,,
2019-03-31,2019一季报,2019-1,2019一季度,pb,1.55,,,,
2018-12-31,2018年报,2018-4,2018四季度,index_per_operating_cash_flow_net,-1.4200,5.5100,-5.45454545,2.27251732,-0.25741240
2018-12-31,2018年报,2018-4,2018四季度,deduct_net_profit_yoy_growth_ratio,14.8490,15.1129,0.05238912,-0.08553535,-0.17096465
2018-12-31,2018年报,2018-4,2018四季度,parent_holder_net_profit,80560000000.0000,13180000000.0000,0.14839629,-0.41743281,0.16174526
2018-12-31,2018年报,2018-4,2018四季度,calc_per_net_assets,20.0700,,0.13453929,,
2018-12-31,2018年报,2018-4,2018四季度,inventory_turnover_ratio,,,,,
2018-12-31,2018年报,2018-4,2018四季度,conservative_quick_ratio,,,,,
2018-12-31,2018年报,2018-4,2018四季度,equity_ratio,11.4829,,-0.05160353,,
2018-12-31,2018年报,2018-4,2018四季度,current_ratio,,,,,
2018-12-31,2018年报,2018-4,2018四季度,basic_eps,3.1300,0.5226,0.12589928,-0.41745625,0.16184971
2018-12-31,2018年报,2018-4,2018四季度,business_cycle,,,,,
2018-12-31,2018年报,2018-4,2018四季度,receive_accounts_turnover_days,,,,,
2018-12-31,2018年报,2018-4,2018四季度,quick_ratio,,,,,
2018-12-31,2018年报,2018-4,2018四季度,sale_gross_margin,,,,,
2018-12-31,2018年报,2018-4,2018四季度,inventory_turnover_days,,,,,
2018-12-31,2018年报,2018-4,2018四季度,calculate_operating_income_total_yoy_growth_ratio,12.52076800,10.43306400,1.34933831,-0.35906892,-0.00922979
2018-12-31,2018年报,2018-4,2018四季度,sale_net_interest_ratio,32.5155,21.9694,0.01681479,-0.39909629,0.05680545
2018-12-31,2018年报,2018-4,2018四季度,per_undistributed_profits,10.8787,,0.13812981,,
2018-12-31,2018年报,2018-4,2018四季度,operating_income_total,248555000000.0000,60334000000.0000,0.12520768,-0.02804672,0.10433064
2018-12-31,2018年报,2018-4,2018四季度,per_capital_reserve,2.6774,,0.00000000,,
2018-12-31,2018年报,2018-4,2018四季度,index_full_diluted_roe,14.9153,2.4734,0.02102244,-0.43896021,0.00097127
2018-12-31,2018年报,2018-4,2018四季度,calculate_parent_holder_net_profit_yoy_growth_ratio,14.83962900,16.17452600,0.14172641,0.02711915,0.14337566
2018-12-31,2018年报,2018-4,2018四季度,assets_debt_ratio,91.9415,,-0.00414518,,
2018-12-31,2018年报,2018-4,2018四季度,index_deduct_holder_net_profit,80129000000.0000,13101000000.0000,0.14849002,-0.41625451,0.14060596
2018-12-31,2018年报,2018-4,2018四季度,index_weighted_avg_roe,16.5700,2.2675,0.00181378,-0.49583102,-0.10903733
2018-12-31,2018年报,2018-4,2018四季度,pe_ttm,8.07,,,,
2018-12-31,2018年报,2018-4,2018四季度,pb,1.29,,,,
2018-09-30,2018三季报,2018-3,2018三季度,index_per_operating_cash_flow_net,-6.9300,-4.3300,0.09293194,-8.21276596,0.20110701
2018-09-30,2018三季报,2018-3,2018三季度,deduct_net_profit_yoy_growth_ratio,14.7976,16.5265,0.10997262,0.16064218,-0.00486533
2018-09-30,2018三季报,2018-3,2018三季度,parent_holder_net_profit,67380000000.0000,22624000000.0000,0.14582093,0.02454488,0.15747468
2018-09-30,2018三季报,2018-3,2018三季度,calc_per_net_assets,19.4900,,0.12204951,,
2018-09-30,2018三季报,2018-3,2018三季度,inventory_turnover_ratio,,,,,
2018-09-30,2018三季报,2018-3,2018三季度,conservative_quick_ratio,,,,,
2018-09-30,2018三季报,2018-3,2018三季度,equity_ratio,11.3763,,-0.13011263,,
2018-09-30,2018三季报,2018-3,2018三季度,current_ratio,,,,,
2018-09-30,2018三季报,2018-3,2018三季度,basic_eps,2.6600,0.8971,0.14163090,0.02455459,0.15754839
2018-09-30,2018三季报,2018-3,2018三季度,business_cycle,,,,,
2018-09-30,2018三季报,2018-3,2018三季度,receive_accounts_turnover_days,,,,,
2018-09-30,2018三季报,2018-3,2018三季度,quick_ratio,,,,,
2018-09-30,2018三季报,2018-3,2018三季度,sale_gross_margin,,,,,
2018-09-30,2018三季报,2018-3,2018三季度,inventory_turnover_days,,,,,
2018-09-30,2018三季报,2018-3,2018三季度,calculate_operating_income_total_yoy_growth_ratio,13.20678700,16.27798100,2.54475721,-0.00921508,0.28242229
2018-09-30,2018三季报,2018-3,2018三季度,sale_net_interest_ratio,35.8961,36.5606,0.00535782,0.06987742,-0.01560308
2018-09-30,2018三季报,2018-3,2018三季度,per_undistributed_profits,11.0130,,0.16188045,,
2018-09-30,2018三季报,2018-3,2018三季度,operating_income_total,188221000000.0000,62075000000.0000,0.13206787,-0.04279106,0.16277981
2018-09-30,2018三季报,2018-3,2018三季度,per_capital_reserve,2.6774,,0.00000000,,
2018-09-30,2018三季报,2018-3,2018三季度,index_full_diluted_roe,12.8188,4.4086,-0.04513322,-0.00489809,-0.03305332
2018-09-30,2018三季报,2018-3,2018三季度,calculate_parent_holder_net_profit_yoy_growth_ratio,14.58209300,15.74746800,0.14113688,0.08443815,0.01064681
2018-09-30,2018三季报,2018-3,2018三季度,assets_debt_ratio,91.8741,,-0.01059042,,
2018-09-30,2018三季报,2018-3,2018三季度,index_deduct_holder_net_profit,67028000000.0000,22443000000.0000,0.15004375,0.01833114,0.16188652
2018-09-30,2018三季报,2018-3,2018三季度,index_weighted_avg_roe,14.3025,4.4975,0.02197213,-0.06545455,0.01295045
2018-09-30,2018三季报,2018-3,2018三季度,pe_ttm,10.1,,,,
2018-09-30,2018三季报,2018-3,2018三季度,pb,1.64,,,,
2018-06-30,2018中报,2018-2,2018二季度,index_per_operating_cash_flow_net,-2.6000,-0.4700,-0.17117117,0.77934272,-1.07484076
2018-06-30,2018中报,2018-2,2018二季度,deduct_net_profit_yoy_growth_ratio,13.9465,14.2391,0.18441614,0.04224125,-0.07034244
2018-06-30,2018中报,2018-2,2018二季度,parent_holder_net_profit,44756000000.0000,22082000000.0000,0.14001885,-0.02610920,0.14521315
2018-06-30,2018中报,2018-2,2018二季度,calc_per_net_assets,18.5000,,0.11244738,,
2018-06-30,2018中报,2018-2,2018二季度,inventory_turnover_ratio,,,,,
2018-06-30,2018中报,2018-2,2018二季度,conservative_quick_ratio,,,,,
2018-06-30,2018中报,2018-2,2018二季度,equity_ratio,12.0493,,-0.12542370,,
2018-06-30,2018中报,2018-2,2018二季度,current_ratio,,,,,
2018-06-30,2018中报,2018-2,2018二季度,basic_eps,1.7700,0.8756,0.13461538,-0.02602892,0.14517395
2018-06-30,2018中报,2018-2,2018二季度,business_cycle,,,,,
2018-06-30,2018中报,2018-2,2018二季度,receive_accounts_turnover_days,,,,,
2018-06-30,2018中报,2018-2,2018二季度,quick_ratio,,,,,
2018-06-30,2018中报,2018-2,2018二季度,sale_gross_margin,,,,,
2018-06-30,2018中报,2018-2,2018二季度,inventory_turnover_days,,,,,
2018-06-30,2018中报,2018-2,2018二季度,calculate_operating_income_total_yoy_growth_ratio,11.75428300,16.42937900,324.72918560,1.28179608,7.70295578
2018-06-30,2018中报,2018-2,2018二季度,sale_net_interest_ratio,35.5691,34.1727,0.01541286,-0.07757278,-0.01946286
2018-06-30,2018中报,2018-2,2018二季度,per_undistributed_profits,10.1283,,0.16391822,,
2018-06-30,2018中报,2018-2,2018二季度,operating_income_total,126146000000.0000,64850000000.0000,0.11754283,0.05798094,0.16429379
2018-06-30,2018中报,2018-2,2018二季度,per_capital_reserve,2.6774,,0.00000000,,
2018-06-30,2018中报,2018-2,2018二季度,index_full_diluted_roe,8.9384,4.4303,-0.04517535,-0.04613960,-0.03498225
2018-06-30,2018中报,2018-2,2018二季度,calculate_parent_holder_net_profit_yoy_growth_ratio,14.00188500,14.52131500,0.22467827,0.07561105,0.02096759
2018-06-30,2018中报,2018-2,2018二季度,assets_debt_ratio,92.2897,,-0.00972467,,
2018-06-30,2018中报,2018-2,2018二季度,index_deduct_holder_net_profit,44585000000.0000,22039000000.0000,0.14417327,-0.02248736,0.15200460
2018-06-30,2018中报,2018-2,2018二季度,index_weighted_avg_roe,9.8050,4.8125,0.02616431,-0.03605408,0.02393617
2018-06-30,2018中报,2018-2,2018二季度,pe_ttm,10.02,,,,
2018-06-30,2018中报,2018-2,2018二季度,pb,1.58,,,,
2018-03-31,2018一季报,2018-1,2018一季度,index_per_operating_cash_flow_net,-2.1300,-2.1300,0.74941176,-1.28706199,0.74941176
2018-03-31,2018一季报,2018-1,2018一季度,deduct_net_profit_yoy_growth_ratio,13.6620,13.6620,0.59612127,-0.25055542,0.59612127
2018-03-31,2018一季报,2018-1,2018一季度,parent_holder_net_profit,22674000000.0000,22674000000.0000,0.13500526,0.99858969,0.13500526
2018-03-31,2018一季报,2018-1,2018一季度,calc_per_net_assets,18.3200,,0.09832134,,
2018-03-31,2018一季报,2018-1,2018一季度,inventory_turnover_ratio,,,,,
2018-03-31,2018一季报,2018-1,2018一季度,conservative_quick_ratio,,,,,
2018-03-31,2018一季报,2018-1,2018一季度,equity_ratio,11.5949,,-0.12577094,,
2018-03-31,2018一季报,2018-1,2018一季度,current_ratio,,,,,
2018-03-31,2018一季报,2018-1,2018一季度,basic_eps,0.9000,0.8990,0.13924051,0.99866607,0.13495771
2018-03-31,2018一季报,2018-1,2018一季度,business_cycle,,,,,
2018-03-31,2018一季报,2018-1,2018一季度,receive_accounts_turnover_days,,,,,
2018-03-31,2018一季报,2018-1,2018一季度,quick_ratio,,,,,
2018-03-31,2018一季报,2018-1,2018一季度,sale_gross_margin,,,,,
2018-03-31,2018一季报,2018-1,2018一季度,inventory_turnover_days,,,,,
2018-03-31,2018一季报,2018-1,2018一季度,calculate_operating_income_total_yoy_growth_ratio,7.20019600,7.20019600,4.90890756,-0.31623733,4.90890756
2018-03-31,2018一季报,2018-1,2018一季度,sale_net_interest_ratio,37.0465,37.0465,0.05237367,0.78206701,0.05237367
2018-03-31,2018一季报,2018-1,2018一季度,per_undistributed_profits,10.1110,,0.16455317,,
2018-03-31,2018一季报,2018-1,2018一季度,operating_income_total,61296000000.0000,61296000000.0000,0.07200196,0.12193872,0.07200196
2018-03-31,2018一季报,2018-1,2018一季度,per_capital_reserve,2.6774,,0.00000000,,
2018-03-31,2018一季报,2018-1,2018一季度,index_full_diluted_roe,4.5700,4.6446,-0.03775293,0.87964387,-0.04329736
2018-03-31,2018一季报,2018-1,2018一季度,calculate_parent_holder_net_profit_yoy_growth_ratio,13.50052600,13.50052600,0.52264691,-0.04564914,0.52264691
2018-03-31,2018一季报,2018-1,2018一季度,assets_debt_ratio,92.0111,,-0.01031834,,
2018-03-31,2018一季报,2018-1,2018一季度,index_deduct_holder_net_profit,22546000000.0000,22546000000.0000,0.13662029,0.96291137,0.13662029
2018-03-31,2018一季报,2018-1,2018一季度,index_weighted_avg_roe,4.9925,4.9925,0.02832132,0.96168959,0.02832132
2018-03-31,2018一季报,2018-1,2018一季度,pe_ttm,10.47,,,,
2018-03-31,2018一季报,2018-1,2018一季度,pb,1.65,,,,
2017-12-31,2017年报,2017-4,2017四季度,index_per_operating_cash_flow_net,-0.2200,7.4200,0.95397490,2.36900369,-0.21647307
2017-12-31,2017年报,2017-4,2017四季度,deduct_net_profit_yoy_growth_ratio,14.1098,18.2295,0.96460596,0.09767994,0.86984573
2017-12-31,2017年报,2017-4,2017四季度,parent_holder_net_profit,70150000000.0000,11345000000.0000,0.12997535,-0.41957434,0.14146292
2017-12-31,2017年报,2017-4,2017四季度,calc_per_net_assets,17.6900,,0.10909091,,
2017-12-31,2017年报,2017-4,2017四季度,inventory_turnover_ratio,,,,,
2017-12-31,2017年报,2017-4,2017四季度,conservative_quick_ratio,,,,,
2017-12-31,2017年报,2017-4,2017四季度,equity_ratio,12.1077,,-0.12049541,,
2017-12-31,2017年报,2017-4,2017四季度,current_ratio,,,,,
2017-12-31,2017年报,2017-4,2017四季度,basic_eps,2.7800,0.4498,0.13008130,-0.41961290,0.14133469
2017-12-31,2017年报,2017-4,2017四季度,business_cycle,,,,,
2017-12-31,2017年报,2017-4,2017四季度,receive_accounts_turnover_days,,,,,
2017-12-31,2017年报,2017-4,2017四季度,quick_ratio,,,,,
2017-12-31,2017年报,2017-4,2017四季度,sale_gross_margin,,,,,
2017-12-31,2017年报,2017-4,2017四季度,inventory_turnover_days,,,,,
2017-12-31,2017年报,2017-4,2017四季度,calculate_operating_income_total_yoy_growth_ratio,5.32948700,10.53025600,0.30165720,-0.17039865,0.13931726
2017-12-31,2017年报,2017-4,2017四季度,sale_net_interest_ratio,31.9778,20.7885,0.07152359,-0.44026807,0.00947391
2017-12-31,2017年报,2017-4,2017四季度,per_undistributed_profits,9.5584,,0.21070565,,
2017-12-31,2017年报,2017-4,2017四季度,operating_income_total,220897000000.0000,54634000000.0000,0.05329487,0.02339609,0.10530256
2017-12-31,2017年报,2017-4,2017四季度,per_capital_reserve,2.6774,,0.00000000,,
2017-12-31,2017年报,2017-4,2017四季度,index_full_diluted_roe,14.6082,2.4710,-0.05323534,-0.45803084,-0.00707225
2017-12-31,2017年报,2017-4,2017四季度,calculate_parent_holder_net_profit_yoy_growth_ratio,12.99753500,14.14629200,0.71016147,-0.09211406,0.75086539
2017-12-31,2017年报,2017-4,2017四季度,assets_debt_ratio,92.3242,,-0.00952452,,
2017-12-31,2017年报,2017-4,2017四季度,index_deduct_holder_net_profit,69769000000.0000,11486000000.0000,0.14109777,-0.40536343,0.18229542
2017-12-31,2017年报,2017-4,2017四季度,index_weighted_avg_roe,16.5400,2.5450,0.01659496,-0.42680180,0.01800000
2017-12-31,2017年报,2017-4,2017四季度,pe_ttm,10.39,,,,
2017-12-31,2017年报,2017-4,2017四季度,pb,1.63,,,,
2017-09-30,2017三季报,2017-3,2017三季度,index_per_operating_cash_flow_net,-7.6400,-5.4200,0.46385965,-1.86305732,-1.31623932
2017-09-30,2017三季报,2017-3,2017三季度,deduct_net_profit_yoy_growth_ratio,13.3315,16.6073,0.98666269,0.08427513,1.20548473
2017-09-30,2017三季报,2017-3,2017三季度,parent_holder_net_profit,58805000000.0000,19546000000.0000,0.12778566,0.01369153,0.15581574
2017-09-30,2017三季报,2017-3,2017三季度,calc_per_net_assets,17.3700,,0.10496183,,
2017-09-30,2017三季报,2017-3,2017三季度,inventory_turnover_ratio,,,,,
2017-09-30,2017三季报,2017-3,2017三季度,conservative_quick_ratio,,,,,
2017-09-30,2017三季报,2017-3,2017三季度,equity_ratio,13.0779,,0.00342200,,
2017-09-30,2017三季报,2017-3,2017三季度,current_ratio,,,,,
2017-09-30,2017三季报,2017-3,2017三季度,basic_eps,2.3300,0.7750,0.12560386,0.01360188,0.15585384
2017-09-30,2017三季报,2017-3,2017三季度,business_cycle,,,,,
2017-09-30,2017三季报,2017-3,2017三季度,receive_accounts_turnover_days,,,,,
2017-09-30,2017三季报,2017-3,2017三季度,quick_ratio,,,,,
2017-09-30,2017三季报,2017-3,2017三季度,sale_gross_margin,,,,,
2017-09-30,2017三季报,2017-3,2017三季度,inventory_turnover_days,,,,,
2017-09-30,2017三季报,2017-3,2017三季度,calculate_operating_income_total_yoy_growth_ratio,3.72572400,12.69315200,0.43114716,5.72380499,2.40168237
2017-09-30,2017三季报,2017-3,2017三季度,sale_net_interest_ratio,35.7048,37.1401,0.09337449,0.06568248,0.03421188
2017-09-30,2017三季报,2017-3,2017三季度,per_undistributed_profits,9.4786,,0.20720354,,
2017-09-30,2017三季报,2017-3,2017三季度,operating_income_total,166263000000.0000,53385000000.0000,0.03725724,-0.04154473,0.12693152
2017-09-30,2017三季报,2017-3,2017三季度,per_capital_reserve,2.6774,,0.00000000,,
2017-09-30,2017三季报,2017-3,2017三季度,index_full_diluted_roe,13.4247,4.5593,0.02061809,-0.00688318,0.04415436
2017-09-30,2017三季报,2017-3,2017三季度,calculate_parent_holder_net_profit_yoy_growth_ratio,12.77856600,15.58157400,0.70170368,0.09551250,0.74396794
2017-09-30,2017三季报,2017-3,2017三季度,assets_debt_ratio,92.8575,,0.00000538,,
2017-09-30,2017三季报,2017-3,2017三季度,index_deduct_holder_net_profit,58283000000.0000,19316000000.0000,0.13331518,0.00967017,0.16607305
2017-09-30,2017三季报,2017-3,2017三季度,index_weighted_avg_roe,13.9950,4.4400,0.01633987,-0.05531915,0.04840614
2017-09-30,2017三季报,2017-3,2017三季度,pe_ttm,9.85,,,,
2017-09-30,2017三季报,2017-3,2017三季度,pb,1.55,,,,
2017-06-30,2017中报,2017-2,2017二季度,index_per_operating_cash_flow_net,-2.2200,6.2800,0.81360202,1.73882353,12.84905660
2017-06-30,2017中报,2017-2,2017二季度,deduct_net_profit_yoy_growth_ratio,11.7750,15.3165,0.86151292,0.78941527,1.52156663
2017-06-30,2017中报,2017-2,2017二季度,parent_holder_net_profit,39259000000.0000,19282000000.0000,0.11433113,-0.03479001,0.14223091
2017-06-30,2017中报,2017-2,2017二季度,calc_per_net_assets,16.6300,,0.10866667,,
2017-06-30,2017中报,2017-2,2017二季度,inventory_turnover_ratio,,,,,
2017-06-30,2017中报,2017-2,2017二季度,conservative_quick_ratio,,,,,
2017-06-30,2017中报,2017-2,2017二季度,equity_ratio,13.7773,,0.01011042,,
2017-06-30,2017中报,2017-2,2017二季度,current_ratio,,,,,
2017-06-30,2017中报,2017-2,2017二季度,basic_eps,1.5600,0.7646,0.11428571,-0.03471784,0.14238757
2017-06-30,2017中报,2017-2,2017二季度,business_cycle,,,,,
2017-06-30,2017中报,2017-2,2017二季度,receive_accounts_turnover_days,,,,,
2017-06-30,2017中报,2017-2,2017二季度,quick_ratio,,,,,
2017-06-30,2017中报,2017-2,2017二季度,sale_gross_margin,,,,,
2017-06-30,2017中报,2017-2,2017二季度,inventory_turnover_days,,,,,
2017-06-30,2017中报,2017-2,2017二季度,calculate_operating_income_total_yoy_growth_ratio,-0.03630900,1.88779300,-1.00430446,2.02486215,-0.21199757
2017-06-30,2017中报,2017-2,2017二季度,sale_net_interest_ratio,35.0292,34.8510,0.11951217,-0.00999352,0.12647148
2017-06-30,2017中报,2017-2,2017二季度,per_undistributed_profits,8.7019,,0.21122154,,
2017-06-30,2017中报,2017-2,2017二季度,operating_income_total,112878000000.0000,55699000000.0000,-0.00036309,-0.02588363,0.01887793
2017-06-30,2017中报,2017-2,2017二季度,per_capital_reserve,2.6774,,0.00000000,,
2017-06-30,2017中报,2017-2,2017二季度,index_full_diluted_roe,9.3613,4.5909,0.00486260,-0.05435857,0.02978847
2017-06-30,2017中报,2017-2,2017二季度,calculate_parent_holder_net_profit_yoy_growth_ratio,11.43311300,14.22309100,0.67192157,0.60414087,0.99199133
2017-06-30,2017中报,2017-2,2017二季度,assets_debt_ratio,93.1960,,0.00047127,,
2017-06-30,2017中报,2017-2,2017二季度,index_deduct_holder_net_profit,38967000000.0000,19131000000.0000,0.11774999,-0.03554144,0.15316456
2017-06-30,2017中报,2017-2,2017二季度,index_weighted_avg_roe,9.5550,4.7000,0.00209754,-0.03192585,0.02732240
2017-06-30,2017中报,2017-2,2017二季度,pe_ttm,8.38,,,,
2017-06-30,2017中报,2017-2,2017二季度,pb,1.27,,,,
2017-03-31,2017一季报,2017-1,2017一季度,index_per_operating_cash_flow_net,-8.5000,-8.5000,0.25307557,-1.89757128,0.25307557
2017-03-31,2017一季报,2017-1,2017一季度,deduct_net_profit_yoy_growth_ratio,8.5595,8.5595,0.30585687,-0.12203053,0.30585687
2017-03-31,2017一季报,2017-1,2017一季度,parent_holder_net_profit,19977000000.0000,19977000000.0000,0.08866485,1.00996076,0.08866485
2017-03-31,2017一季报,2017-1,2017一季度,calc_per_net_assets,16.6800,,0.10978044,,
2017-03-31,2017一季报,2017-1,2017一季度,inventory_turnover_ratio,,,,,
2017-03-31,2017一季报,2017-1,2017一季度,conservative_quick_ratio,,,,,
2017-03-31,2017一季报,2017-1,2017一季度,equity_ratio,13.2630,,-0.00464544,,
2017-03-31,2017一季报,2017-1,2017一季度,current_ratio,,,,,
2017-03-31,2017一季报,2017-1,2017一季度,basic_eps,0.7900,0.7921,0.08219178,1.00989597,0.08864761
2017-03-31,2017一季报,2017-1,2017一季度,business_cycle,,,,,
2017-03-31,2017一季报,2017-1,2017一季度,receive_accounts_turnover_days,,,,,
2017-03-31,2017一季报,2017-1,2017一季度,quick_ratio,,,,,
2017-03-31,2017一季报,2017-1,2017一季度,sale_gross_margin,,,,,
2017-03-31,2017一季报,2017-1,2017一季度,inventory_turnover_days,,,,,
2017-03-31,2017一季报,2017-1,2017一季度,calculate_operating_income_total_yoy_growth_ratio,-1.84199700,-1.84199700,-1.12455139,-1.19929420,-1.12455139
2017-03-31,2017一季报,2017-1,2017一季度,sale_net_interest_ratio,35.2028,35.2028,0.11332564,0.70942147,0.11332564
2017-03-31,2017一季报,2017-1,2017一季度,per_undistributed_profits,8.6823,,0.20542297,,
2017-03-31,2017一季报,2017-1,2017一季度,operating_income_total,57179000000.0000,57179000000.0000,-0.01841997,0.15679055,-0.01841997
2017-03-31,2017一季报,2017-1,2017一季度,per_capital_reserve,2.6774,,0.00000000,,
2017-03-31,2017一季报,2017-1,2017一季度,index_full_diluted_roe,4.7493,4.8548,-0.01871940,0.95081572,-0.02117021
2017-03-31,2017一季报,2017-1,2017一季度,calculate_parent_holder_net_profit_yoy_growth_ratio,8.86648500,8.86648500,0.35115817,0.09739158,0.35115817
2017-03-31,2017一季报,2017-1,2017一季度,assets_debt_ratio,92.9704,,-0.00035590,,
2017-03-31,2017一季报,2017-1,2017一季度,index_deduct_holder_net_profit,19836000000.0000,19836000000.0000,0.08559545,1.04179104,0.08559545
2017-03-31,2017一季报,2017-1,2017一季度,index_weighted_avg_roe,4.8550,4.8550,-0.02116935,0.94200000,-0.02116935
2017-03-31,2017一季报,2017-1,2017一季度,pe_ttm,7.76,,,,
2017-03-31,2017一季报,2017-1,2017一季度,pb,1.2,,,,
2016-12-31,2016年报,2016-4,2016四季度,index_per_operating_cash_flow_net,-4.7800,9.4700,-1.30100756,5.04700855,0.06404494
2016-12-31,2016年报,2016-4,2016四季度,deduct_net_profit_yoy_growth_ratio,7.1820,9.7492,1.40522438,0.29471448,1.87217749
2016-12-31,2016年报,2016-4,2016四季度,parent_holder_net_profit,62081000000.0000,9939000000.0000,0.07600180,-0.41227603,0.08079600
2016-12-31,2016年报,2016-4,2016四季度,calc_per_net_assets,15.9500,,0.11460517,,
2016-12-31,2016年报,2016-4,2016四季度,inventory_turnover_ratio,,,,,
2016-12-31,2016年报,2016-4,2016四季度,conservative_quick_ratio,,,,,
2016-12-31,2016年报,2016-4,2016四季度,equity_ratio,13.7665,,-0.02859219,,
2016-12-31,2016年报,2016-4,2016四季度,current_ratio,,,,,
2016-12-31,2016年报,2016-4,2016四季度,basic_eps,2.4600,0.3941,0.07423581,-0.41222968,0.08091059
2016-12-31,2016年报,2016-4,2016四季度,business_cycle,,,,,
2016-12-31,2016年报,2016-4,2016四季度,receive_accounts_turnover_days,,,,,
2016-12-31,2016年报,2016-4,2016四季度,quick_ratio,,,,,
2016-12-31,2016年报,2016-4,2016四季度,sale_gross_margin,,,,,
2016-12-31,2016年报,2016-4,2016四季度,inventory_turnover_days,,,,,
2016-12-31,2016年报,2016-4,2016四季度,calculate_operating_income_total_yoy_growth_ratio,4.09438600,9.24260200,-0.80928242,2.02064423,-0.14434169
2016-12-31,2016年报,2016-4,2016四季度,sale_net_interest_ratio,29.8433,20.5934,0.03632645,-0.42655138,0.00930228
2016-12-31,2016年报,2016-4,2016四季度,per_undistributed_profits,7.8949,,0.21936490,,
2016-12-31,2016年报,2016-4,2016四季度,operating_income_total,209720000000.0000,49429000000.0000,0.04094386,0.04342227,0.09242602
2016-12-31,2016年报,2016-4,2016四季度,per_capital_reserve,2.6774,,0.00000000,,
2016-12-31,2016年报,2016-4,2016四季度,index_full_diluted_roe,15.4296,2.4886,-0.03510121,-0.43006985,-0.03963262
2016-12-31,2016年报,2016-4,2016四季度,calculate_parent_holder_net_profit_yoy_growth_ratio,7.60018000,8.07960000,1.38058069,-0.09569063,1.89638328
2016-12-31,2016年报,2016-4,2016四季度,assets_debt_ratio,93.2120,,-0.00193270,,
2016-12-31,2016年报,2016-4,2016四季度,index_deduct_holder_net_profit,61142000000.0000,9715000000.0000,0.07182049,-0.41352249,0.09749209
2016-12-31,2016年报,2016-4,2016四季度,index_weighted_avg_roe,16.2700,2.5000,-0.04798128,-0.40968123,0.01419878
2016-12-31,2016年报,2016-4,2016四季度,pe_ttm,7.41,,,,
2016-12-31,2016年报,2016-4,2016四季度,pb,1.15,,,,
2016-09-30,2016三季报,2016-3,2016三季度,index_per_operating_cash_flow_net,-14.2500,-2.3400,-3.04154728,-3.41509434,0.59375000
2016-09-30,2016三季报,2016-3,2016三季度,deduct_net_profit_yoy_growth_ratio,6.7105,7.5300,0.10123736,0.23966942,3.58335869
2016-09-30,2016三季报,2016-3,2016三季度,parent_holder_net_profit,52142000000.0000,16911000000.0000,0.07509278,0.00177715,0.08934553
2016-09-30,2016三季报,2016-3,2016三季度,calc_per_net_assets,15.7200,,0.13583815,,
2016-09-30,2016三季报,2016-3,2016三季度,inventory_turnover_ratio,,,,,
2016-09-30,2016三季报,2016-3,2016三季度,conservative_quick_ratio,,,,,
2016-09-30,2016三季报,2016-3,2016三季度,equity_ratio,13.0333,,-0.06653632,,
2016-09-30,2016三季报,2016-3,2016三季度,current_ratio,,,,,
2016-09-30,2016三季报,2016-3,2016三季度,basic_eps,2.0700,0.6705,0.07812500,0.00179292,0.08935825
2016-09-30,2016三季报,2016-3,2016三季度,business_cycle,,,,,
2016-09-30,2016三季报,2016-3,2016三季度,receive_accounts_turnover_days,,,,,
2016-09-30,2016三季报,2016-3,2016三季度,quick_ratio,,,,,
2016-09-30,2016三季报,2016-3,2016三季度,sale_gross_margin,,,,,
2016-09-30,2016三季报,2016-3,2016三季度,inventory_turnover_days,,,,,
2016-09-30,2016三季报,2016-3,2016三季度,calculate_operating_income_total_yoy_growth_ratio,2.60331300,-9.05565500,-0.89566804,-4.78001093,-1.32606597
2016-09-30,2016三季报,2016-3,2016三季度,sale_net_interest_ratio,32.6556,35.9115,0.04570869,0.16074949,0.19779263
2016-09-30,2016三季报,2016-3,2016三季度,per_undistributed_profits,7.8517,,0.16340441,,
2016-09-30,2016三季报,2016-3,2016三季度,operating_income_total,160291000000.0000,47372000000.0000,0.02603313,-0.13344431,-0.09055655
2016-09-30,2016三季报,2016-3,2016三季度,per_capital_reserve,2.6774,,0.00000000,,
2016-09-30,2016三季报,2016-3,2016三季度,index_full_diluted_roe,13.1535,4.3665,-0.05359610,-0.02054687,-0.04220316
2016-09-30,2016三季报,2016-3,2016三季度,calculate_parent_holder_net_profit_yoy_growth_ratio,7.50927800,8.93455300,0.27579733,0.25131395,6.65925620
2016-09-30,2016三季报,2016-3,2016三季度,assets_debt_ratio,92.8570,,-0.00473319,,
2016-09-30,2016三季报,2016-3,2016三季度,index_deduct_holder_net_profit,51427000000.0000,16565000000.0000,0.06710518,-0.00150693,0.07530023
2016-09-30,2016三季报,2016-3,2016三季度,index_weighted_avg_roe,13.7700,4.2350,-0.05846154,-0.07431694,0.74639175
2016-09-30,2016三季报,2016-3,2016三季度,pe_ttm,7.57,,,,
2016-09-30,2016三季报,2016-3,2016三季度,pb,1.2,,,,
2016-06-30,2016中报,2016-2,2016二季度,index_per_operating_cash_flow_net,-11.9100,-0.5300,-1.93485086,0.95342707,-1.04568966
2016-06-30,2016中报,2016-2,2016二季度,deduct_net_profit_yoy_growth_ratio,6.3255,6.0742,-0.23990627,-0.07330618,2.99907828
2016-06-30,2016中报,2016-2,2016二季度,parent_holder_net_profit,35231000000.0000,16881000000.0000,0.06838307,-0.08005450,0.07140137
2016-06-30,2016中报,2016-2,2016二季度,calc_per_net_assets,15.0000,,0.13895216,,
2016-06-30,2016中报,2016-2,2016二季度,inventory_turnover_ratio,,,,,
2016-06-30,2016中报,2016-2,2016二季度,conservative_quick_ratio,,,,,
2016-06-30,2016中报,2016-2,2016二季度,equity_ratio,13.6394,,-0.07344180,,
2016-06-30,2016中报,2016-2,2016二季度,current_ratio,,,,,
2016-06-30,2016中报,2016-2,2016二季度,basic_eps,1.4000,0.6693,0.06870229,-0.08012644,0.07139427
2016-06-30,2016中报,2016-2,2016二季度,business_cycle,,,,,
2016-06-30,2016中报,2016-2,2016二季度,receive_accounts_turnover_days,,,,,
2016-06-30,2016中报,2016-2,2016二季度,quick_ratio,,,,,
2016-06-30,2016中报,2016-2,2016二季度,sale_gross_margin,,,,,
2016-06-30,2016中报,2016-2,2016二季度,inventory_turnover_days,,,,,
2016-06-30,2016中报,2016-2,2016二季度,calculate_operating_income_total_yoy_growth_ratio,8.43520400,2.39566900,-0.64238980,-0.83801064,-0.89604392
2016-06-30,2016中报,2016-2,2016二季度,sale_net_interest_ratio,31.2897,30.9382,-0.01765044,-0.02154683,0.04104878
2016-06-30,2016中报,2016-2,2016二季度,per_undistributed_profits,7.1844,,0.17187271,,
2016-06-30,2016中报,2016-2,2016二季度,operating_income_total,112919000000.0000,54667000000.0000,0.08435204,-0.06154295,0.02395669
2016-06-30,2016中报,2016-2,2016二季度,per_capital_reserve,2.6774,,0.00000000,,
2016-06-30,2016中报,2016-2,2016二季度,index_full_diluted_roe,9.3160,4.4581,-0.06186117,-0.10115327,-0.06147239
2016-06-30,2016中报,2016-2,2016二季度,calculate_parent_holder_net_profit_yoy_growth_ratio,6.83830700,7.14013700,-0.17247516,0.08808106,3.57736007
2016-06-30,2016中报,2016-2,2016二季度,assets_debt_ratio,93.1521,,-0.00503825,,
2016-06-30,2016中报,2016-2,2016二季度,index_deduct_holder_net_profit,34862000000.0000,16590000000.0000,0.06325485,-0.09205342,0.06074169
2016-06-30,2016中报,2016-2,2016二季度,index_weighted_avg_roe,9.5350,4.5750,-0.21844262,-0.07762097,-0.33381871
2016-06-30,2016中报,2016-2,2016二季度,pe_ttm,7.51,,,,
2016-06-30,2016中报,2016-2,2016二季度,pb,1.16,,,,
2016-03-31,2016一季报,2016-1,2016一季度,index_per_operating_cash_flow_net,-11.3800,-11.3800,-10.98245614,-2.27865169,-10.98245614
2016-03-31,2016一季报,2016-1,2016一季度,deduct_net_profit_yoy_growth_ratio,6.5547,6.5547,-0.57364200,1.58639291,-0.57364200
2016-03-31,2016一季报,2016-1,2016一季度,parent_holder_net_profit,18350000000.0000,18350000000.0000,0.06562137,0.99543280,0.06562137
2016-03-31,2016一季报,2016-1,2016一季度,calc_per_net_assets,15.0300,,0.14383562,,
2016-03-31,2016一季报,2016-1,2016一季度,inventory_turnover_ratio,,,,,
2016-03-31,2016一季报,2016-1,2016一季度,conservative_quick_ratio,,,,,
2016-03-31,2016一季报,2016-1,2016一季度,equity_ratio,13.3249,,-0.03541309,,
2016-03-31,2016一季报,2016-1,2016一季度,current_ratio,,,,,
2016-03-31,2016一季报,2016-1,2016一季度,basic_eps,0.7300,0.7276,0.07352941,0.99561163,0.06561219
2016-03-31,2016一季报,2016-1,2016一季度,business_cycle,,,,,
2016-03-31,2016一季报,2016-1,2016一季度,receive_accounts_turnover_days,,,,,
2016-03-31,2016一季报,2016-1,2016一季度,quick_ratio,,,,,
2016-03-31,2016一季报,2016-1,2016一季度,sale_gross_margin,,,,,
2016-03-31,2016一季报,2016-1,2016一季度,inventory_turnover_days,,,,,
2016-03-31,2016一季报,2016-1,2016一季度,calculate_operating_income_total_yoy_growth_ratio,14.78905200,14.78905200,-0.38796746,0.36913558,-0.38796746
2016-03-31,2016一季报,2016-1,2016一季度,sale_net_interest_ratio,31.6195,31.6195,-0.07264947,0.54970201,-0.07264947
2016-03-31,2016一季报,2016-1,2016一季度,per_undistributed_profits,7.2027,,0.16654250,,
2016-03-31,2016一季报,2016-1,2016一季度,operating_income_total,58252000000.0000,58252000000.0000,0.14789052,0.28742237,0.14789052
2016-03-31,2016一季报,2016-1,2016一季度,per_capital_reserve,2.6774,,0.00000000,,
2016-03-31,2016一季报,2016-1,2016一季度,index_full_diluted_roe,4.8399,4.9598,-0.06880231,0.91401999,-0.07008400
2016-03-31,2016一季报,2016-1,2016一季度,calculate_parent_holder_net_profit_yoy_growth_ratio,6.56213700,6.56213700,-0.56891806,1.72802984,-0.56891806
2016-03-31,2016一季报,2016-1,2016一季度,assets_debt_ratio,93.0035,,-0.00247762,,
2016-03-31,2016一季报,2016-1,2016一季度,index_deduct_holder_net_profit,18272000000.0000,18272000000.0000,0.06554700,1.06416629,0.06554700
2016-03-31,2016一季报,2016-1,2016一季度,index_weighted_avg_roe,4.9600,4.9600,-0.06985466,1.01217039,-0.06985466
2016-03-31,2016一季报,2016-1,2016一季度,pe_ttm,6.93,,,,
2016-03-31,2016一季报,2016-1,2016一季度,pb,1.15,,,,
2015-12-31,2015年报,2015-4,2015四季度,index_per_operating_cash_flow_net,15.8800,8.9000,0.47173309,2.54513889,0.85416667
2015-12-31,2015年报,2015-4,2015四季度,deduct_net_profit_yoy_growth_ratio,2.9860,-11.1780,-0.62136870,-7.80382251,0.36324382
2015-12-31,2015年报,2015-4,2015四季度,parent_holder_net_profit,57696000000.0000,9196000000.0000,0.03192574,-0.40762690,-0.09013555
2015-12-31,2015年报,2015-4,2015四季度,calc_per_net_assets,14.3100,,0.14755413,,
2015-12-31,2015年报,2015-4,2015四季度,inventory_turnover_ratio,,,,,
2015-12-31,2015年报,2015-4,2015四季度,conservative_quick_ratio,,,,,
2015-12-31,2015年报,2015-4,2015四季度,equity_ratio,14.1717,,0.00879834,,
2015-12-31,2015年报,2015-4,2015四季度,current_ratio,,,,,
2015-12-31,2015年报,2015-4,2015四季度,basic_eps,2.2900,0.3646,0.03153153,-0.40763607,-0.09031936
2015-12-31,2015年报,2015-4,2015四季度,business_cycle,,,,,
2015-12-31,2015年报,2015-4,2015四季度,receive_accounts_turnover_days,,,,,
2015-12-31,2015年报,2015-4,2015四季度,quick_ratio,,,,,
2015-12-31,2015年报,2015-4,2015四季度,sale_gross_margin,,,,,
2015-12-31,2015年报,2015-4,2015四季度,inventory_turnover_days,,,,,
2015-12-31,2015年报,2015-4,2015四季度,calculate_operating_income_total_yoy_growth_ratio,21.46832000,10.80174400,-0.14405573,-0.61106280,-0.34261744
2015-12-31,2015年报,2015-4,2015四季度,sale_net_interest_ratio,28.7972,20.4036,-0.14781770,-0.31945806,-0.17748977
2015-12-31,2015年报,2015-4,2015四季度,per_undistributed_profits,6.4746,,0.17846417,,
2015-12-31,2015年报,2015-4,2015四季度,operating_income_total,201471000000.0000,45247000000.0000,0.21468320,-0.13135211,0.10801744
2015-12-31,2015年报,2015-4,2015四季度,per_capital_reserve,2.6774,,0.00000000,,
2015-12-31,2015年报,2015-4,2015四季度,index_full_diluted_roe,15.9909,2.5913,-0.10078614,-0.43159534,-0.20992134
2015-12-31,2015年报,2015-4,2015四季度,calculate_parent_holder_net_profit_yoy_growth_ratio,3.19257400,-9.01355500,-0.60366278,-8.72698165,0.48376530
2015-12-31,2015年报,2015-4,2015四季度,assets_debt_ratio,93.3925,,0.00054424,,
2015-12-31,2015年报,2015-4,2015四季度,index_deduct_holder_net_profit,57045000000.0000,8852000000.0000,0.02986045,-0.42538137,-0.11178005
2015-12-31,2015年报,2015-4,2015四季度,index_weighted_avg_roe,17.0900,2.4650,-0.11358921,0.01649485,-0.24904798
2015-12-31,2015年报,2015-4,2015四季度,pe_ttm,7.84,,,,
2015-12-31,2015年报,2015-4,2015四季度,pb,1.32,,,,
2015-09-30,2015三季报,2015-3,2015三季度,index_per_operating_cash_flow_net,6.9800,-5.7600,0.16527546,-1.49655172,0.43639922
2015-09-30,2015三季报,2015-3,2015三季度,deduct_net_profit_yoy_growth_ratio,6.0936,1.6429,-0.61238367,0.08163803,-0.89532135
2015-09-30,2015三季报,2015-3,2015三季度,parent_holder_net_profit,48500000000.0000,15524000000.0000,0.05885949,-0.01472455,0.01166504
2015-09-30,2015三季报,2015-3,2015三季度,calc_per_net_assets,13.8400,,0.15622389,,
2015-09-30,2015三季报,2015-3,2015三季度,inventory_turnover_ratio,,,,,
2015-09-30,2015三季报,2015-3,2015三季度,conservative_quick_ratio,,,,,
2015-09-30,2015三季报,2015-3,2015三季度,equity_ratio,13.9623,,-0.04633658,,
2015-09-30,2015三季报,2015-3,2015三季度,current_ratio,,,,,
2015-09-30,2015三季报,2015-3,2015三季度,basic_eps,1.9200,0.6155,0.05494505,-0.01472707,0.01166995
2015-09-30,2015三季报,2015-3,2015三季度,business_cycle,,,,,
2015-09-30,2015三季报,2015-3,2015三季度,receive_accounts_turnover_days,,,,,
2015-09-30,2015三季报,2015-3,2015三季度,quick_ratio,,,,,
2015-09-30,2015三季报,2015-3,2015三季度,sale_gross_margin,,,,,
2015-09-30,2015三季报,2015-3,2015三季度,inventory_turnover_days,,,,,
2015-09-30,2015三季报,2015-3,2015三季度,calculate_operating_income_total_yoy_growth_ratio,24.95221000,27.77246300,-0.11492072,0.20513993,0.27472290
2015-09-30,2015三季报,2015-3,2015三季度,sale_net_interest_ratio,31.2282,29.9814,-0.14972786,0.00885313,-0.20633105
2015-09-30,2015三季报,2015-3,2015三季度,per_undistributed_profits,6.7489,,0.20587132,,
2015-09-30,2015三季报,2015-3,2015三季度,operating_income_total,156224000000.0000,52089000000.0000,0.24952210,-0.02433131,0.27772463
2015-09-30,2015三季报,2015-3,2015三季度,per_capital_reserve,2.6774,,0.00299693,,
2015-09-30,2015三季报,2015-3,2015三季度,index_full_diluted_roe,13.8984,4.5589,-0.08389580,-0.04025178,-0.12676461
2015-09-30,2015三季报,2015-3,2015三季度,calculate_parent_holder_net_profit_yoy_growth_ratio,5.88594900,1.16650400,-0.63133013,-0.25218398,-0.92715133
2015-09-30,2015三季报,2015-3,2015三季度,assets_debt_ratio,93.2986,,-0.00318707,,
2015-09-30,2015三季报,2015-3,2015三季度,index_deduct_holder_net_profit,48193000000.0000,15405000000.0000,0.06093561,-0.01502558,0.01642914
2015-09-30,2015三季报,2015-3,2015三季度,index_weighted_avg_roe,14.6250,2.4250,-0.08579466,-0.64688751,-0.53831509
2015-09-30,2015三季报,2015-3,2015三季度,pe_ttm,7.56,,,,
2015-09-30,2015三季报,2015-3,2015三季度,pb,1.33,,,,
2015-06-30,2015中报,2015-2,2015二季度,index_per_operating_cash_flow_net,12.7400,11.6000,-0.21406539,9.17543860,-0.16905444
2015-06-30,2015中报,2015-2,2015二季度,deduct_net_profit_yoy_growth_ratio,8.3220,1.5189,-0.47107165,-0.90120140,-0.90760218
2015-06-30,2015中报,2015-2,2015二季度,parent_holder_net_profit,32976000000.0000,15756000000.0000,0.08263567,-0.08501742,0.01559881
2015-06-30,2015中报,2015-2,2015二季度,calc_per_net_assets,13.1700,,0.16137566,,
2015-06-30,2015中报,2015-2,2015二季度,inventory_turnover_ratio,,,,,
2015-06-30,2015中报,2015-2,2015二季度,conservative_quick_ratio,,,,,
2015-06-30,2015中报,2015-2,2015二季度,equity_ratio,14.7205,,-0.11326563,,
2015-06-30,2015中报,2015-2,2015二季度,current_ratio,,,,,
2015-06-30,2015中报,2015-2,2015二季度,basic_eps,1.3100,0.6247,0.08264463,-0.08509080,0.01560722
2015-06-30,2015中报,2015-2,2015二季度,business_cycle,,,,,
2015-06-30,2015中报,2015-2,2015二季度,receive_accounts_turnover_days,,,,,
2015-06-30,2015中报,2015-2,2015二季度,quick_ratio,,,,,
2015-06-30,2015中报,2015-2,2015二季度,sale_gross_margin,,,,,
2015-06-30,2015中报,2015-2,2015二季度,inventory_turnover_days,,,,,
2015-06-30,2015中报,2015-2,2015二季度,calculate_operating_income_total_yoy_growth_ratio,23.58770500,23.04501100,-0.25211225,-0.04630151,-0.24832656
2015-06-30,2015中报,2015-2,2015二季度,sale_net_interest_ratio,31.8519,29.7183,-0.12059912,-0.12840870,-0.17088039
2015-06-30,2015中报,2015-2,2015二季度,per_undistributed_profits,6.1307,,0.22852334,,
2015-06-30,2015中报,2015-2,2015二季度,operating_income_total,104135000000.0000,53388000000.0000,0.23587705,0.05204249,0.23045011
2015-06-30,2015中报,2015-2,2015二季度,per_capital_reserve,2.6774,,0.01290054,,
2015-06-30,2015中报,2015-2,2015二季度,index_full_diluted_roe,9.9303,4.7501,-0.06778754,-0.10940078,-0.12850197
2015-06-30,2015中报,2015-2,2015二季度,calculate_parent_holder_net_profit_yoy_growth_ratio,8.26356700,1.55988100,-0.48163282,-0.89752781,-0.90870838
2015-06-30,2015中报,2015-2,2015二季度,assets_debt_ratio,93.6238,,-0.00728022,,
2015-06-30,2015中报,2015-2,2015二季度,index_deduct_holder_net_profit,32788000000.0000,15640000000.0000,0.08322046,-0.08794028,0.01518889
2015-06-30,2015中报,2015-2,2015二季度,index_weighted_avg_roe,12.2000,6.8675,0.13541182,0.28785748,0.29636621
2015-06-30,2015中报,2015-2,2015二季度,pe_ttm,7.8,,,,
2015-06-30,2015中报,2015-2,2015二季度,pb,1.37,,,,
2015-03-31,2015一季报,2015-1,2015一季度,index_per_operating_cash_flow_net,1.1400,1.1400,-0.49333333,-0.76250000,-0.49333333
2015-03-31,2015一季报,2015-1,2015一季度,deduct_net_profit_yoy_growth_ratio,15.3737,15.3737,0.02409406,1.87576476,0.02409406
2015-03-31,2015一季报,2015-1,2015一季度,parent_holder_net_profit,17220000000.0000,17220000000.0000,0.15222482,0.70376966,0.15222482
2015-03-31,2015一季报,2015-1,2015一季度,calc_per_net_assets,13.1400,,0.17008014,,
2015-03-31,2015一季报,2015-1,2015一季度,inventory_turnover_ratio,,,,,
2015-03-31,2015一季报,2015-1,2015一季度,conservative_quick_ratio,,,,,
2015-03-31,2015一季报,2015-1,2015一季度,equity_ratio,13.8141,,-0.05015952,,
2015-03-31,2015一季报,2015-1,2015一季度,current_ratio,,,,,
2015-03-31,2015一季报,2015-1,2015一季度,basic_eps,0.6800,0.6828,0.15254237,0.70359281,0.15221060
2015-03-31,2015一季报,2015-1,2015一季度,business_cycle,,,,,
2015-03-31,2015一季报,2015-1,2015一季度,receive_accounts_turnover_days,,,,,
2015-03-31,2015一季报,2015-1,2015一季度,quick_ratio,,,,,
2015-03-31,2015一季报,2015-1,2015一季度,sale_gross_margin,,,,,
2015-03-31,2015一季报,2015-1,2015一季度,inventory_turnover_days,,,,,
2015-03-31,2015一季报,2015-1,2015一季度,calculate_operating_income_total_yoy_growth_ratio,24.16383300,24.16383300,-0.25620627,0.47058496,-0.25620627
2015-03-31,2015一季报,2015-1,2015一季度,sale_net_interest_ratio,34.0966,34.0966,-0.06891024,0.37450265,-0.06891024
2015-03-31,2015一季报,2015-1,2015一季度,per_undistributed_profits,6.1744,,0.23631412,,
2015-03-31,2015一季报,2015-1,2015一季度,operating_income_total,50747000000.0000,50747000000.0000,0.24163833,0.24270252,0.24163833
2015-03-31,2015一季报,2015-1,2015一季度,per_capital_reserve,2.6774,,0.04753707,,
2015-03-31,2015一季报,2015-1,2015一季度,index_full_diluted_roe,5.1975,5.3336,-0.01463590,0.62619672,-0.02071093
2015-03-31,2015一季报,2015-1,2015一季度,calculate_parent_holder_net_profit_yoy_growth_ratio,15.22248200,15.22248200,0.03020757,1.87183952,0.03020757
2015-03-31,2015一季报,2015-1,2015一季度,assets_debt_ratio,93.2345,,-0.00343325,,
2015-03-31,2015一季报,2015-1,2015一季度,index_deduct_holder_net_profit,17148000000.0000,17148000000.0000,0.15373747,0.72065021,0.15373747
2015-03-31,2015一季报,2015-1,2015一季度,index_weighted_avg_roe,5.3325,5.3325,-0.02111060,0.62452399,-0.02111060
2015-03-31,2015一季报,2015-1,2015一季度,pe_ttm,7.1,,,,
2015-03-31,2015一季报,2015-1,2015一季度,pb,1.26,,,,
2014-12-31,2014年报,2014-4,2014四季度,index_per_operating_cash_flow_net,10.7900,4.8000,1.28601695,1.46966732,0.07623318
2014-12-31,2014年报,2014-4,2014四季度,deduct_net_profit_yoy_growth_ratio,7.8863,-17.5546,-0.46556748,-2.11850497,-1.90821421
2014-12-31,2014年报,2014-4,2014四季度,parent_holder_net_profit,55911000000.0000,10107000000.0000,0.08055196,-0.34134897,-0.17460188
2014-12-31,2014年报,2014-4,2014四季度,calc_per_net_assets,12.4700,,0.18423552,,
2014-12-31,2014年报,2014-4,2014四季度,inventory_turnover_ratio,,,,,
2014-12-31,2014年报,2014-4,2014四季度,conservative_quick_ratio,,,,,
2014-12-31,2014年报,2014-4,2014四季度,equity_ratio,14.0481,,-0.00564136,,
2014-12-31,2014年报,2014-4,2014四季度,current_ratio,,,,,
2014-12-31,2014年报,2014-4,2014四季度,basic_eps,2.2200,0.4008,-0.03478261,-0.34122288,-0.17445932
2014-12-31,2014年报,2014-4,2014四季度,business_cycle,,,,,
2014-12-31,2014年报,2014-4,2014四季度,receive_accounts_turnover_days,,,,,
2014-12-31,2014年报,2014-4,2014四季度,quick_ratio,,,,,
2014-12-31,2014年报,2014-4,2014四季度,sale_gross_margin,,,,,
2014-12-31,2014年报,2014-4,2014四季度,inventory_turnover_days,,,,,
2014-12-31,2014年报,2014-4,2014四季度,calculate_operating_income_total_yoy_growth_ratio,25.08144600,16.43144300,0.47809339,-0.24581638,-0.32752046
2014-12-31,2014年报,2014-4,2014四季度,sale_net_interest_ratio,33.7923,24.8065,-0.13397267,-0.34332124,-0.28982250
2014-12-31,2014年报,2014-4,2014四季度,per_undistributed_profits,5.4941,,0.24710022,,
2014-12-31,2014年报,2014-4,2014四季度,operating_income_total,165863000000.0000,40836000000.0000,0.25081446,0.00169255,0.16431443
2014-12-31,2014年报,2014-4,2014四季度,per_capital_reserve,2.6774,,0.08952551,,
2014-12-31,2014年报,2014-4,2014四季度,index_full_diluted_roe,17.7832,3.2798,-0.08764333,-0.37177007,-0.30013017
2014-12-31,2014年报,2014-4,2014四季度,calculate_parent_holder_net_profit_yoy_growth_ratio,8.05519600,-17.46018800,-0.43684537,-2.09039618,-2.03810377
2014-12-31,2014年报,2014-4,2014四季度,assets_debt_ratio,93.3417,,-0.00039088,,
2014-12-31,2014年报,2014-4,2014四季度,index_deduct_holder_net_profit,55391000000.0000,9966000000.0000,0.07886331,-0.34243864,-0.17554600
2014-12-31,2014年报,2014-4,2014四季度,index_weighted_avg_roe,19.2800,3.2825,-0.16608997,-0.37505950,-0.29823624
2014-12-31,2014年报,2014-4,2014四季度,pe_ttm,6.68,,,,
2014-12-31,2014年报,2014-4,2014四季度,pb,1.28,,,,
2014-09-30,2014三季报,2014-3,2014三季度,index_per_operating_cash_flow_net,5.9900,-10.2200,22.03846154,-1.73209169,-4.99218750
2014-09-30,2014三季报,2014-3,2014三季度,deduct_net_profit_yoy_growth_ratio,15.7207,15.6947,0.17160403,-0.04525905,0.01390226
2014-09-30,2014三季报,2014-3,2014三季度,parent_holder_net_profit,45804000000.0000,15345000000.0000,0.15965365,-0.01089339,0.16012701
2014-09-30,2014三季报,2014-3,2014三季度,calc_per_net_assets,11.9700,,0.17352941,,
2014-09-30,2014三季报,2014-3,2014三季度,inventory_turnover_ratio,,,,,
2014-09-30,2014三季报,2014-3,2014三季度,conservative_quick_ratio,,,,,
2014-09-30,2014三季报,2014-3,2014三季度,equity_ratio,14.6407,,0.03760427,,
2014-09-30,2014三季报,2014-3,2014三季度,current_ratio,,,,,
2014-09-30,2014三季报,2014-3,2014三季度,basic_eps,1.8200,0.6084,-0.00546448,-0.01089254,0.15996187
2014-09-30,2014三季报,2014-3,2014三季度,business_cycle,,,,,
2014-09-30,2014三季报,2014-3,2014三季度,receive_accounts_turnover_days,,,,,
2014-09-30,2014三季报,2014-3,2014三季度,quick_ratio,,,,,
2014-09-30,2014三季报,2014-3,2014三季度,sale_gross_margin,,,,,
2014-09-30,2014三季报,2014-3,2014三季度,inventory_turnover_days,,,,,
2014-09-30,2014三季报,2014-3,2014三季度,calculate_operating_income_total_yoy_growth_ratio,28.19206200,21.78705900,0.94447619,-0.28935796,0.12969041
2014-09-30,2014三季报,2014-3,2014三季度,sale_net_interest_ratio,36.7273,37.7757,-0.09294480,0.05391539,-0.04385408
2014-09-30,2014三季报,2014-3,2014三季度,per_undistributed_profits,5.5967,,0.27592103,,
2014-09-30,2014三季报,2014-3,2014三季度,operating_income_total,125027000000.0000,40767000000.0000,0.28192062,-0.06043006,0.21787059
2014-09-30,2014三季报,2014-3,2014三季度,per_capital_reserve,2.6694,,0.02954335,,
2014-09-30,2014三季报,2014-3,2014三季度,index_full_diluted_roe,15.1712,5.2207,-0.01237525,-0.04216127,-0.07350618
2014-09-30,2014三季报,2014-3,2014三季度,calculate_parent_holder_net_profit_yoy_growth_ratio,15.96536500,16.01270100,0.17863158,-0.06286089,0.00681513
2014-09-30,2014三季报,2014-3,2014三季度,assets_debt_ratio,93.5969,,0.00233994,,
2014-09-30,2014三季报,2014-3,2014三季度,index_deduct_holder_net_profit,45425000000.0000,15156000000.0000,0.15720691,-0.01622744,0.15694656
2014-09-30,2014三季报,2014-3,2014三季度,index_weighted_avg_roe,15.9975,5.2525,-0.13257422,-0.00849457,-0.08052516
2014-09-30,2014三季报,2014-3,2014三季度,pe_ttm,4.69,,,,
2014-09-30,2014三季报,2014-3,2014三季度,pb,0.92,,,,
2014-06-30,2014中报,2014-2,2014二季度,index_per_operating_cash_flow_net,16.2100,13.9600,8.04782609,5.20444444,6.74485597
2014-06-30,2014中报,2014-2,2014二季度,deduct_net_profit_yoy_growth_ratio,15.7337,16.4387,0.26751792,0.09503730,0.23884275
2014-06-30,2014中报,2014-2,2014二季度,parent_holder_net_profit,30459000000.0000,15514000000.0000,0.15941532,0.03807293,0.17086792
2014-06-30,2014中报,2014-2,2014二季度,calc_per_net_assets,11.3400,,0.15243902,,
2014-06-30,2014中报,2014-2,2014二季度,inventory_turnover_ratio,,,,,
2014-06-30,2014中报,2014-2,2014二季度,conservative_quick_ratio,,,,,
2014-06-30,2014中报,2014-2,2014二季度,equity_ratio,16.6008,,-0.02030700,,
2014-06-30,2014中报,2014-2,2014二季度,current_ratio,,,,,
2014-06-30,2014中报,2014-2,2014二季度,basic_eps,1.2100,0.6151,-0.00819672,0.03796828,0.00162840
2014-06-30,2014中报,2014-2,2014二季度,business_cycle,,,,,
2014-06-30,2014中报,2014-2,2014二季度,receive_accounts_turnover_days,,,,,
2014-06-30,2014中报,2014-2,2014二季度,quick_ratio,,,,,
2014-06-30,2014中报,2014-2,2014二季度,sale_gross_margin,,,,,
2014-06-30,2014中报,2014-2,2014二季度,inventory_turnover_days,,,,,
2014-06-30,2014中报,2014-2,2014二季度,calculate_operating_income_total_yoy_growth_ratio,31.53909800,30.65827500,1.59654334,-0.05629902,0.96900960
2014-06-30,2014中报,2014-2,2014二季度,sale_net_interest_ratio,36.2200,35.8432,-0.11667370,-0.02121513,-0.10153908
2014-06-30,2014中报,2014-2,2014二季度,per_undistributed_profits,4.9903,,0.10514893,,
2014-06-30,2014中报,2014-2,2014二季度,operating_income_total,84260000000.0000,43389000000.0000,0.31539098,0.06160848,0.30658275
2014-06-30,2014中报,2014-2,2014二季度,per_capital_reserve,2.6433,,0.53394847,,
2014-06-30,2014中报,2014-2,2014二季度,index_full_diluted_roe,10.6524,5.4505,-0.13899127,0.00075279,-0.12228860
2014-06-30,2014中报,2014-2,2014二季度,calculate_parent_holder_net_profit_yoy_growth_ratio,15.94153200,17.08679200,0.28621806,0.15637794,0.31958626
2014-06-30,2014中报,2014-2,2014二季度,assets_debt_ratio,94.3104,,-0.00119780,,
2014-06-30,2014中报,2014-2,2014二季度,index_deduct_holder_net_profit,30269000000.0000,15406000000.0000,0.15733731,0.03653367,0.16438667
2014-06-30,2014中报,2014-2,2014二季度,index_weighted_avg_roe,10.7450,5.2975,-0.15593087,-0.02753557,-0.17900039
2014-06-30,2014中报,2014-2,2014二季度,pe_ttm,4.75,,,,
2014-06-30,2014中报,2014-2,2014二季度,pb,0.9,,,,
2014-03-31,2014一季报,2014-1,2014一季度,index_per_operating_cash_flow_net,2.2500,2.2500,16.30769231,-0.49551570,16.30769231
2014-03-31,2014一季报,2014-1,2014一季度,deduct_net_profit_yoy_growth_ratio,15.0120,15.0120,0.29980778,-0.22333111,0.29980778
2014-03-31,2014一季报,2014-1,2014一季度,parent_holder_net_profit,14945000000.0000,14945000000.0000,0.14776131,0.22049816,0.14776131
2014-03-31,2014一季报,2014-1,2014一季度,calc_per_net_assets,11.2300,,0.12977867,,
2014-03-31,2014一季报,2014-1,2014一季度,inventory_turnover_ratio,,,,,
2014-03-31,2014一季报,2014-1,2014一季度,conservative_quick_ratio,,,,,
2014-03-31,2014一季报,2014-1,2014一季度,equity_ratio,14.5436,,-0.05479408,,
2014-03-31,2014一季报,2014-1,2014一季度,current_ratio,,,,,
2014-03-31,2014一季报,2014-1,2014一季度,basic_eps,0.5900,0.5926,-0.01666667,0.22059732,-0.01806131
2014-03-31,2014一季报,2014-1,2014一季度,business_cycle,,,,,
2014-03-31,2014一季报,2014-1,2014一季度,receive_accounts_turnover_days,,,,,
2014-03-31,2014一季报,2014-1,2014一季度,quick_ratio,,,,,
2014-03-31,2014一季报,2014-1,2014一季度,sale_gross_margin,,,,,
2014-03-31,2014一季报,2014-1,2014一季度,inventory_turnover_days,,,,,
2014-03-31,2014一季报,2014-1,2014一季度,calculate_operating_income_total_yoy_growth_ratio,32.48727700,32.48727700,2.74249747,0.32958675,2.74249747
2014-03-31,2014一季报,2014-1,2014一季度,sale_net_interest_ratio,36.6201,36.6201,-0.13220661,0.04838534,-0.13220661
2014-03-31,2014一季报,2014-1,2014一季度,per_undistributed_profits,4.9942,,0.10123261,,
2014-03-31,2014一季报,2014-1,2014一季度,operating_income_total,40871000000.0000,40871000000.0000,0.32487277,0.16531235,0.32487277
2014-03-31,2014一季报,2014-1,2014一季度,per_capital_reserve,2.5559,,0.42207756,,
2014-03-31,2014一季报,2014-1,2014一季度,index_full_diluted_roe,5.2747,5.4464,-0.13149359,0.16219619,-0.13242111
2014-03-31,2014一季报,2014-1,2014一季度,calculate_parent_holder_net_profit_yoy_growth_ratio,14.77613100,14.77613100,0.24846508,-0.12147812,0.24846508
2014-03-31,2014一季报,2014-1,2014一季度,assets_debt_ratio,93.5557,,-0.00359451,,
2014-03-31,2014一季报,2014-1,2014一季度,index_deduct_holder_net_profit,14863000000.0000,14863000000.0000,0.15011994,0.22956651,0.15011994
2014-03-31,2014一季报,2014-1,2014一季度,index_weighted_avg_roe,5.4475,5.4475,-0.13221824,0.16461785,-0.13221824
2014-03-31,2014一季报,2014-1,2014一季度,pe_ttm,4.79,,,,
2014-03-31,2014一季报,2014-1,2014一季度,pb,0.93,,,,
2013-12-31,2013年报,2013-4,2013四季度,index_per_operating_cash_flow_net,4.7200,4.4600,-0.59204840,0.74218750,-0.59710930
2013-12-31,2013年报,2013-4,2013四季度,deduct_net_profit_yoy_growth_ratio,14.7564,19.3287,-0.41473978,0.24866436,
2013-12-31,2013年报,2013-4,2013四季度,parent_holder_net_profit,51743000000.0000,12245000000.0000,0.14303702,-0.07424208,0.16819309
2013-12-31,2013年报,2013-4,2013四季度,calc_per_net_assets,10.5300,,0.13347686,,
2013-12-31,2013年报,2013-4,2013四季度,inventory_turnover_ratio,,,,,
2013-12-31,2013年报,2013-4,2013四季度,conservative_quick_ratio,,,,,
2013-12-31,2013年报,2013-4,2013四季度,equity_ratio,14.1278,,-0.11722216,,
2013-12-31,2013年报,2013-4,2013四季度,current_ratio,,,,,
2013-12-31,2013年报,2013-4,2013四季度,basic_eps,2.3000,0.4855,0.09523810,-0.07435653,-0.00061754
2013-12-31,2013年报,2013-4,2013四季度,business_cycle,,,,,
2013-12-31,2013年报,2013-4,2013四季度,receive_accounts_turnover_days,,,,,
2013-12-31,2013年报,2013-4,2013四季度,quick_ratio,,,,,
2013-12-31,2013年报,2013-4,2013四季度,sale_gross_margin,,,,,
2013-12-31,2013年报,2013-4,2013四季度,inventory_turnover_days,,,,,
2013-12-31,2013年报,2013-4,2013四季度,calculate_operating_income_total_yoy_growth_ratio,16.96878300,24.43411600,-0.05190746,0.26694413,1.72547328
2013-12-31,2013年报,2013-4,2013四季度,sale_net_interest_ratio,39.0199,34.9300,-0.02299792,-0.11588198,-0.06127385
2013-12-31,2013年报,2013-4,2013四季度,per_undistributed_profits,4.4055,,0.11800533,,
2013-12-31,2013年报,2013-4,2013四季度,operating_income_total,132604000000.0000,35073000000.0000,0.16968783,0.04776842,0.24434116
2013-12-31,2013年报,2013-4,2013四季度,per_capital_reserve,2.4574,,0.41229885,,
2013-12-31,2013年报,2013-4,2013四季度,index_full_diluted_roe,19.4915,4.6863,-0.13706696,-0.16834372,-0.12533129
2013-12-31,2013年报,2013-4,2013四季度,calculate_parent_holder_net_profit_yoy_growth_ratio,14.30370200,16.81930900,-0.43453501,0.05753145,-0.52499719
2013-12-31,2013年报,2013-4,2013四季度,assets_debt_ratio,93.3782,,-0.00784980,,
2013-12-31,2013年报,2013-4,2013四季度,index_deduct_holder_net_profit,51342000000.0000,12088000000.0000,0.14743547,-0.07725191,0.19316948
2013-12-31,2013年报,2013-4,2013四季度,index_weighted_avg_roe,23.1200,4.6775,-0.06698951,-0.18118162,-0.10649475
2013-12-31,2013年报,2013-4,2013四季度,pe_ttm,5.18,,,,
2013-12-31,2013年报,2013-4,2013四季度,pb,1.01,,,,
