report_date,report_name,report_period,quarter_name,metric_name,value,single,yoy,mom,single_yoy
2026-03-31,2026一季报,2026-1,2026一季度,index_per_operating_cash_flow_net,0.4734,0.4734,1.28254581,3.22678571,1.28254581
2026-03-31,2026一季报,2026-1,2026一季度,deduct_net_profit_yoy_growth_ratio,11.5882,11.5882,-0.06382188,1.06754924,-0.06382188
2026-03-31,2026一季报,2026-1,2026一季度,parent_holder_net_profit,246333622.73,246333622.7300,0.13613328,1.26888333,0.13613328
2026-03-31,2026一季报,2026-1,2026一季度,calc_per_net_assets,6.4341,,0.10188039,,
2026-03-31,2026一季报,2026-1,2026一季度,inventory_turnover_ratio,0.5924,,0.02349689,,
2026-03-31,2026一季报,2026-1,2026一季度,conservative_quick_ratio,0.6841,,0.14608812,,
2026-03-31,2026一季报,2026-1,2026一季度,equity_ratio,0.6249,,0.00112144,,
2026-03-31,2026一季报,2026-1,2026一季度,current_ratio,1.1712,,0.16052319,,
2026-03-31,2026一季报,2026-1,2026一季度,basic_eps,0.435,0.4344,0.13577023,1.26959248,0.13628041
2026-03-31,2026一季报,2026-1,2026一季度,business_cycle,191.1435,,0.01306992,,
2026-03-31,2026一季报,2026-1,2026一季度,receive_accounts_turnover_days,39.2191,,0.18188914,,
2026-03-31,2026一季报,2026-1,2026一季度,quick_ratio,0.7582,,0.16753927,,
2026-03-31,2026一季报,2026-1,2026一季度,sale_gross_margin,78.1878,78.1878,0.01850397,0.02441421,0.01850397
2026-03-31,2026一季报,2026-1,2026一季度,inventory_turnover_days,151.9244,,-0.02295714,,
2026-03-31,2026一季报,2026-1,2026一季度,calculate_operating_income_total_yoy_growth_ratio,10.31771,10.31771000,-0.16038265,0.08836890,-0.16038265
2026-03-31,2026一季报,2026-1,2026一季度,sale_net_interest_ratio,21.9738,21.9738,0.03490371,0.63834419,0.03490371
2026-03-31,2026一季报,2026-1,2026一季度,per_undistributed_profits,4.2294,,0.13121857,,
2026-03-31,2026一季报,2026-1,2026一季度,operating_income_total,1126074496.05,1126074496.0500,0.1031771,0.38674089,0.10317710
2026-03-31,2026一季报,2026-1,2026一季度,per_capital_reserve,0.6511,,0.06336763,,
2026-03-31,2026一季报,2026-1,2026一季度,index_full_diluted_roe,6.751,6.9887,0.03109631,1.13990018,0.02888480
2026-03-31,2026一季报,2026-1,2026一季度,calculate_parent_holder_net_profit_yoy_growth_ratio,13.613328,13.61332800,-0.01974483,1.50464682,-0.01974483
2026-03-31,2026一季报,2026-1,2026一季度,assets_debt_ratio,38.2246,,0.00061255,,
2026-03-31,2026一季报,2026-1,2026一季度,index_deduct_holder_net_profit,227551542.24,227551542.2400,0.11588241,1.14016281,0.11588241
2026-03-31,2026一季报,2026-1,2026一季度,index_weighted_avg_roe,6.99,6.9900,0.02643172,0.99714286,0.02643172
2026-03-31,2026一季报,2026-1,2026一季度,pe_ttm,15.8,,,,
2026-03-31,2026一季报,2026-1,2026一季度,pb,3.89,,,,
2025-12-31,2025年报,2025-4,2025四季度,index_per_operating_cash_flow_net,0.9767,0.1120,-0.36758612,-0.52881784,-0.87920621
2025-12-31,2025年报,2025-4,2025四季度,deduct_net_profit_yoy_growth_ratio,10.8073,5.6048,-0.46504341,-0.46183759,-0.37820477
2025-12-31,2025年报,2025-4,2025四季度,parent_holder_net_profit,759503032.53,108570422.7600,0.05114148,-0.38503320,-0.26975951
2025-12-31,2025年报,2025-4,2025四季度,calc_per_net_assets,5.9963,,0.10677766,,
2025-12-31,2025年报,2025-4,2025四季度,inventory_turnover_ratio,1.7658,,-0.05894266,,
2025-12-31,2025年报,2025-4,2025四季度,conservative_quick_ratio,0.5426,,-0.40399824,,
2025-12-31,2025年报,2025-4,2025四季度,equity_ratio,0.6468,,0.02617801,,
2025-12-31,2025年报,2025-4,2025四季度,current_ratio,1.0777,,-0.1782065,,
2025-12-31,2025年报,2025-4,2025四季度,basic_eps,1.34,0.1914,0.04118104,-0.38515901,-0.27002288
2025-12-31,2025年报,2025-4,2025四季度,business_cycle,238.8971,,0.07823262,,
2025-12-31,2025年报,2025-4,2025四季度,receive_accounts_turnover_days,35.0235,,0.17896852,,
2025-12-31,2025年报,2025-4,2025四季度,quick_ratio,0.5973,,-0.35047847,,
2025-12-31,2025年报,2025-4,2025四季度,sale_gross_margin,80.0292,76.3244,0.05553936,-0.04985840,-0.03207340
2025-12-31,2025年报,2025-4,2025四季度,inventory_turnover_days,203.8736,,0.06263477,,
2025-12-31,2025年报,2025-4,2025四季度,calculate_operating_income_total_yoy_growth_ratio,10.070746,9.47997500,0.76115505,-0.09177808,2.21131450
2025-12-31,2025年报,2025-4,2025四季度,sale_net_interest_ratio,19.7864,13.4122,-0.04137517,-0.28876421,-0.33089549
2025-12-31,2025年报,2025-4,2025四季度,per_undistributed_profits,3.795,,0.13561554,,
2025-12-31,2025年报,2025-4,2025四季度,operating_income_total,3853391129.7,812029490.5300,0.10070746,-0.13811579,0.09479975
2025-12-31,2025年报,2025-4,2025四季度,per_capital_reserve,0.6475,,0.07808858,,
2025-12-31,2025年报,2025-4,2025四季度,index_full_diluted_roe,22.3345,3.2659,-0.05026258,-0.41593791,-0.34470997
2025-12-31,2025年报,2025-4,2025四季度,calculate_parent_holder_net_profit_yoy_growth_ratio,5.114148,-26.97595100,-0.81187721,-3.76242592,-1.58814187
2025-12-31,2025年报,2025-4,2025四季度,assets_debt_ratio,39.031,,0.01113961,,
2025-12-31,2025年报,2025-4,2025四季度,index_deduct_holder_net_profit,711549474.02,106324407.2800,0.10807263,-0.34660438,0.05604762
2025-12-31,2025年报,2025-4,2025四季度,index_weighted_avg_roe,23.9,3.5000,-0.03629032,-0.39130435,-0.19724771
2025-12-31,2025年报,2025-4,2025四季度,pe_ttm,14.89,,,,
2025-12-31,2025年报,2025-4,2025四季度,pb,3.66,,,,
2025-09-30,2025三季报,2025-3,2025三季度,index_per_operating_cash_flow_net,0.8647,0.2377,0.40100454,-0.43350810,1.26812977
2025-09-30,2025三季报,2025-3,2025三季度,deduct_net_profit_yoy_growth_ratio,11.7746,10.4147,-0.47762704,-0.14648298,1.16643438
2025-09-30,2025三季报,2025-3,2025三季度,parent_holder_net_profit,650932609.77,176546803.2400,0.13427972,-0.31456306,0.09765312
2025-09-30,2025三季报,2025-3,2025三季度,calc_per_net_assets,5.7277,,0.12248418,,
2025-09-30,2025三季报,2025-3,2025三季度,inventory_turnover_ratio,1.3708,,-0.11338206,,
2025-09-30,2025三季报,2025-3,2025三季度,conservative_quick_ratio,0.6266,,-0.14223135,,
2025-09-30,2025三季报,2025-3,2025三季度,equity_ratio,0.7612,,0.11026838,,
2025-09-30,2025三季报,2025-3,2025三季度,current_ratio,1.0754,,-0.08818043,,
2025-09-30,2025三季报,2025-3,2025三季度,basic_eps,1.148,0.3113,0.12109375,-0.31461911,0.09767278
2025-09-30,2025三季报,2025-3,2025三季度,business_cycle,234.7937,,0.13363764,,
2025-09-30,2025三季报,2025-3,2025三季度,receive_accounts_turnover_days,37.8284,,0.16458143,,
2025-09-30,2025三季报,2025-3,2025三季度,quick_ratio,0.6556,,-0.21952381,,
2025-09-30,2025三季报,2025-3,2025三季度,sale_gross_margin,81.0184,80.3295,0.08021221,-0.06205338,0.10525664
2025-09-30,2025三季报,2025-3,2025三季度,inventory_turnover_days,196.9653,,0.12788197,,
2025-09-30,2025三季报,2025-3,2025三季度,calculate_operating_income_total_yoy_growth_ratio,10.22956,10.43795000,0.01623745,0.27700403,0.79061475
2025-09-30,2025三季报,2025-3,2025三季度,sale_net_interest_ratio,21.4883,18.8576,0.03307148,-0.21519535,0.00051465
2025-09-30,2025三季报,2025-3,2025三季度,per_undistributed_profits,3.6042,,0.17707381,,
2025-09-30,2025三季报,2025-3,2025三季度,operating_income_total,3041361639.17,942156123.3600,0.1022956,-0.12637912,0.10437950
2025-09-30,2025三季报,2025-3,2025三季度,per_capital_reserve,0.6358,,0.06947014,,
2025-09-30,2025三季报,2025-3,2025三季度,index_full_diluted_roe,20.0395,5.5917,0.01051894,-0.30769231,-0.02707358
2025-09-30,2025三季报,2025-3,2025三季度,calculate_parent_holder_net_profit_yoy_growth_ratio,13.427972,9.76531200,-0.41871872,-0.37724588,0.25178638
2025-09-30,2025三季报,2025-3,2025三季度,assets_debt_ratio,42.9558,,0.05779275,,
2025-09-30,2025三季报,2025-3,2025三季度,index_deduct_holder_net_profit,605225066.74,162725925.9900,0.11774623,-0.31793528,0.10414667
2025-09-30,2025三季报,2025-3,2025三季度,index_weighted_avg_roe,20.4,5.7500,-0.00195695,-0.26658163,-0.12213740
2025-09-30,2025三季报,2025-3,2025三季度,pe_ttm,15.94,,,,
2025-09-30,2025三季报,2025-3,2025三季度,pb,4.07,,,,
2025-06-30,2025中报,2025-2,2025二季度,index_per_operating_cash_flow_net,0.627,0.4196,0.2236534,1.02314368,-0.03139428
2025-06-30,2025中报,2025-2,2025二季度,deduct_net_profit_yoy_growth_ratio,12.2832,12.2021,-0.60143032,-0.01422662,-0.59591280
2025-06-30,2025中报,2025-2,2025二季度,parent_holder_net_profit,474385806.53,257568266.4100,0.14854258,0.18794940,0.15680847
2025-06-30,2025中报,2025-2,2025二季度,calc_per_net_assets,5.407,,0.13439913,,
2025-06-30,2025中报,2025-2,2025二季度,inventory_turnover_ratio,0.9257,,-0.08119107,,
2025-06-30,2025中报,2025-2,2025二季度,conservative_quick_ratio,0.5384,,-0.21321058,,
2025-06-30,2025中报,2025-2,2025二季度,equity_ratio,0.8061,,0.08785425,,
2025-06-30,2025中报,2025-2,2025二季度,current_ratio,0.9802,,-0.09475434,,
2025-06-30,2025中报,2025-2,2025二季度,basic_eps,0.836,0.4542,0.1420765,0.18807219,0.15690270
2025-06-30,2025中报,2025-2,2025二季度,business_cycle,229.2805,,0.11548516,,
2025-06-30,2025中报,2025-2,2025二季度,receive_accounts_turnover_days,34.8331,,0.29571518,,
2025-06-30,2025中报,2025-2,2025二季度,quick_ratio,0.5753,,-0.25575679,,
2025-06-30,2025中报,2025-2,2025二季度,sale_gross_margin,81.3276,85.6440,0.06950896,0.11563126,0.12029824
2025-06-30,2025中报,2025-2,2025二季度,inventory_turnover_days,194.4474,,0.08836561,,
2025-06-30,2025中报,2025-2,2025二季度,calculate_operating_income_total_yoy_growth_ratio,10.136286,8.17378000,-0.16051382,-0.33484780,-0.12243085
2025-06-30,2025中报,2025-2,2025二季度,sale_net_interest_ratio,22.669,24.0284,0.04588824,0.13166955,0.07526458
2025-06-30,2025中报,2025-2,2025二季度,per_undistributed_profits,3.2929,,0.18791486,,
2025-06-30,2025中报,2025-2,2025二季度,operating_income_total,2099205515.81,1078449645.2600,0.10136286,0.05652064,0.08173780
2025-06-30,2025中报,2025-2,2025二季度,per_capital_reserve,0.6241,,0.07160027,,
2025-06-30,2025中报,2025-2,2025二季度,index_full_diluted_roe,15.4705,8.0769,0.01251366,0.18909091,0.02248300
2025-06-30,2025中报,2025-2,2025二季度,calculate_parent_holder_net_profit_yoy_growth_ratio,14.854258,15.68084700,-0.50979343,0.12913105,-0.45740086
2025-06-30,2025中报,2025-2,2025二季度,assets_debt_ratio,44.3614,,0.04403102,,
2025-06-30,2025中报,2025-2,2025二季度,index_deduct_holder_net_profit,442499140.75,238578423.5000,0.122832,0.16995677,0.12202125
2025-06-30,2025中报,2025-2,2025二季度,index_weighted_avg_roe,14.65,7.8400,0.05471562,0.15124816,0.07397260
2025-06-30,2025中报,2025-2,2025二季度,pe_ttm,17.92,,,,
2025-06-30,2025中报,2025-2,2025二季度,pb,4.05,,,,
2025-03-31,2025一季报,2025-1,2025一季度,index_per_operating_cash_flow_net,0.2074,0.2074,1.61868687,-0.77631579,1.61868687
2025-03-31,2025一季报,2025-1,2025一季度,deduct_net_profit_yoy_growth_ratio,12.3782,12.3782,-0.60771376,0.37323467,-0.60771376
2025-03-31,2025一季报,2025-1,2025一季度,parent_holder_net_profit,216817540.12,216817540.1200,0.13887535,0.45830644,0.13887535
2025-03-31,2025一季报,2025-1,2025一季度,calc_per_net_assets,5.8392,,0.1286968,,
2025-03-31,2025一季报,2025-1,2025一季度,inventory_turnover_ratio,0.5788,,0.209108,,
2025-03-31,2025一季报,2025-1,2025一季度,conservative_quick_ratio,0.5969,,-0.42484101,,
2025-03-31,2025一季报,2025-1,2025一季度,equity_ratio,0.6242,,-0.10212888,,
2025-03-31,2025一季报,2025-1,2025一季度,current_ratio,1.0092,,-0.32400027,,
2025-03-31,2025一季报,2025-1,2025一季度,basic_eps,0.383,0.3823,0.12647059,0.45804729,0.13881442
2025-03-31,2025一季报,2025-1,2025一季度,business_cycle,188.6775,,-0.12187681,,
2025-03-31,2025一季报,2025-1,2025一季度,receive_accounts_turnover_days,33.1834,,0.23563691,,
2025-03-31,2025一季报,2025-1,2025一季度,quick_ratio,0.6494,,-0.42914909,,
2025-03-31,2025一季报,2025-1,2025一季度,sale_gross_margin,76.7673,76.7673,0.01547809,-0.02645666,0.01547809
2025-03-31,2025一季报,2025-1,2025一季度,inventory_turnover_days,155.4941,,-0.1729442,,
2025-03-31,2025一季报,2025-1,2025一季度,calculate_operating_income_total_yoy_growth_ratio,12.288586,12.28858600,-0.19505957,2.57018794,-0.19505957
2025-03-31,2025一季报,2025-1,2025一季度,sale_net_interest_ratio,21.2327,21.2327,0.01411364,0.05925168,0.01411364
2025-03-31,2025一季报,2025-1,2025一季度,per_undistributed_profits,3.7388,,0.17761189,,
2025-03-31,2025一季报,2025-1,2025一季度,operating_income_total,1020755870.55,1020755870.5500,0.12288586,0.37621021,0.12288586
2025-03-31,2025一季报,2025-1,2025一季度,per_capital_reserve,0.6123,,0.05769563,,
2025-03-31,2025一季报,2025-1,2025一季度,index_full_diluted_roe,6.5474,6.7925,0.00906205,0.36288850,0.02132106
2025-03-31,2025一季报,2025-1,2025一季度,calculate_parent_holder_net_profit_yoy_growth_ratio,13.887535,13.88753500,-0.56576441,-0.69721769,-0.56576441
2025-03-31,2025一季报,2025-1,2025一季度,assets_debt_ratio,38.2012,,-0.06708931,,
2025-03-31,2025一季报,2025-1,2025一季度,index_deduct_holder_net_profit,203920717.25,203920717.2500,0.12378204,1.02540502,0.12378204
2025-03-31,2025一季报,2025-1,2025一季度,index_weighted_avg_roe,6.81,6.8100,0.03338392,0.56192661,0.03338392
2025-03-31,2025一季报,2025-1,2025一季度,pe_ttm,17.51,,,,
2025-03-31,2025一季报,2025-1,2025一季度,pb,4.09,,,,
2024-12-31,2024年报,2024-4,2024四季度,index_per_operating_cash_flow_net,1.5444,0.9272,0.07676218,7.84732824,0.72534425
2024-12-31,2024年报,2024-4,2024四季度,deduct_net_profit_yoy_growth_ratio,20.2022,9.0139,-0.34007343,0.87504420,-0.92681545
2024-12-31,2024年报,2024-4,2024四季度,parent_holder_net_profit,722550720.15,148677626.2900,0.27185159,-0.07561929,0.45866401
2024-12-31,2024年报,2024-4,2024四季度,calc_per_net_assets,5.4178,,0.10091035,,
2024-12-31,2024年报,2024-4,2024四季度,inventory_turnover_ratio,1.8764,,0.01180911,,
2024-12-31,2024年报,2024-4,2024四季度,conservative_quick_ratio,0.9104,,-0.12746789,,
2024-12-31,2024年报,2024-4,2024四季度,equity_ratio,0.6303,,-0.10848656,,
2024-12-31,2024年报,2024-4,2024四季度,current_ratio,1.3114,,-0.041164,,
2024-12-31,2024年报,2024-4,2024四季度,basic_eps,1.287,0.2622,0.27173913,-0.07545839,0.45909850
2024-12-31,2024年报,2024-4,2024四季度,business_cycle,221.5636,,0.01253492,,
2024-12-31,2024年报,2024-4,2024四季度,receive_accounts_turnover_days,29.7069,,0.20279129,,
2024-12-31,2024年报,2024-4,2024四季度,quick_ratio,0.9196,,-0.13064852,,
2024-12-31,2024年报,2024-4,2024四季度,sale_gross_margin,75.8183,78.8535,0.03445204,0.08494830,0.14052330
2024-12-31,2024年报,2024-4,2024四季度,inventory_turnover_days,191.8567,,-0.0116715,,
2024-12-31,2024年报,2024-4,2024四季度,calculate_operating_income_total_yoy_growth_ratio,5.718262,-7.82618800,-0.4455795,-2.34257088,-1.71038526
2024-12-31,2024年报,2024-4,2024四季度,sale_net_interest_ratio,20.6404,20.0450,0.20310096,0.06351371,0.58247085
2024-12-31,2024年报,2024-4,2024四季度,per_undistributed_profits,3.3418,,0.1770217,,
2024-12-31,2024年报,2024-4,2024四季度,operating_income_total,3500831286.92,741715084.7800,0.05718262,-0.13057410,-0.07826188
2024-12-31,2024年报,2024-4,2024四季度,per_capital_reserve,0.6006,,0.04415855,,
2024-12-31,2024年报,2024-4,2024四季度,index_full_diluted_roe,23.5165,4.9839,0.15533513,-0.13282759,0.34518219
2024-12-31,2024年报,2024-4,2024四季度,calculate_parent_holder_net_profit_yoy_growth_ratio,27.185159,45.86640100,0.23042801,4.87947791,-0.34471050
2024-12-31,2024年报,2024-4,2024四季度,assets_debt_ratio,38.601,,-0.06649706,,
2024-12-31,2024年报,2024-4,2024四季度,index_deduct_holder_net_profit,642150571.99,100681451.4100,0.20202151,-0.31684464,0.09013892
2024-12-31,2024年报,2024-4,2024四季度,index_weighted_avg_roe,24.8,4.3600,0.16541353,-0.33435115,0.19780220
2024-12-31,2024年报,2024-4,2024四季度,pe_ttm,17.8,,,,
2024-12-31,2024年报,2024-4,2024四季度,pb,4.16,,,,
2024-09-30,2024三季报,2024-3,2024三季度,index_per_operating_cash_flow_net,0.6172,0.1048,-0.31185193,-0.75807941,-0.48577036
2024-09-30,2024三季报,2024-3,2024三季度,deduct_net_profit_yoy_growth_ratio,22.5406,4.8073,0.11620836,-0.84080048,-0.48147469
2024-09-30,2024三季报,2024-3,2024三季度,parent_holder_net_profit,573873093.86,160840251.3200,0.23100644,-0.27762311,0.07801101
2024-09-30,2024三季报,2024-3,2024三季度,calc_per_net_assets,5.1027,,0.06744347,,
2024-09-30,2024三季报,2024-3,2024三季度,inventory_turnover_ratio,1.5461,,0.14373428,,
2024-09-30,2024三季报,2024-3,2024三季度,conservative_quick_ratio,0.7305,,-0.24206267,,
2024-09-30,2024三季报,2024-3,2024三季度,equity_ratio,0.6856,,-0.02848236,,
2024-09-30,2024三季报,2024-3,2024三季度,current_ratio,1.1794,,-0.11376616,,
2024-09-30,2024三季报,2024-3,2024三季度,basic_eps,1.024,0.2836,0.23373494,-0.27763627,0.07791714
2024-09-30,2024三季报,2024-3,2024三季度,business_cycle,207.1153,,-0.08423083,,
2024-09-30,2024三季报,2024-3,2024三季度,receive_accounts_turnover_days,32.4824,,0.22891831,,
2024-09-30,2024三季报,2024-3,2024三季度,quick_ratio,0.84,,-0.17671273,,
2024-09-30,2024三季报,2024-3,2024三季度,sale_gross_margin,75.0023,72.6795,0.00502766,-0.04928873,-0.00669271
2024-09-30,2024三季报,2024-3,2024三季度,inventory_turnover_days,174.6329,,-0.12567133,,
2024-09-30,2024三季报,2024-3,2024三季度,calculate_operating_income_total_yoy_growth_ratio,10.066112,5.82925500,-0.00238717,-0.37414827,0.42067559
2024-09-30,2024三季报,2024-3,2024三季度,sale_net_interest_ratio,20.8004,18.8479,0.11848148,-0.15656143,0.01862370
2024-09-30,2024三季报,2024-3,2024三季度,per_undistributed_profits,3.062,,0.15125766,,
2024-09-30,2024三季报,2024-3,2024三季度,operating_income_total,2759116202.14,853109028.8400,0.10066112,-0.14428987,0.05829255
2024-09-30,2024三季报,2024-3,2024三季度,per_capital_reserve,0.5945,,0.05501331,,
2024-09-30,2024三季报,2024-3,2024三季度,index_full_diluted_roe,19.8309,5.7473,0.15328115,-0.27242920,0.01186641
2024-09-30,2024三季报,2024-3,2024三季度,calculate_parent_holder_net_profit_yoy_growth_ratio,23.100644,7.80110100,0.53915833,-0.73006110,-0.26822915
2024-09-30,2024三季报,2024-3,2024三季度,assets_debt_ratio,40.6089,,-0.01688362,,
2024-09-30,2024三季报,2024-3,2024三季度,index_deduct_holder_net_profit,541469120.58,147377093.2300,0.22540646,-0.30689361,0.04807276
2024-09-30,2024三季报,2024-3,2024三季度,index_weighted_avg_roe,20.44,6.5500,0.15873016,-0.10273973,0.10084034
2024-09-30,2024三季报,2024-3,2024三季度,pe_ttm,16.38,,,,
2024-09-30,2024三季报,2024-3,2024三季度,pb,4.02,,,,
2024-06-30,2024中报,2024-2,2024二季度,index_per_operating_cash_flow_net,0.5124,0.4332,-0.26071274,4.46969697,-0.21150346
2024-06-30,2024中报,2024-2,2024二季度,deduct_net_profit_yoy_growth_ratio,30.8182,30.1967,0.18183352,-0.04301515,0.39282387
2024-06-30,2024中报,2024-2,2024二季度,parent_holder_net_profit,413032842.54,222654202.6200,0.30302038,0.16953353,0.28899506
2024-06-30,2024中报,2024-2,2024二季度,calc_per_net_assets,4.7664,,0.06347754,,
2024-06-30,2024中报,2024-2,2024二季度,inventory_turnover_ratio,1.0075,,0.13011778,,
2024-06-30,2024中报,2024-2,2024二季度,conservative_quick_ratio,0.6843,,-0.33800909,,
2024-06-30,2024中报,2024-2,2024二季度,equity_ratio,0.741,,0.04927782,,
2024-06-30,2024中报,2024-2,2024二季度,current_ratio,1.0828,,-0.22167913,,
2024-06-30,2024中报,2024-2,2024二季度,basic_eps,0.732,0.3926,0.30017762,0.16949657,0.28932677
2024-06-30,2024中报,2024-2,2024二季度,business_cycle,205.5433,,-0.09213526,,
2024-06-30,2024中报,2024-2,2024二季度,receive_accounts_turnover_days,26.8833,,0.09745225,,
2024-06-30,2024中报,2024-2,2024二季度,quick_ratio,0.773,,-0.25701653,,
2024-06-30,2024中报,2024-2,2024二季度,sale_gross_margin,76.042,76.4475,0.00961124,0.01124777,0.02936167
2024-06-30,2024中报,2024-2,2024二季度,inventory_turnover_days,178.66,,-0.11513673,,
2024-06-30,2024中报,2024-2,2024二季度,calculate_operating_income_total_yoy_growth_ratio,12.074393,9.31411500,-0.08356424,-0.38989663,-0.16434301
2024-06-30,2024中报,2024-2,2024二季度,sale_net_interest_ratio,21.6744,22.3465,0.16270237,0.06731082,0.17909794
2024-06-30,2024中报,2024-2,2024二季度,per_undistributed_profits,2.772,,0.1569765,,
2024-06-30,2024中报,2024-2,2024二季度,operating_income_total,1906007173.3,996960305.6000,0.12074393,0.09670947,0.09314115
2024-06-30,2024中报,2024-2,2024二季度,per_capital_reserve,0.5824,,0.0396287,,
2024-06-30,2024中报,2024-2,2024二季度,index_full_diluted_roe,15.2793,7.8993,0.22557953,0.18773964,0.19849795
2024-06-30,2024中报,2024-2,2024二季度,calculate_parent_holder_net_profit_yoy_growth_ratio,30.302038,28.89950600,0.76423797,-0.09636995,0.22413830
2024-06-30,2024中报,2024-2,2024二季度,assets_debt_ratio,42.4905,,0.0283476,,
2024-06-30,2024中报,2024-2,2024二季度,index_deduct_holder_net_profit,394092027.35,212632714.0200,0.30818166,0.17179278,0.30196683
2024-06-30,2024中报,2024-2,2024二季度,index_weighted_avg_roe,13.89,7.3000,0.18819504,0.10773900,0.17932149
2024-06-30,2024中报,2024-2,2024二季度,pe_ttm,22.44,,,,
2024-06-30,2024中报,2024-2,2024二季度,pb,4.7,,,,
2024-03-31,2024一季报,2024-1,2024一季度,index_per_operating_cash_flow_net,0.0792,0.0792,-0.44885177,-0.85262374,-0.44885177
2024-03-31,2024一季报,2024-1,2024一季度,deduct_net_profit_yoy_growth_ratio,31.554,31.5540,-0.0049541,-0.74381062,-0.00495410
2024-03-31,2024一季报,2024-1,2024一季度,parent_holder_net_profit,190378639.92,190378639.9200,0.31981568,0.86778923,0.31981568
2024-03-31,2024一季报,2024-1,2024一季度,calc_per_net_assets,5.1734,,0.08769422,,
2024-03-31,2024一季报,2024-1,2024一季度,inventory_turnover_ratio,0.4787,,0.26472919,,
2024-03-31,2024一季报,2024-1,2024一季度,conservative_quick_ratio,1.0378,,-0.06622278,,
2024-03-31,2024一季报,2024-1,2024一季度,equity_ratio,0.6952,,0.05110372,,
2024-03-31,2024一季报,2024-1,2024一季度,current_ratio,1.4929,,-0.01860373,,
2024-03-31,2024一季报,2024-1,2024一季度,basic_eps,0.34,0.3357,0.30769231,0.86811352,0.32061369
2024-03-31,2024一季报,2024-1,2024一季度,business_cycle,214.8645,,-0.17694033,,
2024-03-31,2024一季报,2024-1,2024一季度,receive_accounts_turnover_days,26.8553,,0.15382104,,
2024-03-31,2024一季报,2024-1,2024一季度,quick_ratio,1.1376,,-0.01693744,,
2024-03-31,2024一季报,2024-1,2024一季度,sale_gross_margin,75.5972,75.5972,-0.01223902,0.09342474,-0.01223902
2024-03-31,2024一季报,2024-1,2024一季度,inventory_turnover_days,188.0092,,-0.20931682,,
2024-03-31,2024一季报,2024-1,2024一季度,calculate_operating_income_total_yoy_growth_ratio,15.266454,15.26645400,-0.02243335,0.38574028,-0.02243335
2024-03-31,2024一季报,2024-1,2024一季度,sale_net_interest_ratio,20.9372,20.9372,0.14523575,0.65290639,0.14523575
2024-03-31,2024一季报,2024-1,2024一季度,per_undistributed_profits,3.1749,,0.18144606,,
2024-03-31,2024一季报,2024-1,2024一季度,operating_income_total,909046867.7,909046867.7000,0.15266454,0.12968331,0.15266454
2024-03-31,2024一季报,2024-1,2024一季度,per_capital_reserve,0.5789,,0.04797248,,
2024-03-31,2024一季报,2024-1,2024一季度,index_full_diluted_roe,6.4886,6.6507,0.21407054,0.79506073,0.21027442
2024-03-31,2024一季报,2024-1,2024一季度,calculate_parent_holder_net_profit_yoy_growth_ratio,31.981568,31.98156800,2.10435258,-0.54308197,2.10435258
2024-03-31,2024一季报,2024-1,2024一季度,assets_debt_ratio,40.9484,,0.03036357,,
2024-03-31,2024一季报,2024-1,2024一季度,index_deduct_holder_net_profit,181459313.33,181459313.3300,0.31554008,0.96476965,0.31554008
2024-03-31,2024一季报,2024-1,2024一季度,index_weighted_avg_roe,6.59,6.5900,0.19818182,0.81043956,0.19818182
2024-03-31,2024一季报,2024-1,2024一季度,pe_ttm,22.61,,,,
2024-03-31,2024一季报,2024-1,2024一季度,pb,4.39,,,,
2023-12-31,2023年报,2023-4,2023四季度,index_per_operating_cash_flow_net,1.4343,0.5374,-0.02514783,1.63689892,-0.14426752
2023-12-31,2023年报,2023-4,2023四季度,deduct_net_profit_yoy_growth_ratio,30.6128,123.1667,1.00289186,12.28501472,23.46337771
2023-12-31,2023年报,2023-4,2023四季度,parent_holder_net_profit,568109302.85,101927260.6700,0.22094067,-0.31684570,0.69994103
2023-12-31,2023年报,2023-4,2023四季度,calc_per_net_assets,4.9212,,0.0947434,,
2023-12-31,2023年报,2023-4,2023四季度,inventory_turnover_ratio,1.8545,,0.01940413,,
2023-12-31,2023年报,2023-4,2023四季度,conservative_quick_ratio,1.0434,,-0.00675869,,
2023-12-31,2023年报,2023-4,2023四季度,equity_ratio,0.707,,0.00985573,,
2023-12-31,2023年报,2023-4,2023四季度,current_ratio,1.3677,,-0.06654382,,
2023-12-31,2023年报,2023-4,2023四季度,basic_eps,1.012,0.1797,0.21052632,-0.31698974,0.70009461
2023-12-31,2023年报,2023-4,2023四季度,business_cycle,218.8207,,-0.00539753,,
2023-12-31,2023年报,2023-4,2023四季度,receive_accounts_turnover_days,24.6983,,0.11661015,,
2023-12-31,2023年报,2023-4,2023四季度,quick_ratio,1.0578,,-0.02802536,,
2023-12-31,2023年报,2023-4,2023四季度,sale_gross_margin,73.2932,69.1380,0.01401631,-0.05509422,-0.00179751
2023-12-31,2023年报,2023-4,2023四季度,inventory_turnover_days,194.1224,,-0.01903489,,
2023-12-31,2023年报,2023-4,2023四季度,calculate_operating_income_total_yoy_growth_ratio,10.313944,11.01682200,-0.09905614,1.68496234,-0.16365991
2023-12-31,2023年报,2023-4,2023四季度,sale_net_interest_ratio,17.156,12.6669,0.10673875,-0.31542482,0.53239133
2023-12-31,2023年报,2023-4,2023四季度,per_undistributed_profits,2.8392,,0.16690642,,
2023-12-31,2023年报,2023-4,2023四季度,operating_income_total,3311472606.54,804691773.0900,0.10313944,-0.00176967,0.11016822
2023-12-31,2023年报,2023-4,2023四季度,per_capital_reserve,0.5752,,0.05347985,,
2023-12-31,2023年报,2023-4,2023四季度,index_full_diluted_roe,20.3547,3.7050,0.1158335,-0.34769978,0.54310704
2023-12-31,2023年报,2023-4,2023四季度,calculate_parent_holder_net_profit_yoy_growth_ratio,22.094067,69.99410300,-0.23016582,5.56569432,-0.03114535
2023-12-31,2023年报,2023-4,2023四季度,assets_debt_ratio,41.3507,,0.00588928,,
2023-12-31,2023年报,2023-4,2023四季度,index_deduct_holder_net_profit,534225526.92,92356533.1400,0.30604461,-0.34320616,1.23025290
2023-12-31,2023年报,2023-4,2023四季度,index_weighted_avg_roe,21.28,3.6400,0.10373444,-0.38823529,0.64705882
2023-12-31,2023年报,2023-4,2023四季度,pe_ttm,17.84,,,,
2023-12-31,2023年报,2023-4,2023四季度,pb,3.46,,,,
2023-09-30,2023三季报,2023-3,2023三季度,index_per_operating_cash_flow_net,0.8969,0.2038,0.06355982,-0.62904987,-0.33852645
2023-09-30,2023三季报,2023-3,2023三季度,deduct_net_profit_yoy_growth_ratio,20.1939,9.2711,0.10894563,-0.57237018,-0.61374601
2023-09-30,2023三季报,2023-3,2023三季度,parent_holder_net_profit,466182042.18,149200935.9900,0.15008621,-0.13624236,0.10660579
2023-09-30,2023三季报,2023-3,2023三季度,calc_per_net_assets,4.7803,,0.10911833,,
2023-09-30,2023三季报,2023-3,2023三季度,inventory_turnover_ratio,1.3518,,-0.04735729,,
2023-09-30,2023三季报,2023-3,2023三季度,conservative_quick_ratio,0.9638,,-0.12596354,,
2023-09-30,2023三季报,2023-3,2023三季度,equity_ratio,0.7057,,0.04749889,,
2023-09-30,2023三季报,2023-3,2023三季度,current_ratio,1.3308,,-0.12077167,,
2023-09-30,2023三季报,2023-3,2023三季度,basic_eps,0.83,0.2631,0.13079019,-0.13596059,0.10732323
2023-09-30,2023三季报,2023-3,2023三季度,business_cycle,226.1654,,0.04539763,,
2023-09-30,2023三季报,2023-3,2023三季度,receive_accounts_turnover_days,26.4317,,0.01390919,,
2023-09-30,2023三季报,2023-3,2023三季度,quick_ratio,1.0203,,-0.11754022,,
2023-09-30,2023三季报,2023-3,2023三季度,sale_gross_margin,74.6271,73.1692,0.01892937,-0.01478047,-0.01712032
2023-09-30,2023三季报,2023-3,2023三季度,inventory_turnover_days,199.7337,,0.04971179,,
2023-09-30,2023三季报,2023-3,2023三季度,calculate_operating_income_total_yoy_growth_ratio,10.090199,4.10315700,-0.07513224,-0.63186714,-0.62728231
2023-09-30,2023三季报,2023-3,2023三季度,sale_net_interest_ratio,18.597,18.5033,0.04450535,-0.02368590,0.06296209
2023-09-30,2023三季报,2023-3,2023三季度,per_undistributed_profits,2.6597,,0.12465643,,
2023-09-30,2023三季报,2023-3,2023三季度,operating_income_total,2506780833.45,806118337.8900,0.10090199,-0.11611212,0.04103157
2023-09-30,2023三季报,2023-3,2023三季度,per_capital_reserve,0.5635,,0.06925996,,
2023-09-30,2023三季报,2023-3,2023三季度,index_full_diluted_roe,17.1952,5.6799,0.03751795,-0.13823396,-0.00368363
2023-09-30,2023三季报,2023-3,2023三季度,calculate_parent_holder_net_profit_yoy_growth_ratio,15.008621,10.66057900,-0.37621255,-0.54843439,-0.58879530
2023-09-30,2023三季报,2023-3,2023三季度,assets_debt_ratio,41.3063,,0.02811324,,
2023-09-30,2023三季报,2023-3,2023三季度,index_deduct_holder_net_profit,441868993.78,140617234.5800,0.20193941,-0.13898961,0.09271133
2023-09-30,2023三季报,2023-3,2023三季度,index_weighted_avg_roe,17.64,5.9500,0.03339192,-0.03877221,0.04203152
2023-09-30,2023三季报,2023-3,2023三季度,pe_ttm,19.58,,,,
2023-09-30,2023三季报,2023-3,2023三季度,pb,3.94,,,,
2023-06-30,2023中报,2023-2,2023二季度,index_per_operating_cash_flow_net,0.6931,0.5494,0.2950299,2.82324287,0.43446475
2023-06-30,2023中报,2023-2,2023二季度,deduct_net_profit_yoy_growth_ratio,26.0766,21.6802,0.70335097,-0.31632141,0.46659271
2023-06-30,2023中报,2023-2,2023二季度,parent_holder_net_profit,316981106.19,172734721.2900,0.17175709,0.19749775,0.23608040
2023-06-30,2023中报,2023-2,2023二季度,calc_per_net_assets,4.4819,,0.11337722,,
2023-06-30,2023中报,2023-2,2023二季度,inventory_turnover_ratio,0.8915,,-0.07472756,,
2023-06-30,2023中报,2023-2,2023二季度,conservative_quick_ratio,1.0337,,0.11969237,,
2023-06-30,2023中报,2023-2,2023二季度,equity_ratio,0.7062,,-0.03852961,,
2023-06-30,2023中报,2023-2,2023二季度,current_ratio,1.3912,,0.01082613,,
2023-06-30,2023中报,2023-2,2023二季度,basic_eps,0.563,0.3045,0.14897959,0.19787569,0.23629720
2023-06-30,2023中报,2023-2,2023二季度,business_cycle,226.403,,0.06781225,,
2023-06-30,2023中报,2023-2,2023二季度,receive_accounts_turnover_days,24.4961,,-0.02817164,,
2023-06-30,2023中报,2023-2,2023二季度,quick_ratio,1.0404,,0.02999703,,
2023-06-30,2023中报,2023-2,2023二季度,sale_gross_margin,75.3181,74.2669,0.03714368,-0.02962086,0.05102800
2023-06-30,2023中报,2023-2,2023二季度,inventory_turnover_days,201.9069,,0.08076271,,
2023-06-30,2023中报,2023-2,2023二季度,calculate_operating_income_total_yoy_growth_ratio,13.175384,11.14585900,0.21331433,-0.28629006,0.56797517
2023-06-30,2023中报,2023-2,2023二季度,sale_net_interest_ratio,18.6414,18.9522,0.03509853,0.03665901,0.11145516
2023-06-30,2023中报,2023-2,2023二季度,per_undistributed_profits,2.3959,,0.12626334,,
2023-06-30,2023中报,2023-2,2023二季度,operating_income_total,1700662495.56,912014246.5000,0.13175384,0.15642715,0.11145859
2023-06-30,2023中报,2023-2,2023二季度,per_capital_reserve,0.5602,,0.09714062,,
2023-06-30,2023中报,2023-2,2023二季度,index_full_diluted_roe,12.467,6.5910,0.05274269,0.19941039,0.11176709
2023-06-30,2023中报,2023-2,2023二季度,calculate_parent_holder_net_profit_yoy_growth_ratio,17.175709,23.60804000,-0.25811798,1.29155993,0.74431895
2023-06-30,2023中报,2023-2,2023二季度,assets_debt_ratio,41.3192,,-0.02234084,,
2023-06-30,2023中报,2023-2,2023二季度,index_deduct_holder_net_profit,301251759.2,163316536.4900,0.26076581,0.18400894,0.21680192
2023-06-30,2023中报,2023-2,2023二季度,index_weighted_avg_roe,11.69,6.1900,0.0290493,0.12545455,0.07093426
2023-06-30,2023中报,2023-2,2023二季度,pe_ttm,18.39,,,,
2023-06-30,2023中报,2023-2,2023二季度,pb,3.26,,,,
2023-03-31,2023一季报,2023-1,2023一季度,index_per_operating_cash_flow_net,0.1437,0.1437,-0.05584757,-0.77117834,-0.05584757
2023-03-31,2023一季报,2023-1,2023一季度,deduct_net_profit_yoy_growth_ratio,31.7111,31.7111,0.98312123,6.78353091,0.98312123
2023-03-31,2023一季报,2023-1,2023一季度,parent_holder_net_profit,144246384.9,144246384.9000,0.1030217,1.40573863,0.10302170
2023-03-31,2023一季报,2023-1,2023一季度,calc_per_net_assets,4.7563,,0.11066225,,
2023-03-31,2023一季报,2023-1,2023一季度,inventory_turnover_ratio,0.3785,,-0.02398143,,
2023-03-31,2023一季报,2023-1,2023一季度,conservative_quick_ratio,1.1114,,0.16413533,,
2023-03-31,2023一季报,2023-1,2023一季度,equity_ratio,0.6614,,-0.0063101,,
2023-03-31,2023一季报,2023-1,2023一季度,current_ratio,1.5212,,0.07986086,,
2023-03-31,2023一季报,2023-1,2023一季度,basic_eps,0.26,0.2542,0.09704641,1.40491958,0.10281996
2023-03-31,2023一季报,2023-1,2023一季度,business_cycle,261.0558,,0.02101791,,
2023-03-31,2023一季报,2023-1,2023一季度,receive_accounts_turnover_days,23.2751,,-0.01391319,,
2023-03-31,2023一季报,2023-1,2023一季度,quick_ratio,1.1572,,0.15373878,,
2023-03-31,2023一季报,2023-1,2023一季度,sale_gross_margin,76.5339,76.5339,0.02075278,0.10498322,0.02075278
2023-03-31,2023一季报,2023-1,2023一季度,inventory_turnover_days,237.7807,,0.02457058,,
2023-03-31,2023一季报,2023-1,2023一季度,calculate_operating_income_total_yoy_growth_ratio,15.616791,15.61679100,-0.00745319,0.18554592,-0.00745319
2023-03-31,2023一季报,2023-1,2023一季度,sale_net_interest_ratio,18.282,18.2820,-0.04588937,1.21168387,-0.04588937
2023-03-31,2023一季报,2023-1,2023一季度,per_undistributed_profits,2.6873,,0.12997225,,
2023-03-31,2023一季报,2023-1,2023一季度,operating_income_total,788648249.06,788648249.0600,0.15616791,0.08803426,0.15616791
2023-03-31,2023一季报,2023-1,2023一季度,per_capital_reserve,0.5524,,0.11935157,,
2023-03-31,2023一季报,2023-1,2023一季度,index_full_diluted_roe,5.3445,5.4952,-0.00685695,1.28871304,-0.01060478
2023-03-31,2023一季报,2023-1,2023一季度,calculate_parent_holder_net_profit_yoy_growth_ratio,10.30217,10.30217000,-0.70904837,-0.85739791,-0.70904837
2023-03-31,2023一季报,2023-1,2023一季度,assets_debt_ratio,39.7417,,-0.00368276,,
2023-03-31,2023一季报,2023-1,2023一季度,index_deduct_holder_net_profit,137935222.71,137935222.7100,0.31711058,2.33090059,0.31711058
2023-03-31,2023一季报,2023-1,2023一季度,index_weighted_avg_roe,5.5,5.5000,-0.01433692,1.48868778,-0.01433692
2023-03-31,2023一季报,2023-1,2023一季度,pe_ttm,19.56,,,,
2023-03-31,2023一季报,2023-1,2023一季度,pb,3.52,,,,
2022-12-31,2022年报,2022-4,2022四季度,index_per_operating_cash_flow_net,1.4713,0.6280,-0.01221887,1.03829925,0.64268899
2022-12-31,2022年报,2022-4,2022四季度,deduct_net_profit_yoy_growth_ratio,15.2843,-5.4830,-0.17222872,-1.22843359,-1.82067324
2022-12-31,2022年报,2022-4,2022四季度,parent_holder_net_profit,465304594.1,59959291.9300,0.28699774,-0.55528898,0.72244173
2022-12-31,2022年报,2022-4,2022四季度,calc_per_net_assets,4.4953,,0.11990533,,
2022-12-31,2022年报,2022-4,2022四季度,inventory_turnover_ratio,1.8192,,-0.00268626,,
2022-12-31,2022年报,2022-4,2022四季度,conservative_quick_ratio,1.0505,,0.0121399,,
2022-12-31,2022年报,2022-4,2022四季度,equity_ratio,0.7001,,0.0591528,,
2022-12-31,2022年报,2022-4,2022四季度,current_ratio,1.4652,,-0.01160281,,
2022-12-31,2022年报,2022-4,2022四季度,basic_eps,0.836,0.1057,0.28615385,-0.55513468,0.72430669
2022-12-31,2022年报,2022-4,2022四季度,business_cycle,220.0082,,0.00620899,,
2022-12-31,2022年报,2022-4,2022四季度,receive_accounts_turnover_days,22.119,,0.03879209,,
2022-12-31,2022年报,2022-4,2022四季度,quick_ratio,1.0883,,0.02795882,,
2022-12-31,2022年报,2022-4,2022四季度,sale_gross_margin,72.2801,69.2625,-0.02681506,-0.06959890,-0.01995118
2022-12-31,2022年报,2022-4,2022四季度,inventory_turnover_days,197.8892,,0.00269359,,
2022-12-31,2022年报,2022-4,2022四季度,calculate_operating_income_total_yoy_growth_ratio,11.447932,13.17265800,-0.26252358,0.19656223,0.31533541
2022-12-31,2022年报,2022-4,2022四季度,sale_net_interest_ratio,15.5014,8.2661,0.15180966,-0.52513601,0.51504765
2022-12-31,2022年报,2022-4,2022四季度,per_undistributed_profits,2.4331,,0.13346688,,
2022-12-31,2022年报,2022-4,2022四季度,operating_income_total,3001862213.98,724837696.0100,0.11447932,-0.06393530,0.13172658
2022-12-31,2022年报,2022-4,2022四季度,per_capital_reserve,0.546,,0.13963682,,
2022-12-31,2022年报,2022-4,2022四季度,index_full_diluted_roe,18.2417,2.4010,0.14986574,-0.57883843,0.55949597
2022-12-31,2022年报,2022-4,2022四季度,calculate_parent_holder_net_profit_yoy_growth_ratio,28.699774,72.24417300,1.59100774,1.78663511,2.91383313
2022-12-31,2022年报,2022-4,2022四季度,assets_debt_ratio,41.1086,,0.03503008,,
2022-12-31,2022年报,2022-4,2022四季度,index_deduct_holder_net_profit,409040795.11,41410789.3700,0.15284286,-0.67820418,-0.05482977
2022-12-31,2022年报,2022-4,2022四季度,index_weighted_avg_roe,19.28,2.2100,0.21105528,-0.61295972,0.16315789
2022-12-31,2022年报,2022-4,2022四季度,pe_ttm,16.94,,,,
2022-12-31,2022年报,2022-4,2022四季度,pb,3.05,,,,
2022-09-30,2022三季报,2022-3,2022三季度,index_per_operating_cash_flow_net,0.8433,0.3081,-0.23834899,-0.19556136,0.72122905
2022-09-30,2022三季报,2022-3,2022三季度,deduct_net_profit_yoy_growth_ratio,18.21,24.0026,-0.1045877,0.62369527,0.28588572
2022-09-30,2022三季报,2022-3,2022三季度,parent_holder_net_profit,405345302.17,134827539.0300,0.24060473,-0.03518137,0.25925236
2022-09-30,2022三季报,2022-3,2022三季度,calc_per_net_assets,4.31,,0.09102876,,
2022-09-30,2022三季报,2022-3,2022三季度,inventory_turnover_ratio,1.419,,0.01255887,,
2022-09-30,2022三季报,2022-3,2022三季度,conservative_quick_ratio,1.1027,,0.04402575,,
2022-09-30,2022三季报,2022-3,2022三季度,equity_ratio,0.6737,,0.03154188,,
2022-09-30,2022三季报,2022-3,2022三季度,current_ratio,1.5136,,-0.0163764,,
2022-09-30,2022三季报,2022-3,2022三季度,basic_eps,0.734,0.2376,0.25470085,-0.03532278,0.25980912
2022-09-30,2022三季报,2022-3,2022三季度,business_cycle,216.3439,,-0.01649346,,
2022-09-30,2022三季报,2022-3,2022三季度,receive_accounts_turnover_days,26.0691,,-0.04535018,,
2022-09-30,2022三季报,2022-3,2022三季度,quick_ratio,1.1562,,0.06581858,,
2022-09-30,2022三季报,2022-3,2022三季度,sale_gross_margin,73.2407,74.4437,-0.02856836,0.05353008,-0.01872295
2022-09-30,2022三季报,2022-3,2022三季度,inventory_turnover_days,190.2748,,-0.01240343,,
2022-09-30,2022三季报,2022-3,2022三季度,calculate_operating_income_total_yoy_growth_ratio,10.909883,11.00875300,-0.37141347,0.54868740,-0.48422271
2022-09-30,2022三季报,2022-3,2022三季度,sale_net_interest_ratio,17.8046,17.4073,0.11594703,0.02085423,0.13193916
2022-09-30,2022三季报,2022-3,2022三季度,per_undistributed_profits,2.3649,,0.09046894,,
2022-09-30,2022三季报,2022-3,2022三季度,operating_income_total,2277024517.97,774345720.4000,0.10909883,-0.05631605,0.11008753
2022-09-30,2022三季报,2022-3,2022三季度,per_capital_reserve,0.527,,0.16002641,,
2022-09-30,2022三季报,2022-3,2022三季度,index_full_diluted_roe,16.5734,5.7009,0.13779846,-0.03837460,0.16855245
2022-09-30,2022三季报,2022-3,2022三季度,calculate_parent_holder_net_profit_yoy_growth_ratio,24.060473,25.92523600,0.13466545,0.91552879,0.60694412
2022-09-30,2022三季报,2022-3,2022三季度,assets_debt_ratio,40.1768,,0.0189554,,
2022-09-30,2022三季报,2022-3,2022三季度,index_deduct_holder_net_profit,367630005.74,128686535.2400,0.18209959,-0.04121147,0.24002625
2022-09-30,2022三季报,2022-3,2022三季度,index_weighted_avg_roe,17.07,5.7100,0.21754636,-0.01211073,0.22795699
2022-09-30,2022三季报,2022-3,2022三季度,pe_ttm,15.88,,,,
2022-09-30,2022三季报,2022-3,2022三季度,pb,2.87,,,,
2022-06-30,2022中报,2022-2,2022二季度,index_per_operating_cash_flow_net,0.5352,0.3830,-0.42340013,1.51642576,-0.27912667
2022-06-30,2022中报,2022-2,2022二季度,deduct_net_profit_yoy_growth_ratio,15.309,14.7827,-0.27758771,-0.07553235,-0.29180600
2022-06-30,2022中报,2022-2,2022二季度,parent_holder_net_profit,270517763.14,139743921.1200,0.23151537,0.06859230,0.13534245
2022-06-30,2022中报,2022-2,2022二季度,calc_per_net_assets,4.0255,,0.06494709,,
2022-06-30,2022中报,2022-2,2022二季度,inventory_turnover_ratio,0.9635,,-0.04481015,,
2022-06-30,2022中报,2022-2,2022二季度,conservative_quick_ratio,0.9232,,-0.03953392,,
2022-06-30,2022中报,2022-2,2022二季度,equity_ratio,0.7345,,0.08637775,,
2022-06-30,2022中报,2022-2,2022二季度,current_ratio,1.3763,,-0.05810293,,
2022-06-30,2022中报,2022-2,2022二季度,basic_eps,0.49,0.2463,0.25641026,0.06854664,0.13607011
2022-06-30,2022中报,2022-2,2022二季度,business_cycle,212.0251,,0.04237439,,
2022-06-30,2022中报,2022-2,2022二季度,receive_accounts_turnover_days,25.2062,,0.00992852,,
2022-06-30,2022中报,2022-2,2022二季度,quick_ratio,1.0101,,-0.04110499,,
2022-06-30,2022中报,2022-2,2022二季度,sale_gross_margin,72.6207,70.6612,-0.03369398,-0.05757296,-0.03559477
2022-06-30,2022中报,2022-2,2022二季度,inventory_turnover_days,186.8189,,0.0469124,,
2022-06-30,2022中报,2022-2,2022二季度,calculate_operating_income_total_yoy_growth_ratio,10.859003,7.10844100,-0.29507532,-0.54821318,-0.41219092
2022-06-30,2022中报,2022-2,2022二季度,sale_net_interest_ratio,18.0093,17.0517,0.10817596,-0.11009691,0.05600936
2022-06-30,2022中报,2022-2,2022二季度,per_undistributed_profits,2.1273,,0.07433968,,
2022-06-30,2022中报,2022-2,2022二季度,operating_income_total,1502678797.57,820556207.0000,0.10859003,0.20294536,0.07108441
2022-06-30,2022中报,2022-2,2022二季度,per_capital_reserve,0.5106,,-0.09291171,,
2022-06-30,2022中报,2022-2,2022二季度,index_full_diluted_roe,11.8424,5.9284,0.15711717,0.06739166,0.10031738
2022-06-30,2022中报,2022-2,2022二季度,calculate_parent_holder_net_profit_yoy_growth_ratio,23.151537,13.53424500,-0.0289208,-0.61776882,-0.38645875
2022-06-30,2022中报,2022-2,2022二季度,assets_debt_ratio,42.2634,,0.05063055,,
2022-06-30,2022中报,2022-2,2022二季度,index_deduct_holder_net_profit,238943470.5,134217849.6400,0.15308953,0.28161427,0.14782730
2022-06-30,2022中报,2022-2,2022二季度,index_weighted_avg_roe,11.36,5.7800,0.21237994,0.03584229,0.09469697
2022-06-30,2022中报,2022-2,2022二季度,pe_ttm,18.0,,,,
2022-06-30,2022中报,2022-2,2022二季度,pb,2.93,,,,
2022-03-31,2022一季报,2022-1,2022一季度,index_per_operating_cash_flow_net,0.1522,0.1522,-0.61652809,-0.60188334,-0.61652809
2022-03-31,2022一季报,2022-1,2022一季度,deduct_net_profit_yoy_growth_ratio,15.9905,15.9905,-0.2598841,1.39339330,-0.25988410
2022-03-31,2022一季报,2022-1,2022一季度,parent_holder_net_profit,130773842.02,130773842.0200,0.35408532,2.75672086,0.35408532
2022-03-31,2022一季报,2022-1,2022一季度,calc_per_net_assets,4.2824,,0.00367966,,
2022-03-31,2022一季报,2022-1,2022一季度,inventory_turnover_ratio,0.3878,,-0.01971689,,
2022-03-31,2022一季报,2022-1,2022一季度,conservative_quick_ratio,0.9547,,-0.30007331,,
2022-03-31,2022一季报,2022-1,2022一季度,equity_ratio,0.6656,,0.20514213,,
2022-03-31,2022一季报,2022-1,2022一季度,current_ratio,1.4087,,-0.19452227,,
2022-03-31,2022一季报,2022-1,2022一季度,basic_eps,0.237,0.2305,0.39411765,2.76019576,0.35508524
2022-03-31,2022一季报,2022-1,2022一季度,business_cycle,255.6819,,0.01432413,,
2022-03-31,2022一季报,2022-1,2022一季度,receive_accounts_turnover_days,23.6035,,-0.03928576,,
2022-03-31,2022一季报,2022-1,2022一季度,quick_ratio,1.003,,-0.28218708,,
2022-03-31,2022一季报,2022-1,2022一季度,sale_gross_margin,74.9779,74.9779,-0.03380862,0.06092044,-0.03380862
2022-03-31,2022一季报,2022-1,2022一季度,inventory_turnover_days,232.0784,,0.02011363,,
2022-03-31,2022一季报,2022-1,2022一季度,calculate_operating_income_total_yoy_growth_ratio,15.73406,15.73406000,-0.2137995,0.57110025,-0.21379950
2022-03-31,2022一季报,2022-1,2022一季度,sale_net_interest_ratio,19.1613,19.1613,0.16934165,2.51196848,0.16934165
2022-03-31,2022一季报,2022-1,2022一季度,per_undistributed_profits,2.3782,,0.10439305,,
2022-03-31,2022一季报,2022-1,2022一季度,operating_income_total,682122590.57,682122590.5700,0.1573406,0.06503328,0.15734060
2022-03-31,2022一季报,2022-1,2022一季度,per_capital_reserve,0.4935,,-0.1232901,,
2022-03-31,2022一季报,2022-1,2022一季度,index_full_diluted_roe,5.3814,5.5541,0.3499398,2.60749545,0.36166614
2022-03-31,2022一季报,2022-1,2022一季度,calculate_parent_holder_net_profit_yoy_growth_ratio,35.408532,35.40853200,0.35205166,1.93801367,0.35205166
2022-03-31,2022一季报,2022-1,2022一季度,assets_debt_ratio,39.8886,,0.12398348,,
2022-03-31,2022一季报,2022-1,2022一季度,index_deduct_holder_net_profit,104725620.86,104725620.8600,0.15990466,1.39028381,0.15990466
2022-03-31,2022一季报,2022-1,2022一季度,index_weighted_avg_roe,5.58,5.5800,0.36430318,1.93684211,0.36430318
2022-03-31,2022一季报,2022-1,2022一季度,pe_ttm,20.16,,,,
2022-03-31,2022一季报,2022-1,2022一季度,pb,3.44,,,,
2021-12-31,2021年报,2021-4,2021四季度,index_per_operating_cash_flow_net,1.4895,0.3823,0.87712665,1.13575419,0.93080808
2021-12-31,2021年报,2021-4,2021四季度,deduct_net_profit_yoy_growth_ratio,18.4644,6.6811,2.45768806,-0.64207498,-0.00716271
2021-12-31,2021年报,2021-4,2021四季度,parent_holder_net_profit,361542665.62,34810635.9400,0.11076684,-0.67487817,-0.37748418
2021-12-31,2021年报,2021-4,2021四季度,calc_per_net_assets,4.014,,-0.01450983,,
2021-12-31,2021年报,2021-4,2021四季度,inventory_turnover_ratio,1.8241,,0.04706963,,
2021-12-31,2021年报,2021-4,2021四季度,conservative_quick_ratio,1.0379,,-0.23084334,,
2021-12-31,2021年报,2021-4,2021四季度,equity_ratio,0.661,,0.34623218,,
2021-12-31,2021年报,2021-4,2021四季度,current_ratio,1.4824,,-0.17525314,,
2021-12-31,2021年报,2021-4,2021四季度,basic_eps,0.65,0.0613,0.13438045,-0.67497349,-0.37766497
2021-12-31,2021年报,2021-4,2021四季度,business_cycle,218.6506,,-0.05434036,,
2021-12-31,2021年报,2021-4,2021四季度,receive_accounts_turnover_days,21.293,,-0.13329643,,
2021-12-31,2021年报,2021-4,2021四季度,quick_ratio,1.0587,,-0.25058399,,
2021-12-31,2021年报,2021-4,2021四季度,sale_gross_margin,74.2717,70.6725,-0.03428113,-0.06843290,-0.03808462
2021-12-31,2021年报,2021-4,2021四季度,inventory_turnover_days,197.3576,,-0.04495345,,
2021-12-31,2021年报,2021-4,2021四季度,calculate_operating_income_total_yoy_growth_ratio,15.523116,10.01467600,0.91858384,-0.53079677,-0.59816299
2021-12-31,2021年报,2021-4,2021四季度,sale_net_interest_ratio,13.4583,5.4560,-0.03265385,-0.64521436,-0.43353717
2021-12-31,2021年报,2021-4,2021四季度,per_undistributed_profits,2.1466,,0.08315673,,
2021-12-31,2021年报,2021-4,2021四季度,operating_income_total,2693510918.29,640470683.8700,0.15523116,-0.08183322,0.10014676
2021-12-31,2021年报,2021-4,2021四季度,per_capital_reserve,0.4791,,-0.14887191,,
2021-12-31,2021年报,2021-4,2021四季度,index_full_diluted_roe,15.8642,1.5396,0.12721511,-0.68441766,-0.36904225
2021-12-31,2021年报,2021-4,2021四季度,calculate_parent_holder_net_profit_yoy_growth_ratio,11.076684,-37.74841800,0.05028792,-3.33978963,-1.52843433
2021-12-31,2021年报,2021-4,2021四季度,assets_debt_ratio,39.7173,,0.20933738,,
2021-12-31,2021年报,2021-4,2021四季度,index_deduct_holder_net_profit,354810538.61,43813048.7300,0.18464445,-0.57781651,0.06681145
2021-12-31,2021年报,2021-4,2021四季度,index_weighted_avg_roe,15.92,1.9000,0.11018131,-0.59139785,-0.24000000
2021-12-31,2021年报,2021-4,2021四季度,pe_ttm,20.48,,,,
2021-12-31,2021年报,2021-4,2021四季度,pb,3.49,,,,
2021-09-30,2021三季报,2021-3,2021三季度,index_per_operating_cash_flow_net,1.1072,0.1790,0.85927792,-0.66309053,-0.21145374
2021-09-30,2021三季报,2021-3,2021三季度,deduct_net_profit_yoy_growth_ratio,20.337,18.6662,2.96997677,-0.10575937,0.23034637
2021-09-30,2021三季报,2021-3,2021三季度,parent_holder_net_profit,326732029.68,107069514.3700,0.21204905,-0.13011913,0.16133253
2021-09-30,2021三季报,2021-3,2021三季度,calc_per_net_assets,3.9504,,-0.01215304,,
2021-09-30,2021三季报,2021-3,2021三季度,inventory_turnover_ratio,1.4014,,0.06546035,,
2021-09-30,2021三季报,2021-3,2021三季度,conservative_quick_ratio,1.0562,,-0.2889936,,
2021-09-30,2021三季报,2021-3,2021三季度,equity_ratio,0.6531,,0.34770945,,
2021-09-30,2021三季报,2021-3,2021三季度,current_ratio,1.5388,,-0.15737597,,
2021-09-30,2021三季报,2021-3,2021三季度,basic_eps,0.585,0.1886,0.23157895,-0.13007380,0.16133005
2021-09-30,2021三季报,2021-3,2021三季度,business_cycle,219.972,,-0.06151687,,
2021-09-30,2021三季报,2021-3,2021三季度,receive_accounts_turnover_days,27.3075,,-0.06206852,,
2021-09-30,2021三季报,2021-3,2021三季度,quick_ratio,1.0848,,-0.2795856,,
2021-09-30,2021三季报,2021-3,2021三季度,sale_gross_margin,75.3946,75.8641,-0.03404901,0.03541597,-0.03367067
2021-09-30,2021三季报,2021-3,2021三季度,inventory_turnover_days,192.6645,,-0.06143863,,
2021-09-30,2021三季报,2021-3,2021三季度,calculate_operating_income_total_yoy_growth_ratio,17.356215,21.34400500,4.02723292,0.76497208,1.12259568
2021-09-30,2021三季报,2021-3,2021三季度,sale_net_interest_ratio,15.9547,15.3783,0.04026159,-0.04762406,-0.03566188
2021-09-30,2021三季报,2021-3,2021三季度,per_undistributed_profits,2.1687,,0.11880933,,
2021-09-30,2021三季报,2021-3,2021三季度,operating_income_total,2053040234.42,697553750.7800,0.17356215,-0.08947255,0.21344005
2021-09-30,2021三季报,2021-3,2021三季度,per_capital_reserve,0.4543,,-0.24017394,,
2021-09-30,2021三季报,2021-3,2021三季度,index_full_diluted_roe,14.5662,4.8786,0.22693733,-0.09452662,0.18008756
2021-09-30,2021三季报,2021-3,2021三季度,calculate_parent_holder_net_profit_yoy_growth_ratio,21.204905,16.13325300,6.16229485,-0.26863921,-0.09087952
2021-09-30,2021三季报,2021-3,2021三季度,assets_debt_ratio,39.4294,,0.21125566,,
2021-09-30,2021三季报,2021-3,2021三季度,index_deduct_holder_net_profit,310997489.88,103777266.8200,0.20336958,-0.11249972,0.18666227
2021-09-30,2021三季报,2021-3,2021三季度,index_weighted_avg_roe,14.02,4.6500,0.18412162,-0.11931818,0.12864078
2021-09-30,2021三季报,2021-3,2021三季度,pe_ttm,16.69,,,,
2021-09-30,2021三季报,2021-3,2021三季度,pb,2.86,,,,
2021-06-30,2021中报,2021-2,2021二季度,index_per_operating_cash_flow_net,0.9282,0.5313,1.51886024,0.33862434,3.32302685
2021-06-30,2021中报,2021-2,2021二季度,deduct_net_profit_yoy_growth_ratio,21.1915,20.8738,32.53616078,-0.03386190,0.02888943
2021-06-30,2021中报,2021-2,2021二季度,parent_holder_net_profit,219662515.31,123085260.8600,0.23841039,0.27447463,0.22059226
2021-06-30,2021中报,2021-2,2021二季度,calc_per_net_assets,3.78,,-0.01978581,,
2021-06-30,2021中报,2021-2,2021二季度,inventory_turnover_ratio,1.0087,,0.1304494,,
2021-06-30,2021中报,2021-2,2021二季度,conservative_quick_ratio,0.9612,,-0.27379873,,
2021-06-30,2021中报,2021-2,2021二季度,equity_ratio,0.6761,,0.2895289,,
2021-06-30,2021中报,2021-2,2021二季度,current_ratio,1.4612,,-0.13839259,,
2021-06-30,2021中报,2021-2,2021二季度,basic_eps,0.39,0.2168,0.25,0.27454439,0.22072072
2021-06-30,2021中报,2021-2,2021二季度,business_cycle,203.4059,,-0.15108567,,
2021-06-30,2021中报,2021-2,2021二季度,receive_accounts_turnover_days,24.9584,,-0.3411402,,
2021-06-30,2021中报,2021-2,2021二季度,quick_ratio,1.0534,,-0.22997076,,
2021-06-30,2021中报,2021-2,2021二季度,sale_gross_margin,75.1529,73.2692,-0.03438808,-0.05582753,-0.05933918
2021-06-30,2021中报,2021-2,2021二季度,inventory_turnover_days,178.4475,,-0.11539619,,
2021-06-30,2021中报,2021-2,2021二季度,calculate_operating_income_total_yoy_growth_ratio,15.404487,12.09311200,29.7329407,-0.39573062,-0.25449544
2021-06-30,2021中报,2021-2,2021二季度,sale_net_interest_ratio,16.2513,16.1473,0.08063197,-0.01459137,0.09895667
2021-06-30,2021中报,2021-2,2021二季度,per_undistributed_profits,1.9801,,0.11492117,,
2021-06-30,2021中报,2021-2,2021二季度,operating_income_total,1355486483.64,766098543.1200,0.15404487,0.29982053,0.12093112
2021-06-30,2021中报,2021-2,2021二季度,per_capital_reserve,0.5629,,-0.05853822,,
2021-06-30,2021中报,2021-2,2021二季度,index_full_diluted_roe,10.2344,5.3879,0.26339699,0.32091986,0.19455037
2021-06-30,2021中报,2021-2,2021二季度,calculate_parent_holder_net_profit_yoy_growth_ratio,23.841039,22.05922600,8.1215686,-0.15768287,-0.00750869
2021-06-30,2021中报,2021-2,2021二季度,assets_debt_ratio,40.2267,,0.17292687,,
2021-06-30,2021中报,2021-2,2021二季度,index_deduct_holder_net_profit,207220223.06,116932094.2900,0.21191477,0.29509932,0.20873778
2021-06-30,2021中报,2021-2,2021二季度,index_weighted_avg_roe,9.37,5.2800,0.21373057,0.29095355,0.22222222
2021-06-30,2021中报,2021-2,2021二季度,pe_ttm,15.59,,,,
2021-06-30,2021中报,2021-2,2021二季度,pb,2.22,,,,
2021-03-31,2021一季报,2021-1,2021一季度,index_per_operating_cash_flow_net,0.3969,0.3969,0.61604235,1.00454545,0.61604235
2021-03-31,2021一季报,2021-1,2021一季度,deduct_net_profit_yoy_growth_ratio,21.6054,21.6054,2.2684734,2.21064598,2.26847340
2021-03-31,2021一季报,2021-1,2021一季度,parent_holder_net_profit,96577254.45,96577254.4500,0.26188742,0.72708333,0.26188742
2021-03-31,2021一季报,2021-1,2021一季度,calc_per_net_assets,4.2667,,0.06173792,,
2021-03-31,2021一季报,2021-1,2021一季度,inventory_turnover_ratio,0.3956,,0.06630728,,
2021-03-31,2021一季报,2021-1,2021一季度,conservative_quick_ratio,1.364,,-0.04300849,,
2021-03-31,2021一季报,2021-1,2021一季度,equity_ratio,0.5523,,0.02868318,,
2021-03-31,2021一季报,2021-1,2021一季度,current_ratio,1.7489,,0.01397263,,
2021-03-31,2021一季报,2021-1,2021一季度,basic_eps,0.17,0.1701,0.25925926,0.72690355,0.26186944
2021-03-31,2021一季报,2021-1,2021一季度,business_cycle,252.0712,,-0.09974668,,
2021-03-31,2021一季报,2021-1,2021一季度,receive_accounts_turnover_days,24.5687,,-0.34330588,,
2021-03-31,2021一季报,2021-1,2021一季度,quick_ratio,1.3973,,-0.02518488,,
2021-03-31,2021一季报,2021-1,2021一季度,sale_gross_margin,77.6015,77.6015,-0.00182267,0.05622521,-0.00182267
2021-03-31,2021一季报,2021-1,2021一季度,inventory_turnover_days,227.5025,,-0.06218413,,
2021-03-31,2021一季报,2021-1,2021一季度,calculate_operating_income_total_yoy_growth_ratio,20.012783,20.01278300,2.29786336,-0.19699081,2.29786336
2021-03-31,2021一季报,2021-1,2021一季度,sale_net_interest_ratio,16.3864,16.3864,0.05586556,0.70129884,0.05586556
2021-03-31,2021一季报,2021-1,2021一季度,per_undistributed_profits,2.1534,,0.13432364,,
2021-03-31,2021一季报,2021-1,2021一季度,operating_income_total,589387940.52,589387940.5200,0.20012783,0.01240112,0.20012783
2021-03-31,2021一季报,2021-1,2021一季度,per_capital_reserve,0.5629,,-0.05853822,,
2021-03-31,2021一季报,2021-1,2021一季度,index_full_diluted_roe,3.9864,4.0789,0.18851555,0.67161182,0.19693057
2021-03-31,2021一季报,2021-1,2021一季度,calculate_parent_holder_net_profit_yoy_growth_ratio,26.188742,26.18874200,2.08061668,-0.63338780,2.08061668
2021-03-31,2021一季报,2021-1,2021一季度,assets_debt_ratio,35.4886,,0.01881246,,
2021-03-31,2021一季报,2021-1,2021一季度,index_deduct_holder_net_profit,90288128.77,90288128.7700,0.21605419,1.19844116,0.21605419
2021-03-31,2021一季报,2021-1,2021一季度,index_weighted_avg_roe,4.09,4.0900,0.20294118,0.63600000,0.20294118
2021-03-31,2021一季报,2021-1,2021一季度,pe_ttm,16.76,,,,
2021-03-31,2021一季报,2021-1,2021一季度,pb,2.23,,,,
2020-12-31,2020年报,2020-4,2020四季度,index_per_operating_cash_flow_net,0.7935,0.1980,0.00088295,-0.12775330,0.15451895
2020-12-31,2020年报,2020-4,2020四季度,deduct_net_profit_yoy_growth_ratio,5.3401,6.7293,-0.68763308,-0.55645124,-0.61457218
2020-12-31,2020年报,2020-4,2020四季度,parent_holder_net_profit,325489250.98,55919278.9700,0.10546331,-0.39346995,0.71434454
2020-12-31,2020年报,2020-4,2020四季度,calc_per_net_assets,4.0731,,0.04653135,,
2020-12-31,2020年报,2020-4,2020四季度,inventory_turnover_ratio,1.7421,,0.08542056,,
2020-12-31,2020年报,2020-4,2020四季度,conservative_quick_ratio,1.3494,,-0.02787984,,
2020-12-31,2020年报,2020-4,2020四季度,equity_ratio,0.491,,-0.00948154,,
2020-12-31,2020年报,2020-4,2020四季度,current_ratio,1.7974,,0.03865935,,
2020-12-31,2020年报,2020-4,2020四季度,basic_eps,0.573,0.0985,0.11914063,-0.39347291,0.71602787
2020-12-31,2020年报,2020-4,2020四季度,business_cycle,231.2149,,-0.09068389,,
2020-12-31,2020年报,2020-4,2020四季度,receive_accounts_turnover_days,24.5678,,-0.18037118,,
2020-12-31,2020年报,2020-4,2020四季度,quick_ratio,1.4127,,0.00014159,,
2020-12-31,2020年报,2020-4,2020四季度,sale_gross_margin,76.9082,73.4706,-0.00490379,-0.06415820,-0.04130059
2020-12-31,2020年报,2020-4,2020四季度,inventory_turnover_days,206.6471,,-0.07869849,,
2020-12-31,2020年报,2020-4,2020四季度,calculate_operating_income_total_yoy_growth_ratio,8.090924,24.92223400,0.59820784,1.47843956,13.75502111
2020-12-31,2020年报,2020-4,2020四季度,sale_net_interest_ratio,13.9126,9.6317,0.02373051,-0.39601806,0.37857644
2020-12-31,2020年报,2020-4,2020四季度,per_undistributed_profits,1.9818,,0.1237242,,
2020-12-31,2020年报,2020-4,2020四季度,operating_income_total,2331577446.95,582168402.8000,0.08090924,0.01271975,0.24922234
2020-12-31,2020年报,2020-4,2020四季度,per_capital_reserve,0.5629,,-0.05853822,,
2020-12-31,2020年报,2020-4,2020四季度,index_full_diluted_roe,14.0738,2.4401,0.0563061,-0.40976271,0.65610153
2020-12-31,2020年报,2020-4,2020四季度,calculate_parent_holder_net_profit_yoy_growth_ratio,10.546331,71.43445400,-0.49865455,3.02538318,9.22053898
2020-12-31,2020年报,2020-4,2020四季度,assets_debt_ratio,32.8422,,-0.00580313,,
2020-12-31,2020年报,2020-4,2020四季度,index_deduct_holder_net_profit,299508041.36,41069158.6800,0.05340113,-0.53038635,0.06729261
2020-12-31,2020年报,2020-4,2020四季度,index_weighted_avg_roe,14.34,2.5000,0.06300964,-0.39320388,0.47058824
2020-12-31,2020年报,2020-4,2020四季度,pe_ttm,16.23,,,,
2020-12-31,2020年报,2020-4,2020四季度,pb,2.16,,,,
2020-09-30,2020三季报,2020-3,2020三季度,index_per_operating_cash_flow_net,0.5955,0.2270,-0.04152583,0.84703011,0.45419603
2020-09-30,2020三季报,2020-3,2020三季度,deduct_net_profit_yoy_growth_ratio,5.1227,15.1715,-0.69935089,-0.25218236,-0.26626913
2020-09-30,2020三季报,2020-3,2020三季度,parent_holder_net_profit,269569972.01,92195397.4900,0.0296063,-0.08573140,0.17746001
2020-09-30,2020三季报,2020-3,2020三季度,calc_per_net_assets,3.999,,0.05751686,,
2020-09-30,2020三季报,2020-3,2020三季度,inventory_turnover_ratio,1.3153,,-0.00986149,,
2020-09-30,2020三季报,2020-3,2020三季度,conservative_quick_ratio,1.4855,,0.09067548,,
2020-09-30,2020三季报,2020-3,2020三季度,equity_ratio,0.4846,,-0.12098676,,
2020-09-30,2020三季报,2020-3,2020三季度,current_ratio,1.8262,,0.13273787,,
2020-09-30,2020三季报,2020-3,2020三季度,basic_eps,0.475,0.1624,0.05790646,-0.08558559,0.21647940
2020-09-30,2020三季报,2020-3,2020三季度,business_cycle,234.391,,-0.03540695,,
2020-09-30,2020三季报,2020-3,2020三季度,receive_accounts_turnover_days,29.1146,,-0.2674227,,
2020-09-30,2020三季报,2020-3,2020三季度,quick_ratio,1.5058,,0.10558003,,
2020-09-30,2020三季报,2020-3,2020三季度,sale_gross_margin,78.0522,78.5075,0.00755809,0.00791232,0.00109026
2020-09-30,2020三季报,2020-3,2020三季度,inventory_turnover_days,205.2764,,0.00996005,,
2020-09-30,2020三季报,2020-3,2020三季度,calculate_operating_income_total_yoy_growth_ratio,3.452439,10.05561500,-0.4276341,-0.38010110,0.57548797
2020-09-30,2020三季报,2020-3,2020三季度,sale_net_interest_ratio,15.3372,15.9470,-0.00471775,0.08532460,0.06787470
2020-09-30,2020三季报,2020-3,2020三季度,per_undistributed_profits,1.9384,,0.13902926,,
2020-09-30,2020三季报,2020-3,2020三季度,operating_income_total,1749409044.15,574856375.3800,0.03452439,-0.15888836,0.10055615
2020-09-30,2020三季报,2020-3,2020三季度,per_capital_reserve,0.5979,,-0.25993316,,
2020-09-30,2020三季报,2020-3,2020三季度,index_full_diluted_roe,11.872,4.1341,0.00557334,-0.08342941,0.17482736
2020-09-30,2020三季报,2020-3,2020三季度,calculate_parent_holder_net_profit_yoy_growth_ratio,2.96063,17.74600100,-0.87154917,-0.20156982,-0.03877320
2020-09-30,2020三季报,2020-3,2020三季度,assets_debt_ratio,32.5525,,-0.08115683,,
2020-09-30,2020三季报,2020-3,2020三季度,index_deduct_holder_net_profit,258438882.68,87453077.1200,0.05122682,-0.09598953,0.15171533
2020-09-30,2020三季报,2020-3,2020三季度,index_weighted_avg_roe,11.84,4.1200,0.00424088,-0.04629630,0.16056338
2020-09-30,2020三季报,2020-3,2020三季度,pe_ttm,20.38,,,,
2020-09-30,2020三季报,2020-3,2020三季度,pb,2.68,,,,
2020-06-30,2020中报,2020-2,2020二季度,index_per_operating_cash_flow_net,0.3685,0.1229,-0.20786758,-0.49959283,-0.35349816
2020-06-30,2020中报,2020-2,2020二季度,deduct_net_profit_yoy_growth_ratio,0.6319,20.2877,-0.95918697,2.19110999,0.32083960
2020-06-30,2020中报,2020-2,2020二季度,parent_holder_net_profit,177374574.52,100840604.0100,-0.03347723,0.31759274,0.22226115
2020-06-30,2020中报,2020-2,2020二季度,calc_per_net_assets,3.8563,,0.01294983,,
2020-06-30,2020中报,2020-2,2020二季度,inventory_turnover_ratio,0.8923,,-0.06477308,,
2020-06-30,2020中报,2020-2,2020二季度,conservative_quick_ratio,1.3236,,-0.04114749,,
2020-06-30,2020中报,2020-2,2020二季度,equity_ratio,0.5243,,-0.08690352,,
2020-06-30,2020中报,2020-2,2020二季度,current_ratio,1.6959,,0.05967258,,
2020-06-30,2020中报,2020-2,2020二季度,basic_eps,0.312,0.1776,-0.00636943,0.31750742,0.26226013
2020-06-30,2020中报,2020-2,2020二季度,business_cycle,239.6071,,0.05292505,,
2020-06-30,2020中报,2020-2,2020二季度,receive_accounts_turnover_days,37.8812,,-0.02628535,,
2020-06-30,2020中报,2020-2,2020二季度,quick_ratio,1.368,,-0.0089829,,
2020-06-30,2020中报,2020-2,2020二季度,sale_gross_margin,77.8293,77.8912,0.01024795,0.00190370,0.02015659
2020-06-30,2020中报,2020-2,2020二季度,inventory_turnover_days,201.7259,,0.06925917,,
2020-06-30,2020中报,2020-2,2020二季度,calculate_operating_income_total_yoy_growth_ratio,0.501237,16.22137900,-0.91469606,2.05198429,1.20168682
2020-06-30,2020中报,2020-2,2020二季度,sale_net_interest_ratio,15.0387,14.6933,-0.03738766,-0.05323015,0.05054947
2020-06-30,2020中报,2020-2,2020二季度,per_undistributed_profits,1.776,,0.13250861,,
2020-06-30,2020中报,2020-2,2020二季度,operating_income_total,1174552668.77,683448365.8000,0.00501237,0.39165624,0.16221379
2020-06-30,2020中报,2020-2,2020二季度,per_capital_reserve,0.5979,,-0.25993316,,
2020-06-30,2020中报,2020-2,2020二季度,index_full_diluted_roe,8.1007,4.5104,-0.01451338,0.32355185,0.21341906
2020-06-30,2020中报,2020-2,2020二季度,calculate_parent_holder_net_profit_yoy_growth_ratio,-3.347723,22.22611500,-1.13329189,1.91710822,0.58245610
2020-06-30,2020中报,2020-2,2020二季度,assets_debt_ratio,34.296,,-0.05680199,,
2020-06-30,2020中报,2020-2,2020二季度,index_deduct_holder_net_profit,170985805.56,96739008.6500,0.00631901,0.30293848,0.20287681
2020-06-30,2020中报,2020-2,2020二季度,index_weighted_avg_roe,7.72,4.3200,-0.0631068,0.27058824,0.23782235
2020-06-30,2020中报,2020-2,2020二季度,pe_ttm,18.59,,,,
2020-06-30,2020中报,2020-2,2020二季度,pb,2.2,,,,
2020-03-31,2020一季报,2020-1,2020一季度,index_per_operating_cash_flow_net,0.2456,0.2456,-0.10723373,0.43206997,-0.10723373
2020-03-31,2020一季报,2020-1,2020一季度,deduct_net_profit_yoy_growth_ratio,-17.0326,-17.0326,-2.09227444,-1.97556030,-2.09227444
2020-03-31,2020一季报,2020-1,2020一季度,parent_holder_net_profit,76533970.51,76533970.5100,-0.24234997,1.34633916,-0.24234997
2020-03-31,2020一季报,2020-1,2020一季度,calc_per_net_assets,4.0186,,0.06806645,,
2020-03-31,2020一季报,2020-1,2020一季度,inventory_turnover_ratio,0.371,,-0.12603062,,
2020-03-31,2020一季报,2020-1,2020一季度,conservative_quick_ratio,1.4253,,0.10737316,,
2020-03-31,2020一季报,2020-1,2020一季度,equity_ratio,0.5369,,-0.04005006,,
2020-03-31,2020一季报,2020-1,2020一季度,current_ratio,1.7248,,0.06719465,,
2020-03-31,2020一季报,2020-1,2020一季度,basic_eps,0.135,0.1348,-0.21965318,1.34843206,-0.21718931
2020-03-31,2020一季报,2020-1,2020一季度,business_cycle,280.0003,,0.14053679,,
2020-03-31,2020一季报,2020-1,2020一季度,receive_accounts_turnover_days,37.4127,,0.11731064,,
2020-03-31,2020一季报,2020-1,2020一季度,quick_ratio,1.4334,,0.11366638,,
2020-03-31,2020一季报,2020-1,2020一季度,sale_gross_margin,77.7432,77.7432,9.133e-05,0.01445149,0.00009133
2020-03-31,2020一季报,2020-1,2020一季度,inventory_turnover_days,242.5876,,0.14420503,,
2020-03-31,2020一季报,2020-1,2020一季度,calculate_operating_income_total_yoy_growth_ratio,-15.419792,-15.41979200,-4.49917864,-10.12917183,-4.49917864
2020-03-31,2020一季报,2020-1,2020一季度,sale_net_interest_ratio,15.5194,15.5194,-0.10189697,1.22127757,-0.10189697
2020-03-31,2020一季报,2020-1,2020一季度,per_undistributed_profits,1.8984,,0.20464496,,
2020-03-31,2020一季报,2020-1,2020一季度,operating_income_total,491104302.97,491104302.9700,-0.15419792,0.05381615,-0.15419792
2020-03-31,2020一季报,2020-1,2020一季度,per_capital_reserve,0.5979,,-0.25993316,,
2020-03-31,2020一季报,2020-1,2020一季度,index_full_diluted_roe,3.3541,3.4078,-0.26734382,1.31288177,-0.27659845
2020-03-31,2020一季报,2020-1,2020一季度,calculate_parent_holder_net_profit_yoy_growth_ratio,-24.234997,-24.23499700,-1.67527219,-4.46744068,-1.67527219
2020-03-31,2020一季报,2020-1,2020一季度,assets_debt_ratio,34.8333,,-0.02561198,,
2020-03-31,2020一季报,2020-1,2020一季度,index_deduct_holder_net_profit,74246796.91,74246796.9100,-0.17032572,0.92950283,-0.17032572
2020-03-31,2020一季报,2020-1,2020一季度,index_weighted_avg_roe,3.4,3.4000,-0.28421053,1.00000000,-0.28421053
2020-03-31,2020一季报,2020-1,2020一季度,pe_ttm,16.59,,,,
2020-03-31,2020一季报,2020-1,2020一季度,pb,2.19,,,,
2019-12-31,2019年报,2019-4,2019四季度,index_per_operating_cash_flow_net,0.7928,0.1715,0.06573464,0.09865471,-0.12141393
2019-12-31,2019年报,2019-4,2019四季度,deduct_net_profit_yoy_growth_ratio,17.0956,17.4593,-0.17820678,-0.15562552,-0.21439435
2019-12-31,2019年报,2019-4,2019四季度,parent_holder_net_profit,294436954.37,32618460.1400,0.21036056,-0.58341811,0.06989304
2019-12-31,2019年报,2019-4,2019四季度,calc_per_net_assets,3.892,,0.09621451,,
2019-12-31,2019年报,2019-4,2019四季度,inventory_turnover_ratio,1.605,,0.12521032,,
2019-12-31,2019年报,2019-4,2019四季度,conservative_quick_ratio,1.3881,,0.07621337,,
2019-12-31,2019年报,2019-4,2019四季度,equity_ratio,0.4957,,0.01640353,,
2019-12-31,2019年报,2019-4,2019四季度,current_ratio,1.7305,,0.02281459,,
2019-12-31,2019年报,2019-4,2019四季度,basic_eps,0.512,0.0574,0.24271845,-0.57003745,0.10384615
2019-12-31,2019年报,2019-4,2019四季度,business_cycle,254.2734,,-0.11656852,,
2019-12-31,2019年报,2019-4,2019四季度,receive_accounts_turnover_days,29.9743,,-0.15425029,,
2019-12-31,2019年报,2019-4,2019四季度,quick_ratio,1.4125,,0.09513103,,
2019-12-31,2019年报,2019-4,2019四季度,sale_gross_margin,77.2872,76.6357,0.01601174,-0.02277805,0.01225098
2019-12-31,2019年报,2019-4,2019四季度,inventory_turnover_days,224.2991,,-0.11127704,,
2019-12-31,2019年报,2019-4,2019四季度,calculate_operating_income_total_yoy_growth_ratio,5.062498,1.68906800,-0.54258559,-0.73536116,1.10725988
2019-12-31,2019年报,2019-4,2019四季度,sale_net_interest_ratio,13.5901,6.9867,0.13530876,-0.53214271,0.03947094
2019-12-31,2019年报,2019-4,2019四季度,per_undistributed_profits,1.7636,,0.25648333,,
2019-12-31,2019年报,2019-4,2019四季度,operating_income_total,2157052001.37,466024650.5300,0.05062498,-0.10780098,0.01689068
2019-12-31,2019年报,2019-4,2019四季度,per_capital_reserve,0.5979,,-0.25993316,,
2019-12-31,2019年报,2019-4,2019四季度,index_full_diluted_roe,13.3236,1.4734,0.14038722,-0.58128961,0.01397013
2019-12-31,2019年报,2019-4,2019四季度,calculate_parent_holder_net_profit_yoy_growth_ratio,21.036056,6.98930400,0.74642284,-0.62141858,-0.50077010
2019-12-31,2019年报,2019-4,2019四季度,assets_debt_ratio,33.0339,,0.01167748,,
2019-12-31,2019年报,2019-4,2019四季度,index_deduct_holder_net_profit,284324778.26,38479755.4100,0.17095563,-0.49323997,0.17459274
2019-12-31,2019年报,2019-4,2019四季度,index_weighted_avg_roe,13.49,1.7000,0.19169611,-0.52112676,-0.00584795
2019-12-31,2019年报,2019-4,2019四季度,pe_ttm,18.61,,,,
2019-12-31,2019年报,2019-4,2019四季度,pb,2.45,,,,
2019-09-30,2019三季报,2019-3,2019三季度,index_per_operating_cash_flow_net,0.6213,0.1561,0.13231274,-0.17885324,-0.14885496
2019-09-30,2019三季报,2019-3,2019三季度,deduct_net_profit_yoy_growth_ratio,17.0388,20.6772,-0.17223488,0.34619817,0.02369471
2019-09-30,2019三季报,2019-3,2019三季度,parent_holder_net_profit,261818494.23,78300236.4100,0.23048741,-0.05094443,0.18461825
2019-09-30,2019三季报,2019-3,2019三季度,calc_per_net_assets,3.7815,,0.04901798,,
2019-09-30,2019三季报,2019-3,2019三季度,inventory_turnover_ratio,1.3284,,0.25771634,,
2019-09-30,2019三季报,2019-3,2019三季度,conservative_quick_ratio,1.362,,0.13604137,,
2019-09-30,2019三季报,2019-3,2019三季度,equity_ratio,0.5513,,-0.05744572,,
2019-09-30,2019三季报,2019-3,2019三季度,current_ratio,1.6122,,0.02950192,,
2019-09-30,2019三季报,2019-3,2019三季度,basic_eps,0.449,0.1335,0.25069638,-0.05117271,0.18456078
2019-09-30,2019三季报,2019-3,2019三季度,business_cycle,242.9947,,-0.17553875,,
2019-09-30,2019三季报,2019-3,2019三季度,receive_accounts_turnover_days,39.7427,,0.01648673,,
2019-09-30,2019三季报,2019-3,2019三季度,quick_ratio,1.362,,0.13604137,,
2019-09-30,2019三季报,2019-3,2019三季度,sale_gross_margin,77.4667,78.4220,0.01698371,0.02710858,0.00456668
2019-09-30,2019三季报,2019-3,2019三季度,inventory_turnover_days,203.252,,-0.20490828,,
2019-09-30,2019三季报,2019-3,2019三季度,calculate_operating_income_total_yoy_growth_ratio,6.031874,6.38254000,-0.72888095,-0.13371396,0.57736907
2019-09-30,2019三季报,2019-3,2019三季度,sale_net_interest_ratio,15.4099,14.9334,0.14327791,0.06771627,0.11026520
2019-09-30,2019三季报,2019-3,2019三季度,per_undistributed_profits,1.7018,,0.22414041,,
2019-09-30,2019三季报,2019-3,2019三季度,operating_income_total,1691027350.84,522332617.5100,0.06031874,-0.11176586,0.06382540
2019-09-30,2019三季报,2019-3,2019三季度,per_capital_reserve,0.8079,,0.0,,
2019-09-30,2019三季报,2019-3,2019三季度,index_full_diluted_roe,11.8062,3.5189,0.17299553,-0.05332114,0.12500400
2019-09-30,2019三季报,2019-3,2019三季度,calculate_parent_holder_net_profit_yoy_growth_ratio,23.048741,18.46182500,0.95816378,0.31444599,0.06959086
2019-09-30,2019三季报,2019-3,2019三季度,assets_debt_ratio,35.4277,,-0.03657605,,
2019-09-30,2019三季报,2019-3,2019三季度,index_deduct_holder_net_profit,245845022.85,75932893.3700,0.17038839,-0.05583158,0.20677232
2019-09-30,2019三季报,2019-3,2019三季度,index_weighted_avg_roe,11.79,3.5500,0.22684703,0.01719198,0.17161716
2019-09-30,2019三季报,2019-3,2019三季度,pe_ttm,18.82,,,,
2019-09-30,2019三季报,2019-3,2019三季度,pb,2.36,,,,
2019-06-30,2019中报,2019-2,2019二季度,index_per_operating_cash_flow_net,0.4652,0.1901,0.27347386,-0.30897855,0.43580060
2019-06-30,2019中报,2019-2,2019二季度,deduct_net_profit_yoy_growth_ratio,15.4828,15.3597,-0.25383377,-0.01500606,-0.04818650
2019-06-30,2019中报,2019-2,2019二季度,parent_holder_net_profit,183518257.82,82503320.7500,0.25115729,-0.18325623,0.14045328
2019-06-30,2019中报,2019-2,2019二季度,calc_per_net_assets,3.807,,0.06752285,,
2019-06-30,2019中报,2019-2,2019二季度,inventory_turnover_ratio,0.9541,,0.27196374,,
2019-06-30,2019中报,2019-2,2019二季度,conservative_quick_ratio,1.3804,,0.29009346,,
2019-06-30,2019中报,2019-2,2019二季度,equity_ratio,0.5742,,-0.07759036,,
2019-06-30,2019中报,2019-2,2019二季度,current_ratio,1.6004,,0.06600946,,
2019-06-30,2019中报,2019-2,2019二季度,basic_eps,0.314,0.1407,0.26612903,-0.18292683,0.15233415
2019-06-30,2019中报,2019-2,2019二季度,business_cycle,227.5633,,-0.18428433,,
2019-06-30,2019中报,2019-2,2019二季度,receive_accounts_turnover_days,38.9038,,-0.002615,,
2019-06-30,2019中报,2019-2,2019二季度,quick_ratio,1.3804,,0.29009346,,
2019-06-30,2019中报,2019-2,2019二季度,sale_gross_margin,77.0398,76.3522,0.02268117,-0.01780254,0.01143612
2019-06-30,2019中报,2019-2,2019二季度,inventory_turnover_days,188.6595,,-0.21381393,,
2019-06-30,2019中报,2019-2,2019二季度,calculate_operating_income_total_yoy_growth_ratio,5.875895,7.36770500,-0.81955515,0.67193669,-0.76177279
2019-06-30,2019中报,2019-2,2019二季度,sale_net_interest_ratio,15.6228,13.9863,0.15798212,-0.19061701,0.04771001
2019-06-30,2019中报,2019-2,2019二季度,per_undistributed_profits,1.5682,,0.23987982,,
2019-06-30,2019中报,2019-2,2019二季度,operating_income_total,1168694733.33,588057353.0900,0.05875895,0.01277901,0.07367705
2019-06-30,2019中报,2019-2,2019二季度,per_capital_reserve,0.8079,,-0.07721302,,
2019-06-30,2019中报,2019-2,2019二季度,index_full_diluted_roe,8.22,3.7171,0.18375576,-0.21094082,0.11213835
2019-06-30,2019中报,2019-2,2019二季度,calculate_parent_holder_net_profit_yoy_growth_ratio,25.115729,14.04532800,1.65460964,-0.60864780,0.30664655
2019-06-30,2019中报,2019-2,2019二季度,assets_debt_ratio,36.3614,,-0.0488878,,
2019-06-30,2019中报,2019-2,2019二季度,index_deduct_holder_net_profit,169912129.48,80423038.7100,0.15482847,-0.10130902,0.15359715
2019-06-30,2019中报,2019-2,2019二季度,index_weighted_avg_roe,8.24,3.4900,0.25227964,-0.26526316,0.08049536
2019-06-30,2019中报,2019-2,2019二季度,pe_ttm,17.71,,,,
2019-06-30,2019中报,2019-2,2019二季度,pb,2.17,,,,
2019-03-31,2019一季报,2019-1,2019一季度,index_per_operating_cash_flow_net,0.2751,0.2751,0.18119365,0.40932377,0.18119365
2019-03-31,2019一季报,2019-1,2019一季度,deduct_net_profit_yoy_growth_ratio,15.5937,15.5937,-0.38190142,-0.29833963,-0.38190142
2019-03-31,2019一季报,2019-1,2019一季度,parent_holder_net_profit,101014937.07,101014937.0700,0.35889227,2.31331332,0.35889227
2019-03-31,2019一季报,2019-1,2019一季度,calc_per_net_assets,3.7625,,0.00539775,,
2019-03-31,2019一季报,2019-1,2019一季度,inventory_turnover_ratio,0.4245,,0.13139659,,
2019-03-31,2019一季报,2019-1,2019一季度,conservative_quick_ratio,1.2871,,0.17769238,,
2019-03-31,2019一季报,2019-1,2019一季度,equity_ratio,0.5593,,-0.01859975,,
2019-03-31,2019一季报,2019-1,2019一季度,current_ratio,1.6162,,0.01872045,,
2019-03-31,2019一季报,2019-1,2019一季度,basic_eps,0.173,0.1722,0.384,2.31153846,0.37211155
2019-03-31,2019一季报,2019-1,2019一季度,business_cycle,245.4987,,-0.1085252,,
2019-03-31,2019一季报,2019-1,2019一季度,receive_accounts_turnover_days,33.4846,,-0.0571118,,
2019-03-31,2019一季报,2019-1,2019一季度,quick_ratio,1.2871,,0.17769238,,
2019-03-31,2019一季报,2019-1,2019一季度,sale_gross_margin,77.7361,77.7361,0.03405613,0.02678574,0.03405613
2019-03-31,2019一季报,2019-1,2019一季度,inventory_turnover_days,212.0141,,-0.11613689,,
2019-03-31,2019一季报,2019-1,2019一季度,calculate_operating_income_total_yoy_growth_ratio,4.406689,4.40668900,-0.87120678,1.27983535,-0.87120678
2019-03-31,2019一季报,2019-1,2019一季度,sale_net_interest_ratio,17.2802,17.2802,0.2676947,1.57092272,0.26769470
2019-03-31,2019一季报,2019-1,2019一季度,per_undistributed_profits,1.5759,,0.21907635,,
2019-03-31,2019一季报,2019-1,2019一季度,operating_income_total,580637380.24,580637380.2400,0.04406689,0.26698178,0.04406689
2019-03-31,2019一季报,2019-1,2019一季度,per_capital_reserve,0.8079,,-0.15358827,,
2019-03-31,2019一季报,2019-1,2019一季度,index_full_diluted_roe,4.578,4.7108,0.36510019,2.24189663,0.39129921
2019-03-31,2019一季报,2019-1,2019一季度,calculate_parent_holder_net_profit_yoy_growth_ratio,35.889227,35.88922700,3.35750088,1.56348490,3.35750088
2019-03-31,2019一季报,2019-1,2019一季度,assets_debt_ratio,35.7489,,-0.00642301,,
2019-03-31,2019一季报,2019-1,2019一季度,index_deduct_holder_net_profit,89489090.77,89489090.7700,0.15593729,1.73165032,0.15593729
2019-03-31,2019一季报,2019-1,2019一季度,index_weighted_avg_roe,4.75,4.7500,0.41791045,1.77777778,0.41791045
2019-03-31,2019一季报,2019-1,2019一季度,pe_ttm,21.74,,,,
2019-03-31,2019一季报,2019-1,2019一季度,pb,2.46,,,,
2018-12-31,2018年报,2018-4,2018四季度,index_per_operating_cash_flow_net,0.7439,0.1952,3.15818893,0.06434024,0.18303030
2018-12-31,2018年报,2018-4,2018四季度,deduct_net_profit_yoy_growth_ratio,20.8028,22.2240,-0.20862182,0.10027428,0.41357860
2018-12-31,2018年报,2018-4,2018四季度,parent_holder_net_profit,243263838.24,30487589.6800,0.12045225,-0.53874782,0.14000171
2018-12-31,2018年报,2018-4,2018四季度,calc_per_net_assets,3.5504,,-0.03279939,,
2018-12-31,2018年报,2018-4,2018四季度,inventory_turnover_ratio,1.4264,,0.21904111,,
2018-12-31,2018年报,2018-4,2018四季度,conservative_quick_ratio,1.2898,,0.40271887,,
2018-12-31,2018年报,2018-4,2018四季度,equity_ratio,0.4877,,-0.03901478,,
2018-12-31,2018年报,2018-4,2018四季度,current_ratio,1.6919,,0.05598552,,
2018-12-31,2018年报,2018-4,2018四季度,basic_eps,0.412,0.0520,0.11351351,-0.53859805,0.15044248
2018-12-31,2018年报,2018-4,2018四季度,business_cycle,287.8247,,-0.1323737,,
2018-12-31,2018年报,2018-4,2018四季度,receive_accounts_turnover_days,35.4411,,0.4722895,,
2018-12-31,2018年报,2018-4,2018四季度,quick_ratio,1.2898,,0.40271887,,
2018-12-31,2018年报,2018-4,2018四季度,sale_gross_margin,76.0692,75.7082,0.04026399,-0.03019644,-0.01723610
2018-12-31,2018年报,2018-4,2018四季度,inventory_turnover_days,252.3836,,-0.17968316,,
2018-12-31,2018年报,2018-4,2018四季度,calculate_operating_income_total_yoy_growth_ratio,11.06764,-15.74743500,-0.61071967,-4.89179180,-1.40844023
2018-12-31,2018年报,2018-4,2018四季度,sale_net_interest_ratio,11.9704,6.7214,-0.01623932,-0.50027880,0.16498830
2018-12-31,2018年报,2018-4,2018四季度,per_undistributed_profits,1.4036,,0.20253598,,
2018-12-31,2018年报,2018-4,2018四季度,operating_income_total,2053113180.82,458283924.1100,0.1106764,-0.06662141,-0.15747435
2018-12-31,2018年报,2018-4,2018四季度,per_capital_reserve,0.8079,,-0.15358827,,
2018-12-31,2018年报,2018-4,2018四季度,index_full_diluted_roe,11.6834,1.4531,0.17005999,-0.53543911,0.18484997
2018-12-31,2018年报,2018-4,2018四季度,calculate_parent_holder_net_profit_yoy_growth_ratio,12.045225,14.00017100,1.32371398,-0.18889628,-0.94043840
2018-12-31,2018年报,2018-4,2018四季度,assets_debt_ratio,32.6526,,-0.02130772,,
2018-12-31,2018年报,2018-4,2018四季度,index_deduct_holder_net_profit,242814304.98,32760082.8900,0.20802811,-0.47935658,0.22224025
2018-12-31,2018年报,2018-4,2018四季度,index_weighted_avg_roe,11.32,1.7100,0.11198428,-0.43564356,0.17931034
2018-12-31,2018年报,2018-4,2018四季度,pe_ttm,18.31,,,,
2018-12-31,2018年报,2018-4,2018四季度,pb,2.08,,,,
2018-09-30,2018三季报,2018-3,2018三季度,index_per_operating_cash_flow_net,0.5487,0.1834,38.47482014,0.38519637,1.57223001
2018-09-30,2018三季报,2018-3,2018三季度,deduct_net_profit_yoy_growth_ratio,20.5841,20.1986,-0.26710722,0.25167159,-0.09828886
2018-09-30,2018三季报,2018-3,2018三季度,parent_holder_net_profit,212776248.56,66097442.3000,0.11770589,-0.08632714,0.17260642
2018-09-30,2018三季报,2018-3,2018三季度,calc_per_net_assets,3.6048,,-0.02372441,,
2018-09-30,2018三季报,2018-3,2018三季度,inventory_turnover_ratio,1.0562,,0.15494806,,
2018-09-30,2018三季报,2018-3,2018三季度,conservative_quick_ratio,1.1989,,0.27556123,,
2018-09-30,2018三季报,2018-3,2018三季度,equity_ratio,0.5849,,0.17994755,,
2018-09-30,2018三季报,2018-3,2018三季度,current_ratio,1.566,,-0.03796535,,
2018-09-30,2018三季报,2018-3,2018三季度,basic_eps,0.359,0.1127,0.11838006,-0.07698608,0.18382353
2018-09-30,2018三季报,2018-3,2018三季度,business_cycle,294.7315,,-0.05374671,,
2018-09-30,2018三季报,2018-3,2018三季度,receive_accounts_turnover_days,39.0981,,1.40917998,,
2018-09-30,2018三季报,2018-3,2018三季度,quick_ratio,1.1989,,0.27556123,,
2018-09-30,2018三季报,2018-3,2018三季度,sale_gross_margin,76.173,78.0655,0.06544307,0.03413217,0.06321792
2018-09-30,2018三季报,2018-3,2018三季度,inventory_turnover_days,255.6334,,-0.1341602,,
2018-09-30,2018三季报,2018-3,2018三季度,calculate_operating_income_total_yoy_growth_ratio,22.248064,4.04632000,-0.09685449,-0.86916638,-0.82530121
2018-09-30,2018三季报,2018-3,2018三季度,sale_net_interest_ratio,13.4787,13.4503,-0.09147468,0.00755839,0.10669267
2018-09-30,2018三季报,2018-3,2018三季度,per_undistributed_profits,1.3902,,0.20051813,,
2018-09-30,2018三季报,2018-3,2018三季度,operating_income_total,1594829256.71,490994683.6400,0.22248064,-0.10354030,0.04046320
2018-09-30,2018三季报,2018-3,2018三季度,per_capital_reserve,0.8079,,-0.15349958,,
2018-09-30,2018三季报,2018-3,2018三季度,index_full_diluted_roe,10.065,3.1279,0.15632503,-0.06414744,0.19696158
2018-09-30,2018三季报,2018-3,2018三季度,calculate_parent_holder_net_profit_yoy_growth_ratio,11.770589,17.26064200,1.26970207,0.60576943,1.22577516
2018-09-30,2018三季报,2018-3,2018三季度,assets_debt_ratio,36.7727,,0.11920125,,
2018-09-30,2018三季报,2018-3,2018三季度,index_deduct_holder_net_profit,210054222.09,62922302.7100,0.20584132,-0.09743538,0.20198588
2018-09-30,2018三季报,2018-3,2018三季度,index_weighted_avg_roe,9.61,3.0300,0.10080183,-0.06191950,0.20717131
2018-09-30,2018三季报,2018-3,2018三季度,pe_ttm,20.83,,,,
2018-09-30,2018三季报,2018-3,2018三季度,pb,2.27,,,,
2018-06-30,2018中报,2018-2,2018二季度,index_per_operating_cash_flow_net,0.3653,0.1324,7.3641115,-0.43151567,2.01378254
2018-06-30,2018中报,2018-2,2018二季度,deduct_net_profit_yoy_growth_ratio,20.7498,16.1373,-0.32398744,-0.36035436,-0.43689480
2018-06-30,2018中报,2018-2,2018二季度,parent_holder_net_profit,146678806.26,72342569.6800,0.09461176,-0.02681958,0.10749141
2018-06-30,2018中报,2018-2,2018二季度,calc_per_net_assets,3.5662,,-0.00690615,,
2018-06-30,2018中报,2018-2,2018二季度,inventory_turnover_ratio,0.7501,,0.18855966,,
2018-06-30,2018中报,2018-2,2018二季度,conservative_quick_ratio,1.07,,0.03692218,,
2018-06-30,2018中报,2018-2,2018二季度,equity_ratio,0.6225,,0.25150784,,
2018-06-30,2018中报,2018-2,2018二季度,current_ratio,1.5013,,-0.08990058,,
2018-06-30,2018中报,2018-2,2018二季度,basic_eps,0.248,0.1221,0.09734513,-0.02709163,0.10698096
2018-06-30,2018中报,2018-2,2018二季度,business_cycle,278.9738,,-0.06266867,,
2018-06-30,2018中报,2018-2,2018二季度,receive_accounts_turnover_days,39.0058,,2.14327158,,
2018-06-30,2018中报,2018-2,2018二季度,quick_ratio,1.07,,0.03692218,,
2018-06-30,2018中报,2018-2,2018二季度,sale_gross_margin,75.3312,75.4889,0.07003481,0.00416357,0.08850485
2018-06-30,2018中报,2018-2,2018二季度,inventory_turnover_days,239.968,,-0.15864556,,
2018-06-30,2018中报,2018-2,2018二季度,calculate_operating_income_total_yoy_growth_ratio,32.563384,30.92721800,0.27779314,-0.09609778,0.05352009
2018-06-30,2018中报,2018-2,2018二季度,sale_net_interest_ratio,13.4914,13.3494,-0.17513053,-0.02067316,-0.16366051
2018-06-30,2018中报,2018-2,2018二季度,per_undistributed_profits,1.2648,,0.19006398,,
2018-06-30,2018中报,2018-2,2018二季度,operating_income_total,1103834573.07,547704131.0800,0.32563384,-0.01515168,0.30927218
2018-06-30,2018中报,2018-2,2018二季度,per_capital_reserve,0.8755,,-0.08266974,,
2018-06-30,2018中报,2018-2,2018二季度,index_full_diluted_roe,6.944,3.3423,0.10223972,-0.01287693,0.09749130
2018-06-30,2018中报,2018-2,2018二季度,calculate_parent_holder_net_profit_yoy_growth_ratio,9.461176,10.74914100,-0.73819393,0.30511007,-0.69069689
2018-06-30,2018中报,2018-2,2018二季度,assets_debt_ratio,38.2304,,0.16071288,,
2018-06-30,2018中报,2018-2,2018二季度,index_deduct_holder_net_profit,147131919.38,69715011.5400,0.20749769,-0.09948597,0.16137285
2018-06-30,2018中报,2018-2,2018二季度,index_weighted_avg_roe,6.58,3.2300,0.05787781,-0.03582090,0.08389262
2018-06-30,2018中报,2018-2,2018二季度,pe_ttm,23.8,,,,
2018-06-30,2018中报,2018-2,2018二季度,pb,2.39,,,,
2018-03-31,2018一季报,2018-1,2018一季度,index_per_operating_cash_flow_net,0.2329,0.2329,2.18169399,0.41151515,2.18169399
2018-03-31,2018一季报,2018-1,2018一季度,deduct_net_profit_yoy_growth_ratio,25.2285,25.2285,-0.22930407,0.60468267,-0.22930407
2018-03-31,2018一季报,2018-1,2018一季度,parent_holder_net_profit,74336236.58,74336236.5800,0.08236195,1.77960436,0.08236195
2018-03-31,2018一季报,2018-1,2018一季度,calc_per_net_assets,3.7423,,0.02489456,,
2018-03-31,2018一季报,2018-1,2018一季度,inventory_turnover_ratio,0.3752,,0.53080375,,
2018-03-31,2018一季报,2018-1,2018一季度,conservative_quick_ratio,1.0929,,0.21231281,,
2018-03-31,2018一季报,2018-1,2018一季度,equity_ratio,0.5699,,0.21721487,,
2018-03-31,2018一季报,2018-1,2018一季度,current_ratio,1.5865,,-0.13730288,,
2018-03-31,2018一季报,2018-1,2018一季度,basic_eps,0.125,0.1255,0.07758621,1.77654867,0.08189655
2018-03-31,2018一季报,2018-1,2018一季度,business_cycle,275.3849,,-0.27029694,,
2018-03-31,2018一季报,2018-1,2018一季度,receive_accounts_turnover_days,35.5128,,2.48301295,,
2018-03-31,2018一季报,2018-1,2018一季度,quick_ratio,1.0929,,0.21231281,,
2018-03-31,2018一季报,2018-1,2018一季度,sale_gross_margin,75.1759,75.1759,0.05199383,-0.02414585,0.05199383
2018-03-31,2018一季报,2018-1,2018一季度,inventory_turnover_days,239.8721,,-0.34674838,,
2018-03-31,2018一季报,2018-1,2018一季度,calculate_operating_income_total_yoy_growth_ratio,34.215225,34.21522500,0.56927322,-0.11256187,0.56927322
2018-03-31,2018一季报,2018-1,2018一季度,sale_net_interest_ratio,13.6312,13.6312,-0.18637188,1.36263108,-0.18637188
2018-03-31,2018一季报,2018-1,2018一季度,per_undistributed_profits,1.2927,,0.17251701,,
2018-03-31,2018一季报,2018-1,2018一季度,operating_income_total,556130441.99,556130441.9900,0.34215225,0.02241021,0.34215225
2018-03-31,2018一季报,2018-1,2018一季度,per_capital_reserve,0.9545,,0.00010478,,
2018-03-31,2018一季报,2018-1,2018一季度,index_full_diluted_roe,3.3536,3.3859,0.05608566,1.76084475,0.04758516
2018-03-31,2018一季报,2018-1,2018一季度,calculate_parent_holder_net_profit_yoy_growth_ratio,8.236195,8.23619500,-0.78026492,-0.96496036,-0.78026492
2018-03-31,2018一季报,2018-1,2018一季度,assets_debt_ratio,35.98,,0.13747012,,
2018-03-31,2018一季报,2018-1,2018一季度,index_deduct_holder_net_profit,77416907.84,77416907.8400,0.2522852,1.88833399,0.25228520
2018-03-31,2018一季报,2018-1,2018一季度,index_weighted_avg_roe,3.35,3.3500,0.03395062,1.31034483,0.03395062
2018-03-31,2018一季报,2018-1,2018一季度,pe_ttm,27.41,,,,
2018-03-31,2018一季报,2018-1,2018一季度,pb,2.49,,,,
2017-12-31,2017年报,2017-4,2017四季度,index_per_operating_cash_flow_net,0.1789,0.1650,0.67509363,1.31416550,9.24844720
2017-12-31,2017年报,2017-4,2017四季度,deduct_net_profit_yoy_growth_ratio,26.2868,15.7218,-0.17522551,-0.29814333,0.03446506
2017-12-31,2017年报,2017-4,2017四季度,parent_holder_net_profit,217112186.86,26743459.4900,-0.37209468,-0.52555574,2.35053632
2017-12-31,2017年报,2017-4,2017四季度,calc_per_net_assets,3.6708,,0.04177546,,
2017-12-31,2017年报,2017-4,2017四季度,inventory_turnover_ratio,1.1701,,-0.03016991,,
2017-12-31,2017年报,2017-4,2017四季度,conservative_quick_ratio,0.9195,,-0.04596389,,
2017-12-31,2017年报,2017-4,2017四季度,equity_ratio,0.5075,,0.21848739,,
2017-12-31,2017年报,2017-4,2017四季度,current_ratio,1.6022,,-0.22422893,,
2017-12-31,2017年报,2017-4,2017四季度,basic_eps,0.37,0.0452,-0.38333333,-0.52521008,2.34814815
2017-12-31,2017年报,2017-4,2017四季度,business_cycle,331.7381,,0.08898304,,
2017-12-31,2017年报,2017-4,2017四季度,receive_accounts_turnover_days,24.0721,,2.85320058,,
2017-12-31,2017年报,2017-4,2017四季度,quick_ratio,0.9195,,-0.04596389,,
2017-12-31,2017年报,2017-4,2017四季度,sale_gross_margin,73.1249,77.0360,0.08448221,0.04919658,0.15201254
2017-12-31,2017年报,2017-4,2017四季度,inventory_turnover_days,307.666,,0.03110826,,
2017-12-31,2017年报,2017-4,2017四季度,calculate_operating_income_total_yoy_growth_ratio,28.431028,38.55505400,-0.12997145,0.66460417,-0.16644654
2017-12-31,2017年报,2017-4,2017四季度,sale_net_interest_ratio,12.168,5.7695,-0.49633677,-0.52528469,1.84127844
2017-12-31,2017年报,2017-4,2017四季度,per_undistributed_profits,1.1672,,0.18305291,,
2017-12-31,2017年报,2017-4,2017四季度,operating_income_total,1848525085.19,543940619.7500,0.28431028,0.15266054,0.38555054
2017-12-31,2017年报,2017-4,2017四季度,per_capital_reserve,0.9545,,0.00010478,,
2017-12-31,2017年报,2017-4,2017四季度,index_full_diluted_roe,9.9853,1.2264,-0.39728863,-0.53069034,2.19624707
2017-12-31,2017年报,2017-4,2017四季度,calculate_parent_holder_net_profit_yoy_growth_ratio,-37.209468,235.05363200,-1.22950588,4.07458276,4.33487226
2017-12-31,2017年报,2017-4,2017四季度,assets_debt_ratio,33.3635,,0.14423535,,
2017-12-31,2017年报,2017-4,2017四季度,index_deduct_holder_net_profit,201000542.61,26803308.8000,0.26286821,-0.48798443,0.15721785
2017-12-31,2017年报,2017-4,2017四季度,index_weighted_avg_roe,10.18,1.4500,-0.39187575,-0.42231076,0.64772727
2017-12-31,2017年报,2017-4,2017四季度,pe_ttm,28.43,,,,
2017-12-31,2017年报,2017-4,2017四季度,pb,2.58,,,,
2017-09-30,2017三季报,2017-3,2017三季度,index_per_operating_cash_flow_net,0.0139,0.0713,-0.84674752,1.54594181,-0.44513619
2017-09-30,2017三季报,2017-3,2017三季度,deduct_net_profit_yoy_growth_ratio,28.0861,22.4003,-0.20219689,-0.21834969,-0.49758665
2017-09-30,2017三季报,2017-3,2017三季度,parent_holder_net_profit,190368727.37,56367968.8600,-0.43642932,-0.13706354,-0.76450579
2017-09-30,2017三季报,2017-3,2017三季度,calc_per_net_assets,3.6924,,0.05506186,,
2017-09-30,2017三季报,2017-3,2017三季度,inventory_turnover_ratio,0.9145,,-0.22295862,,
2017-09-30,2017三季报,2017-3,2017三季度,conservative_quick_ratio,0.9399,,0.02474924,,
2017-09-30,2017三季报,2017-3,2017三季度,equity_ratio,0.4957,,0.05423224,,
2017-09-30,2017三季报,2017-3,2017三季度,current_ratio,1.6278,,-0.0823609,,
2017-09-30,2017三季报,2017-3,2017三季度,basic_eps,0.321,0.0952,-0.44939966,-0.13689937,-0.76441475
2017-09-30,2017三季报,2017-3,2017三季度,business_cycle,311.4721,,0.31580446,,
2017-09-30,2017三季报,2017-3,2017三季度,receive_accounts_turnover_days,16.2288,,1.2231842,,
2017-09-30,2017三季报,2017-3,2017三季度,quick_ratio,0.9399,,0.02474924,,
2017-09-30,2017三季报,2017-3,2017三季度,sale_gross_margin,71.4942,73.4238,0.05702014,0.05872734,0.07398436
2017-09-30,2017三季报,2017-3,2017三季度,inventory_turnover_days,295.2433,,0.28693253,,
2017-09-30,2017三季报,2017-3,2017三季度,calculate_operating_income_total_yoy_growth_ratio,24.633975,23.16169500,-0.12690994,-0.21100853,-0.24966813
2017-09-30,2017三季报,2017-3,2017三季度,sale_net_interest_ratio,14.8358,12.1536,-0.5429288,-0.23857734,-0.80608660
2017-09-30,2017三季报,2017-3,2017三季度,per_undistributed_profits,1.158,,0.0948284,,
2017-09-30,2017三季报,2017-3,2017三季度,operating_income_total,1304584465.44,471900097.8400,0.24633975,0.12806465,0.23161695
2017-09-30,2017三季报,2017-3,2017三季度,per_capital_reserve,0.9544,,0.02469401,,
2017-09-30,2017三季报,2017-3,2017三季度,index_full_diluted_roe,8.7043,2.6132,-0.46583001,-0.14191896,-0.76978037
2017-09-30,2017三季报,2017-3,2017三季度,calculate_parent_holder_net_profit_yoy_growth_ratio,-43.642932,-76.45057900,-1.19649063,-3.19984105,-1.09618694
2017-09-30,2017三季报,2017-3,2017三季度,assets_debt_ratio,32.8562,,0.03454117,,
2017-09-30,2017三季报,2017-3,2017三季度,index_deduct_holder_net_profit,174197233.81,52348620.3400,0.28086128,-0.12793149,0.22400341
2017-09-30,2017三季报,2017-3,2017三季度,index_weighted_avg_roe,8.73,2.5100,-0.44955864,-0.15771812,-0.76185958
2017-09-30,2017三季报,2017-3,2017三季度,pe_ttm,18.2,,,,
2017-09-30,2017三季报,2017-3,2017三季度,pb,3.26,,,,
2017-06-30,2017中报,2017-2,2017二季度,index_per_operating_cash_flow_net,-0.0574,-0.1306,-0.51851852,-2.78415301,-8.74626866
2017-06-30,2017中报,2017-2,2017二季度,deduct_net_profit_yoy_growth_ratio,30.6944,28.6577,-0.01923544,-0.12454673,-0.10500625
2017-06-30,2017中报,2017-2,2017二季度,parent_holder_net_profit,134000758.51,65321111.3900,0.36138108,-0.04890147,0.34752774
2017-06-30,2017中报,2017-2,2017二季度,calc_per_net_assets,3.591,,-0.00806585,,
2017-06-30,2017中报,2017-2,2017二季度,inventory_turnover_ratio,0.6311,,-0.15231699,,
2017-06-30,2017中报,2017-2,2017二季度,conservative_quick_ratio,1.0319,,0.0131566,,
2017-06-30,2017中报,2017-2,2017二季度,equity_ratio,0.4974,,0.13199818,,
2017-06-30,2017中报,2017-2,2017二季度,current_ratio,1.6496,,-0.03734827,,
2017-06-30,2017中报,2017-2,2017二季度,basic_eps,0.226,0.1103,0.26966292,-0.04913793,0.37875000
2017-06-30,2017中报,2017-2,2017二季度,business_cycle,297.6256,,0.19361439,,
2017-06-30,2017中报,2017-2,2017二季度,receive_accounts_turnover_days,12.4093,,0.63814817,,
2017-06-30,2017中报,2017-2,2017二季度,quick_ratio,1.0319,,0.0131566,,
2017-06-30,2017中报,2017-2,2017二季度,sale_gross_margin,70.4007,69.3510,0.04736451,-0.02951845,0.02845525
2017-06-30,2017中报,2017-2,2017二季度,inventory_turnover_days,285.2163,,0.17968632,,
2017-06-30,2017中报,2017-2,2017二季度,calculate_operating_income_total_yoy_growth_ratio,25.484081,29.35607800,-0.04663872,0.34640959,-0.06831633
2017-06-30,2017中报,2017-2,2017二季度,sale_net_interest_ratio,16.3558,15.9617,0.08959489,-0.04726745,0.07613737
2017-06-30,2017中报,2017-2,2017二季度,per_undistributed_profits,1.0628,,0.32452642,,
2017-06-30,2017中报,2017-2,2017二季度,operating_income_total,832684367.6,418327173.8300,0.25484081,0.00958106,0.29356078
2017-06-30,2017中报,2017-2,2017二季度,per_capital_reserve,0.9544,,0.02381463,,
2017-06-30,2017中报,2017-2,2017二季度,index_full_diluted_roe,6.2999,3.0454,0.37255714,-0.05776430,0.20167305
2017-06-30,2017中报,2017-2,2017二季度,calculate_parent_holder_net_profit_yoy_growth_ratio,36.138108,34.75277400,0.389799,-0.07282386,0.12961471
2017-06-30,2017中报,2017-2,2017二季度,assets_debt_ratio,32.937,,0.08620877,,
2017-06-30,2017中报,2017-2,2017二季度,index_deduct_holder_net_profit,121848613.47,60028104.9700,0.30694379,-0.02899367,0.28657721
2017-06-30,2017中报,2017-2,2017二季度,index_weighted_avg_roe,6.22,2.9800,0.16917293,-0.08024691,0.25210084
2017-06-30,2017中报,2017-2,2017二季度,pe_ttm,18.09,,,,
2017-06-30,2017中报,2017-2,2017二季度,pb,3.04,,,,
2017-03-31,2017一季报,2017-1,2017一季度,index_per_operating_cash_flow_net,0.0732,0.0732,4.0,3.54658385,4.00000000
2017-03-31,2017一季报,2017-1,2017一季度,deduct_net_profit_yoy_growth_ratio,32.7347,32.7347,0.07047859,1.15388209,0.07047859
2017-03-31,2017一季报,2017-1,2017一季度,parent_holder_net_profit,68679647.12,68679647.1200,0.37482386,7.60448335,0.37482386
2017-03-31,2017一季报,2017-1,2017一季度,calc_per_net_assets,3.6514,,0.22464449,,
2017-03-31,2017一季报,2017-1,2017一季度,inventory_turnover_ratio,0.2451,,-0.37633588,,
2017-03-31,2017一季报,2017-1,2017一季度,conservative_quick_ratio,0.9015,,0.17735406,,
2017-03-31,2017一季报,2017-1,2017一季度,equity_ratio,0.4682,,-0.25315042,,
2017-03-31,2017一季报,2017-1,2017一季度,current_ratio,1.839,,0.55176778,,
2017-03-31,2017一季报,2017-1,2017一季度,basic_eps,0.116,0.1160,0.24731183,7.59259259,0.21720881
2017-03-31,2017一季报,2017-1,2017一季度,business_cycle,377.3931,,0.60188384,,
2017-03-31,2017一季报,2017-1,2017一季度,receive_accounts_turnover_days,10.196,,0.54820292,,
2017-03-31,2017一季报,2017-1,2017一季度,quick_ratio,0.9015,,0.17735406,,
2017-03-31,2017一季报,2017-1,2017一季度,sale_gross_margin,71.4604,71.4604,0.06638055,0.06863384,0.06638055
2017-03-31,2017一季报,2017-1,2017一季度,inventory_turnover_days,367.1971,,0.60342757,,
2017-03-31,2017一季报,2017-1,2017一季度,calculate_operating_income_total_yoy_growth_ratio,21.80323,21.80323000,-0.03096385,-0.52861802,-0.03096385
2017-03-31,2017一季报,2017-1,2017一季度,sale_net_interest_ratio,16.7536,16.7536,0.10361182,7.25056634,0.10361182
2017-03-31,2017一季报,2017-1,2017一季度,per_undistributed_profits,1.1025,,0.38244514,,
2017-03-31,2017一季报,2017-1,2017一季度,operating_income_total,414357193.77,414357193.7700,0.2180323,0.05546968,0.21803230
2017-03-31,2017一季报,2017-1,2017一季度,per_capital_reserve,0.9544,,2.67500963,,
2017-03-31,2017一季报,2017-1,2017一季度,index_full_diluted_roe,3.1755,3.2321,-0.00638318,7.42350795,0.04602091
2017-03-31,2017一季报,2017-1,2017一季度,calculate_parent_holder_net_profit_yoy_growth_ratio,37.482386,37.48238600,0.72720847,1.53178914,0.72720847
2017-03-31,2017一季报,2017-1,2017一季度,assets_debt_ratio,31.6316,,-0.17328294,,
2017-03-31,2017一季报,2017-1,2017一季度,index_deduct_holder_net_profit,61820508.5,61820508.5000,0.32734654,1.66906585,0.32734654
2017-03-31,2017一季报,2017-1,2017一季度,index_weighted_avg_roe,3.24,3.2400,0.10204082,2.68181818,0.10204082
2017-03-31,2017一季报,2017-1,2017一季度,pe_ttm,19.22,,,,
2017-03-31,2017一季报,2017-1,2017一季度,pb,3.37,,,,
2016-12-31,2016年报,2016-4,2016四季度,index_per_operating_cash_flow_net,0.1068,0.0161,-0.63537043,-0.87470817,-0.78675497
2016-12-31,2016年报,2016-4,2016四季度,deduct_net_profit_yoy_growth_ratio,31.8715,15.1980,-0.57922857,-0.65912608,-0.82702597
2016-12-31,2016年报,2016-4,2016四季度,parent_holder_net_profit,345772174.73,7981844.3900,1.62128603,-0.96665343,-0.70483549
2016-12-31,2016年报,2016-4,2016四季度,calc_per_net_assets,3.5236,,0.10589417,,
2016-12-31,2016年报,2016-4,2016四季度,inventory_turnover_ratio,1.2065,,-0.21390409,,
2016-12-31,2016年报,2016-4,2016四季度,conservative_quick_ratio,0.9638,,0.22139146,,
2016-12-31,2016年报,2016-4,2016四季度,equity_ratio,0.4165,,-0.27828799,,
2016-12-31,2016年报,2016-4,2016四季度,current_ratio,2.0653,,0.72050983,,
2016-12-31,2016年报,2016-4,2016四季度,basic_eps,0.6,0.0135,1.4,-0.96659243,-0.71398305
2016-12-31,2016年报,2016-4,2016四季度,business_cycle,304.6311,,0.27246788,,
2016-12-31,2016年报,2016-4,2016四季度,receive_accounts_turnover_days,6.2473,,0.2898051,,
2016-12-31,2016年报,2016-4,2016四季度,quick_ratio,0.9638,,0.22139146,,
2016-12-31,2016年报,2016-4,2016四季度,sale_gross_margin,67.4284,66.8708,0.07001352,-0.02186766,0.04135632
2016-12-31,2016年报,2016-4,2016四季度,inventory_turnover_days,298.3838,,0.27210986,,
2016-12-31,2016年报,2016-4,2016四季度,calculate_operating_income_total_yoy_growth_ratio,32.67827,46.25384700,0.04436992,0.49841086,0.11895809
2016-12-31,2016年报,2016-4,2016四季度,sale_net_interest_ratio,24.159,2.0306,0.93473212,-0.96760132,-0.79245707
2016-12-31,2016年报,2016-4,2016四季度,per_undistributed_profits,0.9866,,0.40581362,,
2016-12-31,2016年报,2016-4,2016四季度,operating_income_total,1439313472.82,392580858.2400,0.3267827,0.02460084,0.46253847
2016-12-31,2016年报,2016-4,2016四季度,per_capital_reserve,0.9544,,2.74127793,,
2016-12-31,2016年报,2016-4,2016四季度,index_full_diluted_roe,16.5673,0.3837,1.13364156,-0.96619651,-0.75358037
2016-12-31,2016年报,2016-4,2016四季度,calculate_parent_holder_net_profit_yoy_growth_ratio,162.128603,-70.48354900,1.21561071,-1.08867947,-1.75987168
2016-12-31,2016年报,2016-4,2016四季度,assets_debt_ratio,29.1579,,-0.19785033,,
2016-12-31,2016年报,2016-4,2016四季度,index_deduct_holder_net_profit,159161930.38,23161852.1500,0.31871538,-0.45843490,0.15198016
2016-12-31,2016年报,2016-4,2016四季度,index_weighted_avg_roe,16.74,0.8800,1.03897686,-0.91650854,-0.58878505
2016-12-31,2016年报,2016-4,2016四季度,pe_ttm,20.82,,,,
2016-12-31,2016年报,2016-4,2016四季度,pb,3.65,,,,
2016-09-30,2016三季报,2016-3,2016三季度,index_per_operating_cash_flow_net,0.0907,0.1285,-0.58279669,10.58955224,0.10871441
2016-09-30,2016三季报,2016-3,2016三季度,deduct_net_profit_yoy_growth_ratio,35.2043,44.5854,-0.52108401,0.39242349,0.20104088
2016-09-30,2016三季报,2016-3,2016三季度,parent_holder_net_profit,337790330.34,239360316.2300,2.22112027,3.93783188,7.94812505
2016-09-30,2016三季报,2016-3,2016三季度,calc_per_net_assets,3.4997,,0.21416181,,
2016-09-30,2016三季报,2016-3,2016三季度,inventory_turnover_ratio,1.1769,,-0.03111879,,
2016-09-30,2016三季报,2016-3,2016三季度,conservative_quick_ratio,0.9172,,0.13966203,,
2016-09-30,2016三季报,2016-3,2016三季度,equity_ratio,0.4702,,-0.30556786,,
2016-09-30,2016三季报,2016-3,2016三季度,current_ratio,1.7739,,0.49961958,,
2016-09-30,2016三季报,2016-3,2016三季度,basic_eps,0.583,0.4041,1.9744898,4.05125000,7.56144068
2016-09-30,2016三季报,2016-3,2016三季度,business_cycle,236.7161,,0.02691933,,
2016-09-30,2016三季报,2016-3,2016三季度,receive_accounts_turnover_days,7.2998,,-0.11343487,,
2016-09-30,2016三季报,2016-3,2016三季度,quick_ratio,0.9172,,0.13966203,,
2016-09-30,2016三季报,2016-3,2016三季度,sale_gross_margin,67.6375,68.3658,0.07990369,0.01384502,0.06463745
2016-09-30,2016三季报,2016-3,2016三季度,inventory_turnover_days,229.4163,,0.03211847,,
2016-09-30,2016三季报,2016-3,2016三季度,calculate_operating_income_total_yoy_growth_ratio,28.214701,30.86860100,-0.00271668,-0.02031288,-0.01782813
2016-09-30,2016三季报,2016-3,2016三季度,sale_net_interest_ratio,32.4584,62.6754,1.43104946,3.22557374,6.10138458
2016-09-30,2016三季报,2016-3,2016三季度,per_undistributed_profits,1.0577,,0.55521247,,
2016-09-30,2016三季报,2016-3,2016三季度,operating_income_total,1046732614.58,383154923.6500,0.28214701,0.18480035,0.30868601
2016-09-30,2016三季报,2016-3,2016三季度,per_capital_reserve,0.9314,,2.72858287,,
2016-09-30,2016三季报,2016-3,2016三季度,index_full_diluted_roe,16.295,11.3509,1.34659639,3.47890936,6.57282007
2016-09-30,2016三季报,2016-3,2016三季度,calculate_parent_holder_net_profit_yoy_growth_ratio,222.112027,794.81250500,2.23049174,24.83482688,43.87100551
2016-09-30,2016三季报,2016-3,2016三季度,assets_debt_ratio,31.7592,,-0.2079684,,
2016-09-30,2016三季报,2016-3,2016三季度,index_deduct_holder_net_profit,136000078.23,42768361.6500,0.35204322,-0.08334938,0.44585414
2016-09-30,2016三季报,2016-3,2016三季度,index_weighted_avg_roe,15.86,10.5400,1.61285008,3.42857143,6.80740741
2016-09-30,2016三季报,2016-3,2016三季度,pe_ttm,49.33,,,,
2016-09-30,2016三季报,2016-3,2016三季度,pb,3.43,,,,
2016-06-30,2016中报,2016-2,2016二季度,index_per_operating_cash_flow_net,-0.0378,-0.0134,-1.37241379,0.45081967,-1.73224044
2016-06-30,2016中报,2016-2,2016二季度,deduct_net_profit_yoy_growth_ratio,31.2964,32.0200,-0.67081093,0.04710672,-0.68800667
2016-06-30,2016中报,2016-2,2016二季度,parent_holder_net_profit,98430014.11,48474780.4600,0.26002399,-0.02963560,0.30765157
2016-06-30,2016中报,2016-2,2016二季度,calc_per_net_assets,3.6202,,0.05900249,,
2016-06-30,2016中报,2016-2,2016二季度,inventory_turnover_ratio,0.7445,,-0.1238084,,
2016-06-30,2016中报,2016-2,2016二季度,conservative_quick_ratio,1.0185,,0.24663403,,
2016-06-30,2016中报,2016-2,2016二季度,equity_ratio,0.4394,,-0.18508902,,
2016-06-30,2016中报,2016-2,2016二季度,current_ratio,1.7136,,0.43661972,,
2016-06-30,2016中报,2016-2,2016二季度,basic_eps,0.178,0.0800,0.21917808,-0.16054565,0.06524634
2016-06-30,2016中报,2016-2,2016二季度,business_cycle,249.3482,,0.15317364,,
2016-06-30,2016中报,2016-2,2016二季度,receive_accounts_turnover_days,7.5752,,0.72622656,,
2016-06-30,2016中报,2016-2,2016二季度,quick_ratio,1.0185,,0.24663403,,
2016-06-30,2016中报,2016-2,2016二季度,sale_gross_margin,67.217,67.4322,0.08843218,0.00626902,0.09468923
2016-06-30,2016中报,2016-2,2016二季度,inventory_turnover_days,241.773,,0.14130273,,
2016-06-30,2016中报,2016-2,2016二季度,calculate_operating_income_total_yoy_growth_ratio,26.73077,31.50863200,0.00485074,0.40038900,0.88055212
2016-06-30,2016中报,2016-2,2016二季度,sale_net_interest_ratio,15.0109,14.8324,-0.05357897,-0.02294361,-0.11319175
2016-06-30,2016中报,2016-2,2016二季度,per_undistributed_profits,0.8024,,0.26781482,,
2016-06-30,2016中报,2016-2,2016二季度,operating_income_total,663577690.93,323391973.0700,0.2673077,-0.04936640,0.31508632
2016-06-30,2016中报,2016-2,2016二季度,per_capital_reserve,0.9322,,2.82362592,,
2016-06-30,2016中报,2016-2,2016二季度,index_full_diluted_roe,4.5899,2.5343,0.02599696,-0.17981164,0.17133481
2016-06-30,2016中报,2016-2,2016二季度,calculate_parent_holder_net_profit_yoy_growth_ratio,26.002399,30.76515700,-0.73515832,0.41767495,-0.68188369
2016-06-30,2016中报,2016-2,2016二季度,assets_debt_ratio,30.3229,,-0.12877747,,
2016-06-30,2016中报,2016-2,2016二季度,index_deduct_holder_net_profit,93231716.58,46657211.4000,0.31296445,0.00177578,0.34508486
2016-06-30,2016中报,2016-2,2016二季度,index_weighted_avg_roe,5.32,2.3800,0.12711864,-0.19047619,0.15533981
2016-06-30,2016中报,2016-2,2016二季度,pe_ttm,40.94,,,,
2016-06-30,2016中报,2016-2,2016二季度,pb,3.64,,,,
2016-03-31,2016一季报,2016-1,2016一季度,index_per_operating_cash_flow_net,-0.0244,-0.0244,-1.29326923,-1.32317881,-1.29326923
2016-03-31,2016一季报,2016-1,2016一季度,deduct_net_profit_yoy_growth_ratio,30.5795,30.5795,-0.65392381,-0.65196346,-0.65392381
2016-03-31,2016一季报,2016-1,2016一季度,parent_holder_net_profit,49955233.65,49955233.6500,0.21701136,0.84731889,0.21701136
2016-03-31,2016一季报,2016-1,2016一季度,calc_per_net_assets,2.9816,,-0.15268976,,
2016-03-31,2016一季报,2016-1,2016一季度,inventory_turnover_ratio,0.393,,-0.1817614,,
2016-03-31,2016一季报,2016-1,2016一季度,conservative_quick_ratio,0.7657,,-0.06198701,,
2016-03-31,2016一季报,2016-1,2016一季度,equity_ratio,0.6269,,0.17243314,,
2016-03-31,2016一季报,2016-1,2016一季度,current_ratio,1.1851,,0.05652135,,
2016-03-31,2016一季报,2016-1,2016一季度,basic_eps,0.093,0.0953,0.20779221,1.01906780,0.22336329
2016-03-31,2016一季报,2016-1,2016一季度,business_cycle,235.5933,,0.22651631,,
2016-03-31,2016一季报,2016-1,2016一季度,receive_accounts_turnover_days,6.5857,,0.40109352,,
2016-03-31,2016一季报,2016-1,2016一季度,quick_ratio,0.7657,,-0.06198701,,
2016-03-31,2016一季报,2016-1,2016一季度,sale_gross_margin,67.0121,67.0121,0.08270187,0.04355673,0.08270187
2016-03-31,2016一季报,2016-1,2016一季度,inventory_turnover_days,229.0076,,0.22213713,,
2016-03-31,2016一季报,2016-1,2016一季度,calculate_operating_income_total_yoy_growth_ratio,22.499914,22.49991400,-0.3889147,-0.45568936,-0.38891470
2016-03-31,2016一季报,2016-1,2016一季度,sale_net_interest_ratio,15.1807,15.1807,0.00539098,0.55158422,0.00539098
2016-03-31,2016一季报,2016-1,2016一季度,per_undistributed_profits,0.7975,,0.29107981,,
2016-03-31,2016一季报,2016-1,2016一季度,operating_income_total,340185717.86,340185717.8600,0.22499914,0.26734324,0.22499914
2016-03-31,2016一季报,2016-1,2016一季度,per_capital_reserve,0.2597,,0.08752094,,
2016-03-31,2016一季报,2016-1,2016一季度,index_full_diluted_roe,3.1959,3.0899,0.44427874,0.98439407,0.27004809
2016-03-31,2016一季报,2016-1,2016一季度,calculate_parent_holder_net_profit_yoy_growth_ratio,21.701136,21.70113600,-0.7819594,-0.76604358,-0.78195940
2016-03-31,2016一季报,2016-1,2016一季度,assets_debt_ratio,38.2617,,0.10487788,,
2016-03-31,2016一季报,2016-1,2016一季度,index_deduct_holder_net_profit,46574505.18,46574505.1800,0.28228922,1.31643417,0.28228922
2016-03-31,2016一季报,2016-1,2016一季度,index_weighted_avg_roe,2.94,2.9400,0.10526316,0.37383178,0.10526316
2016-03-31,2016一季报,2016-1,2016一季度,pe_ttm,43.3,,,,
2016-03-31,2016一季报,2016-1,2016一季度,pb,3.4,,,,
2015-12-31,2015年报,2015-4,2015四季度,index_per_operating_cash_flow_net,0.2929,0.0755,0.26195605,-0.34857636,-0.52124287
2015-12-31,2015年报,2015-4,2015四季度,deduct_net_profit_yoy_growth_ratio,75.7454,87.8629,1.68343784,1.36684958,7.14163888
2015-12-31,2015年报,2015-4,2015四季度,parent_holder_net_profit,131909364.42,27042019.6200,0.73175582,0.01092519,0.92757173
2015-12-31,2015年报,2015-4,2015四季度,calc_per_net_assets,3.1862,,0.1055517,,
2015-12-31,2015年报,2015-4,2015四季度,inventory_turnover_ratio,1.5348,,-0.11046714,,
2015-12-31,2015年报,2015-4,2015四季度,conservative_quick_ratio,0.7891,,0.09036894,,
2015-12-31,2015年报,2015-4,2015四季度,equity_ratio,0.5771,,-0.02516892,,
2015-12-31,2015年报,2015-4,2015四季度,current_ratio,1.2004,,0.1099399,,
2015-12-31,2015年报,2015-4,2015四季度,basic_eps,0.25,0.0472,0.78571429,0.00000000,0.80152672
2015-12-31,2015年报,2015-4,2015四季度,business_cycle,239.4018,,0.12571838,,
2015-12-31,2015年报,2015-4,2015四季度,receive_accounts_turnover_days,4.8436,,0.20532537,,
2015-12-31,2015年报,2015-4,2015四季度,quick_ratio,0.7891,,0.09036894,,
2015-12-31,2015年报,2015-4,2015四季度,sale_gross_margin,63.0164,64.2151,0.05379829,0.00000000,0.11326643
2015-12-31,2015年报,2015-4,2015四季度,inventory_turnover_days,234.5582,,0.12418517,,
2015-12-31,2015年报,2015-4,2015四季度,calculate_operating_income_total_yoy_growth_ratio,31.289938,41.33653200,0.54310925,0.31523870,1.75648144
2015-12-31,2015年报,2015-4,2015四季度,sale_net_interest_ratio,12.487,9.7840,0.35372173,0.10856806,0.34364228
2015-12-31,2015年报,2015-4,2015四季度,per_undistributed_profits,0.7018,,0.29987035,,
2015-12-31,2015年报,2015-4,2015四季度,operating_income_total,1084814774.99,268424296.2400,0.31289938,-0.08318255,0.41336532
2015-12-31,2015年报,2015-4,2015四季度,per_capital_reserve,0.2551,,0.09438009,,
2015-12-31,2015年报,2015-4,2015四季度,index_full_diluted_roe,7.7648,1.5571,0.57341439,0.03882847,0.68974498
2015-12-31,2015年报,2015-4,2015四季度,calculate_parent_holder_net_profit_yoy_growth_ratio,73.175582,92.75717300,3.64085791,4.23659051,5.88559148
2015-12-31,2015年报,2015-4,2015四季度,assets_debt_ratio,36.3497,,-0.01558823,,
2015-12-31,2015年报,2015-4,2015四季度,index_deduct_holder_net_profit,120694679.24,20106120.7300,0.75745376,-0.32027983,0.87862888
2015-12-31,2015年报,2015-4,2015四季度,index_weighted_avg_roe,8.21,2.1400,0.20913108,0.58518519,3.11538462
2015-12-31,2015年报,2015-4,2015四季度,pe_ttm,55.93,,,,
2015-12-31,2015年报,2015-4,2015四季度,pb,4.39,,,,
2015-09-30,2015三季报,2015-3,2015三季度,index_per_operating_cash_flow_net,0.2174,0.1159,1.92204301,5.33333333,14.87671233
2015-09-30,2015三季报,2015-3,2015三季度,deduct_net_profit_yoy_growth_ratio,73.5083,37.1223,0.78584652,-0.63829138,-0.56869591
2015-09-30,2015三季报,2015-3,2015三季度,parent_holder_net_profit,104867344.8,26749773.2500,0.68754866,-0.27840038,0.17713276
2015-09-30,2015三季报,2015-3,2015三季度,calc_per_net_assets,2.8824,,0.02821674,,
2015-09-30,2015三季报,2015-3,2015三季度,inventory_turnover_ratio,1.2147,,-0.16146624,,
2015-09-30,2015三季报,2015-3,2015三季度,conservative_quick_ratio,0.8048,,0.03804979,,
2015-09-30,2015三季报,2015-3,2015三季度,equity_ratio,0.6771,,0.18043933,,
2015-09-30,2015三季报,2015-3,2015三季度,current_ratio,1.1829,,0.10067926,,
2015-09-30,2015三季报,2015-3,2015三季度,basic_eps,0.196,0.0472,0.68965517,-0.37150466,0.11320755
2015-09-30,2015三季报,2015-3,2015三季度,business_cycle,230.5109,,0.20250788,,
2015-09-30,2015三季报,2015-3,2015三季度,receive_accounts_turnover_days,8.2338,,0.5521122,,
2015-09-30,2015三季报,2015-3,2015三季度,quick_ratio,0.8048,,0.03804979,,
2015-09-30,2015三季报,2015-3,2015三季度,sale_gross_margin,62.6329,64.2151,0.03643145,0.04246308,0.05695343
2015-09-30,2015三季报,2015-3,2015三季度,inventory_turnover_days,222.2771,,0.19255752,,
2015-09-30,2015三季报,2015-3,2015三季度,calculate_operating_income_total_yoy_growth_ratio,28.29156,31.42892000,0.28899067,0.87579461,0.26301289
2015-09-30,2015三季报,2015-3,2015三季度,sale_net_interest_ratio,13.3516,8.8258,0.3618662,-0.47231788,-0.13377434
2015-09-30,2015三季报,2015-3,2015三季度,per_undistributed_profits,0.6801,,0.28806818,,
2015-09-30,2015三季报,2015-3,2015三季度,operating_income_total,816390478.75,292778344.3100,0.2829156,0.19059478,0.31428920
2015-09-30,2015三季报,2015-3,2015三季度,per_capital_reserve,0.2498,,-0.78767531,,
2015-09-30,2015三季报,2015-3,2015三季度,index_full_diluted_roe,6.9441,1.4989,0.67768355,-0.30721945,-0.18789619
2015-09-30,2015三季报,2015-3,2015三季度,calculate_parent_holder_net_profit_yoy_growth_ratio,68.754866,17.71327600,3.07196787,-0.81684208,-0.73569969
2015-09-30,2015三季报,2015-3,2015三季度,assets_debt_ratio,40.0984,,0.10820798,,
2015-09-30,2015三季报,2015-3,2015三季度,index_deduct_holder_net_profit,100588558.51,29579997.3800,0.73508343,-0.14723565,0.37122317
2015-09-30,2015三季报,2015-3,2015三季度,index_weighted_avg_roe,6.07,1.3500,-0.03189793,-0.34466019,-0.41048035
2015-09-30,2015三季报,2015-3,2015三季度,pe_ttm,53.53,,,,
2015-09-30,2015三季报,2015-3,2015三季度,pb,3.47,,,,
2015-06-30,2015中报,2015-2,2015二季度,index_per_operating_cash_flow_net,0.1015,0.0183,0.51266766,-0.78004808,-0.74758621
2015-06-30,2015中报,2015-2,2015二季度,deduct_net_profit_yoy_growth_ratio,95.0712,102.6304,3.04596175,0.16149506,1.27894356
2015-06-30,2015中报,2015-2,2015二季度,parent_holder_net_profit,78117571.55,37070104.5000,0.98180916,-0.09689666,0.96710404
2015-06-30,2015中报,2015-2,2015二季度,calc_per_net_assets,3.4185,,0.27081784,,
2015-06-30,2015中报,2015-2,2015二季度,inventory_turnover_ratio,0.8497,,-0.15721087,,
2015-06-30,2015中报,2015-2,2015二季度,conservative_quick_ratio,0.817,,0.11141341,,
2015-06-30,2015中报,2015-2,2015二季度,equity_ratio,0.5392,,-0.33986288,,
2015-06-30,2015中报,2015-2,2015二季度,current_ratio,1.1928,,0.12528302,,
2015-06-30,2015中报,2015-2,2015二季度,basic_eps,0.146,0.0751,0.97297297,-0.03594352,0.42504744
2015-06-30,2015中报,2015-2,2015二季度,business_cycle,216.2278,,0.18247795,,
2015-06-30,2015中报,2015-2,2015二季度,receive_accounts_turnover_days,4.3883,,0.01489396,,
2015-06-30,2015中报,2015-2,2015二季度,quick_ratio,0.817,,0.11141341,,
2015-06-30,2015中报,2015-2,2015二季度,sale_gross_margin,61.7558,61.5994,0.02487516,-0.00475010,0.01536245
2015-06-30,2015中报,2015-2,2015二季度,inventory_turnover_days,211.8395,,0.18653661,,
2015-06-30,2015中报,2015-2,2015二季度,calculate_operating_income_total_yoy_growth_ratio,26.601732,16.75499000,0.3024744,-0.54494368,-0.27326596
2015-06-30,2015中报,2015-2,2015二季度,sale_net_interest_ratio,15.8607,16.7256,0.6527416,0.10770698,0.86742589
2015-06-30,2015中报,2015-2,2015二季度,per_undistributed_profits,0.6329,,-0.13039297,,
2015-06-30,2015中报,2015-2,2015二季度,operating_income_total,523612134.44,245909312.0400,0.26601732,-0.11448753,0.16754990
2015-06-30,2015中报,2015-2,2015二季度,per_capital_reserve,0.2438,,-0.70056497,,
2015-06-30,2015中报,2015-2,2015二季度,index_full_diluted_roe,4.4736,2.1636,0.09072291,-0.11069094,0.12092011
2015-06-30,2015中报,2015-2,2015二季度,calculate_parent_holder_net_profit_yoy_growth_ratio,98.180916,96.71040400,2.94979246,-0.02830920,0.94173105
2015-06-30,2015中报,2015-2,2015二季度,assets_debt_ratio,34.805,,-0.21793547,,
2015-06-30,2015中报,2015-2,2015二季度,index_deduct_holder_net_profit,71008561.13,34687187.9300,0.95071242,-0.04499239,1.02630365
2015-06-30,2015中报,2015-2,2015二季度,index_weighted_avg_roe,4.72,2.0600,0.18592965,-0.22556391,0.09574468
2015-06-30,2015中报,2015-2,2015二季度,pe_ttm,82.99,,,,
2015-06-30,2015中报,2015-2,2015二季度,pb,4.28,,,,
2015-03-31,2015一季报,2015-1,2015一季度,index_per_operating_cash_flow_net,0.0832,0.0832,16.40740741,-0.47241598,16.40740741
2015-03-31,2015一季报,2015-1,2015一季度,deduct_net_profit_yoy_growth_ratio,88.3606,88.3606,8.69514697,7.17642824,8.69514697
2015-03-31,2015一季报,2015-1,2015一季度,parent_holder_net_profit,41047467.05,41047467.0500,0.99527961,1.92588860,0.99527961
2015-03-31,2015一季报,2015-1,2015一季度,calc_per_net_assets,3.5189,,0.26779795,,
2015-03-31,2015一季报,2015-1,2015一季度,inventory_turnover_ratio,0.4803,,-0.03959208,,
2015-03-31,2015一季报,2015-1,2015一季度,conservative_quick_ratio,0.8163,,0.00085826,,
2015-03-31,2015一季报,2015-1,2015一季度,equity_ratio,0.5347,,-0.25581072,,
2015-03-31,2015一季报,2015-1,2015一季度,current_ratio,1.1217,,-0.02409953,,
2015-03-31,2015一季报,2015-1,2015一季度,basic_eps,0.077,0.0779,0.97435897,1.97328244,0.35243056
2015-03-31,2015一季报,2015-1,2015一季度,business_cycle,192.0833,,0.03894236,,
2015-03-31,2015一季报,2015-1,2015一季度,receive_accounts_turnover_days,4.7004,,-0.04453705,,
2015-03-31,2015一季报,2015-1,2015一季度,quick_ratio,0.8163,,0.00085826,,
2015-03-31,2015一季报,2015-1,2015一季度,sale_gross_margin,61.8934,61.8934,0.03447043,0.07301623,0.03447043
2015-03-31,2015一季报,2015-1,2015一季度,inventory_turnover_days,187.3829,,0.04122436,,
2015-03-31,2015一季报,2015-1,2015一季度,calculate_operating_income_total_yoy_growth_ratio,36.819596,36.81959600,1.06735345,1.45527450,1.06735345
2015-03-31,2015一季报,2015-1,2015一季度,sale_net_interest_ratio,15.0993,15.0993,0.47155193,1.07359545,0.47155193
2015-03-31,2015一季报,2015-1,2015一季度,per_undistributed_profits,0.6177,,-0.25127273,,
2015-03-31,2015一季报,2015-1,2015一季度,operating_income_total,277702822.4,277702822.4000,0.36819596,0.46222061,0.36819596
2015-03-31,2015一季报,2015-1,2015一季度,per_capital_reserve,0.2388,,-0.70250405,,
2015-03-31,2015一季报,2015-1,2015一季度,index_full_diluted_roe,2.2128,2.4329,0.06661525,1.64015193,0.15830318
2015-03-31,2015一季报,2015-1,2015一季度,calculate_parent_holder_net_profit_yoy_growth_ratio,99.527961,99.52796100,2.43802704,6.38820360,2.43802704
2015-03-31,2015一季报,2015-1,2015一季度,assets_debt_ratio,34.6298,,-0.16304621,,
2015-03-31,2015一季报,2015-1,2015一季度,index_deduct_holder_net_profit,36321373.2,36321373.2000,0.88360604,2.39371187,0.88360604
2015-03-31,2015一季报,2015-1,2015一季度,index_weighted_avg_roe,2.66,2.6600,0.26666667,4.11538462,0.26666667
2015-03-31,2015一季报,2015-1,2015一季度,pe_ttm,71.09,,,,
2015-03-31,2015一季报,2015-1,2015一季度,pb,3.53,,,,
2014-12-31,2014年报,2014-4,2014四季度,index_per_operating_cash_flow_net,0.2321,0.1577,-0.34839978,20.60273973,-0.37618671
2014-12-31,2014年报,2014-4,2014四季度,deduct_net_profit_yoy_growth_ratio,28.227,-14.3061,-0.62877625,-1.16621490,-1.07259861
2014-12-31,2014年报,2014-4,2014四季度,parent_holder_net_profit,76170879.76,14029060.0900,-0.27709019,-0.38264650,0.13471199
2014-12-31,2014年报,2014-4,2014四季度,calc_per_net_assets,2.882,,0.0644506,,
2014-12-31,2014年报,2014-4,2014四季度,inventory_turnover_ratio,1.7254,,-0.02766977,,
2014-12-31,2014年报,2014-4,2014四季度,conservative_quick_ratio,0.7237,,-0.33660281,,
2014-12-31,2014年报,2014-4,2014四季度,equity_ratio,0.592,,-0.13664868,,
2014-12-31,2014年报,2014-4,2014四季度,current_ratio,1.0815,,-0.26167395,,
2014-12-31,2014年报,2014-4,2014四季度,basic_eps,0.14,0.0262,-0.3,-0.38207547,-0.24277457
2014-12-31,2014年报,2014-4,2014四季度,business_cycle,212.6658,,0.01874027,,
2014-12-31,2014年报,2014-4,2014四季度,receive_accounts_turnover_days,4.0185,,-0.31654676,,
2014-12-31,2014年报,2014-4,2014四季度,quick_ratio,0.7237,,-0.33660281,,
2014-12-31,2014年报,2014-4,2014四季度,sale_gross_margin,59.7993,57.6817,0.032434,-0.05058357,0.00452441
2014-12-31,2014年报,2014-4,2014四季度,inventory_turnover_days,208.6473,,0.02845756,,
2014-12-31,2014年报,2014-4,2014四季度,calculate_operating_income_total_yoy_growth_ratio,20.277202,14.99612200,-0.08186818,-0.39736092,-0.16410923
2014-12-31,2014年报,2014-4,2014四季度,sale_net_interest_ratio,9.2242,7.2817,-0.39872238,-0.28532310,-0.02404471
2014-12-31,2014年报,2014-4,2014四季度,per_undistributed_profits,0.5399,,-0.29654723,,
2014-12-31,2014年报,2014-4,2014四季度,operating_income_total,826274117.92,189918553.2100,0.20277202,-0.14745094,0.14996122
2014-12-31,2014年报,2014-4,2014四季度,per_capital_reserve,0.2331,,-0.70583039,,
2014-12-31,2014年报,2014-4,2014四季度,index_full_diluted_roe,4.935,0.9215,-0.54694844,-0.50073143,-0.28449414
2014-12-31,2014年报,2014-4,2014四季度,calculate_parent_holder_net_profit_yoy_growth_ratio,-27.709019,13.47119900,-1.18697877,-0.79899585,-0.49243089
2014-12-31,2014年报,2014-4,2014四季度,assets_debt_ratio,36.9253,,-0.08241659,,
2014-12-31,2014年报,2014-4,2014四季度,index_deduct_holder_net_profit,68675877.4,10702550.6600,0.2822696,-0.50386793,-0.14306149
2014-12-31,2014年报,2014-4,2014四季度,index_weighted_avg_roe,6.79,0.5200,-0.41816624,-0.77292576,-0.35802469
2014-12-31,2014年报,2014-4,2014四季度,pe_ttm,60.74,,,,
2014-12-31,2014年报,2014-4,2014四季度,pb,3.01,,,,
2014-09-30,2014三季报,2014-3,2014三季度,index_per_operating_cash_flow_net,0.0744,0.0073,-0.28046422,-0.89931034,-0.80585106
2014-09-30,2014三季报,2014-3,2014三季度,deduct_net_profit_yoy_growth_ratio,41.1616,86.0699,-0.27317674,0.91121192,20.33823384
2014-09-30,2014三季报,2014-3,2014三季度,parent_holder_net_profit,62141819.67,22724516.8900,-0.33183365,0.20586358,0.67019506
2014-09-30,2014三季报,2014-3,2014三季度,calc_per_net_assets,2.8033,,0.05138207,,
2014-09-30,2014三季报,2014-3,2014三季度,inventory_turnover_ratio,1.4486,,0.05368054,,
2014-09-30,2014三季报,2014-3,2014三季度,conservative_quick_ratio,0.7753,,-0.29779911,,
2014-09-30,2014三季报,2014-3,2014三季度,equity_ratio,0.5736,,-0.12494279,,
2014-09-30,2014三季报,2014-3,2014三季度,current_ratio,1.0747,,-0.28339001,,
2014-09-30,2014三季报,2014-3,2014三季度,basic_eps,0.116,0.0424,-0.35555556,-0.19544592,0.11286089
2014-09-30,2014三季报,2014-3,2014三季度,business_cycle,191.6918,,-0.05984442,,
2014-09-30,2014三季报,2014-3,2014三季度,receive_accounts_turnover_days,5.3049,,-0.29282144,,
2014-09-30,2014三季报,2014-3,2014三季度,quick_ratio,0.7753,,-0.29779911,,
2014-09-30,2014三季报,2014-3,2014三季度,sale_gross_margin,60.4313,60.7549,0.0405089,0.00144229,0.05230987
2014-09-30,2014三季报,2014-3,2014三季度,inventory_turnover_days,186.3869,,-0.05094551,,
2014-09-30,2014三季报,2014-3,2014三季度,calculate_operating_income_total_yoy_growth_ratio,21.948615,24.88408500,-0.06436477,0.07932692,-0.25751067
2014-09-30,2014三季报,2014-3,2014三季度,sale_net_interest_ratio,9.8039,10.1888,-0.45029689,0.13758723,0.34386747
2014-09-30,2014三季报,2014-3,2014三季度,per_undistributed_profits,0.528,,-0.30663165,,
2014-09-30,2014三季报,2014-3,2014三季度,operating_income_total,636355564.71,222765540.9400,0.21948615,0.05766586,0.24884085
2014-09-30,2014三季报,2014-3,2014三季度,per_capital_reserve,1.1765,,0.4970098,,
2014-09-30,2014三季报,2014-3,2014三季度,index_full_diluted_roe,4.1391,1.8457,-0.57605088,-0.04377785,0.23847547
2014-09-30,2014三季报,2014-3,2014三季度,calculate_parent_holder_net_profit_yoy_growth_ratio,-33.183365,67.01950600,-1.17979653,0.34560347,567.47739900
2014-09-30,2014三季报,2014-3,2014三季度,assets_debt_ratio,36.1831,,-0.07600474,,
2014-09-30,2014三季报,2014-3,2014三季度,index_deduct_holder_net_profit,57973326.74,21571979.0100,0.41161559,0.26015922,0.86069930
2014-09-30,2014三季报,2014-3,2014三季度,index_weighted_avg_roe,6.27,2.2900,-0.42265193,0.21808511,0.63571429
2014-09-30,2014三季报,2014-3,2014三季度,pe_ttm,67.08,,,,
2014-09-30,2014三季报,2014-3,2014三季度,pb,4.56,,,,
2014-06-30,2014中报,2014-2,2014二季度,index_per_operating_cash_flow_net,0.0671,0.0725,0.01975684,14.42592593,-0.15501166
2014-06-30,2014中报,2014-2,2014二季度,deduct_net_profit_yoy_growth_ratio,23.4978,45.0342,-0.7539822,3.94126554,-0.82307551
2014-06-30,2014中报,2014-2,2014二季度,parent_holder_net_profit,39417302.78,18845014.6900,-0.50354547,-0.08396117,0.49806282
2014-06-30,2014中报,2014-2,2014二季度,calc_per_net_assets,2.69,,0.05834678,,
2014-06-30,2014中报,2014-2,2014二季度,inventory_turnover_ratio,1.0082,,0.11773836,,
2014-06-30,2014中报,2014-2,2014二季度,conservative_quick_ratio,0.7351,,-0.31561307,,
2014-06-30,2014中报,2014-2,2014二季度,equity_ratio,0.8168,,0.21601906,,
2014-06-30,2014中报,2014-2,2014二季度,current_ratio,1.06,,-0.28667564,,
2014-06-30,2014中报,2014-2,2014二季度,basic_eps,0.074,0.0527,-0.68376068,-0.08506944,0.43989071
2014-06-30,2014中报,2014-2,2014二季度,business_cycle,182.8599,,-0.11531832,,
2014-06-30,2014中报,2014-2,2014二季度,receive_accounts_turnover_days,4.3239,,-0.3943439,,
2014-06-30,2014中报,2014-2,2014二季度,quick_ratio,0.7351,,-0.31561307,,
2014-06-30,2014中报,2014-2,2014二季度,sale_gross_margin,60.2569,60.6674,0.03432537,0.01397938,0.01084367
2014-06-30,2014中报,2014-2,2014二季度,inventory_turnover_days,178.536,,-0.10533608,,
2014-06-30,2014中报,2014-2,2014二季度,calculate_operating_income_total_yoy_growth_ratio,20.423996,23.05518800,0.08575447,0.29450694,1.04646008
2014-06-30,2014中报,2014-2,2014二季度,sale_net_interest_ratio,9.5966,8.9565,-0.58564082,-0.12711484,0.22885367
2014-06-30,2014中报,2014-2,2014二季度,per_undistributed_profits,0.7278,,-0.03243818,,
2014-06-30,2014中报,2014-2,2014二季度,operating_income_total,413590023.77,210619959.1300,0.20423996,0.03768977,0.23055188
2014-06-30,2014中报,2014-2,2014二季度,per_capital_reserve,0.8142,,0.22288976,,
2014-06-30,2014中报,2014-2,2014二季度,index_full_diluted_roe,4.1015,1.9302,-0.54887921,-0.08103218,0.35500176
2014-06-30,2014中报,2014-2,2014二季度,calculate_parent_holder_net_profit_yoy_growth_ratio,-50.354547,49.80628200,-1.1594306,1.71962471,-0.36773998
2014-06-30,2014中报,2014-2,2014二季度,assets_debt_ratio,44.504,,0.12111204,,
2014-06-30,2014中报,2014-2,2014二季度,index_deduct_holder_net_profit,36401347.73,17118455.0300,0.2349781,-0.11224652,0.45034249
2014-06-30,2014中报,2014-2,2014二季度,index_weighted_avg_roe,3.98,1.8800,-0.57928118,-0.10476190,0.49206349
2014-06-30,2014中报,2014-2,2014二季度,pe_ttm,75.23,,,,
2014-06-30,2014中报,2014-2,2014二季度,pb,4.49,,,,
2014-03-31,2014一季报,2014-1,2014一季度,index_per_operating_cash_flow_net,-0.0054,-0.0054,0.73,-1.02136076,0.73000000
2014-03-31,2014一季报,2014-1,2014一季度,deduct_net_profit_yoy_growth_ratio,9.1139,9.1139,-0.81932423,-0.95375005,-0.81932423
2014-03-31,2014一季报,2014-1,2014一季度,parent_holder_net_profit,20572288.09,20572288.0900,-0.69211467,0.66394768,-0.69211467
2014-03-31,2014一季报,2014-1,2014一季度,calc_per_net_assets,2.7756,,-0.28830769,,
2014-03-31,2014一季报,2014-1,2014一季度,inventory_turnover_ratio,0.5001,,0.05129283,,
2014-03-31,2014一季报,2014-1,2014一季度,conservative_quick_ratio,0.8156,,-0.34668376,,
2014-03-31,2014一季报,2014-1,2014一季度,equity_ratio,0.7185,,0.09895993,,
2014-03-31,2014一季报,2014-1,2014一季度,current_ratio,1.1494,,-0.28225303,,
2014-03-31,2014一季报,2014-1,2014一季度,basic_eps,0.039,0.0576,-0.80788177,0.66473988,-0.80253685
2014-03-31,2014一季报,2014-1,2014一季度,business_cycle,184.8835,,-0.05831722,,
2014-03-31,2014一季报,2014-1,2014一季度,receive_accounts_turnover_days,4.9195,,-0.31082066,,
2014-03-31,2014一季报,2014-1,2014一季度,quick_ratio,0.8156,,-0.34668376,,
2014-03-31,2014一季报,2014-1,2014一季度,sale_gross_margin,59.831,59.8310,0.05878147,0.04195438,0.05878147
2014-03-31,2014一季报,2014-1,2014一季度,inventory_turnover_days,179.964,,-0.04879043,,
2014-03-31,2014一季报,2014-1,2014一季度,calculate_operating_income_total_yoy_growth_ratio,17.810015,17.81001500,-0.34983212,-0.00726153,-0.34983212
2014-03-31,2014一季报,2014-1,2014一季度,sale_net_interest_ratio,10.2608,10.2608,-0.73641527,0.37523958,-0.73641527
2014-03-31,2014一季报,2014-1,2014一季度,per_undistributed_profits,0.825,,-0.29685502,,
2014-03-31,2014一季报,2014-1,2014一季度,operating_income_total,202970064.64,202970064.6400,0.17810015,0.22898843,0.17810015
2014-03-31,2014一季报,2014-1,2014一季度,per_capital_reserve,0.8027,,-0.47842755,,
2014-03-31,2014一季报,2014-1,2014一季度,index_full_diluted_roe,2.0746,2.1004,-0.72277678,0.63087196,-0.75290575
2014-03-31,2014一季报,2014-1,2014一季度,calculate_parent_holder_net_profit_yoy_growth_ratio,-69.211467,-69.21146700,-1.1523826,-3.60775622,-1.15238260
2014-03-31,2014一季报,2014-1,2014一季度,assets_debt_ratio,41.376,,0.05935849,,
2014-03-31,2014一季报,2014-1,2014一季度,index_deduct_holder_net_profit,19282892.7,19282892.7000,0.09113935,0.54395470,0.09113935
2014-03-31,2014一季报,2014-1,2014一季度,index_weighted_avg_roe,2.1,2.1000,-0.74390244,1.59259259,-0.74390244
2014-03-31,2014一季报,2014-1,2014一季度,pe_ttm,32.02,,,,
2014-03-31,2014一季报,2014-1,2014一季度,pb,3.45,,,,
2013-12-31,2013年报,2013-4,2013四季度,index_per_operating_cash_flow_net,0.3562,0.2528,3.6319896,5.72340426,-0.00823852
2013-12-31,2013年报,2013-4,2013四季度,deduct_net_profit_yoy_growth_ratio,76.0377,197.0575,-0.41797474,47.85400139,4.30937626
2013-12-31,2013年报,2013-4,2013四季度,parent_holder_net_profit,105367058.23,12363542.6500,1.481934,-0.09131059,0.26540620
2013-12-31,2013年报,2013-4,2013四季度,calc_per_net_assets,2.7075,,-0.19993499,,
2013-12-31,2013年报,2013-4,2013四季度,inventory_turnover_ratio,1.7745,,0.06066946,,
2013-12-31,2013年报,2013-4,2013四季度,conservative_quick_ratio,1.0909,,0.39145408,,
2013-12-31,2013年报,2013-4,2013四季度,equity_ratio,0.6857,,-0.22026382,,
2013-12-31,2013年报,2013-4,2013四季度,current_ratio,1.4648,,0.23957011,,
2013-12-31,2013年报,2013-4,2013四季度,basic_eps,0.2,0.0346,0.42857143,-0.09186352,-0.28952772
2013-12-31,2013年报,2013-4,2013四季度,business_cycle,208.7537,,-0.07381117,,
2013-12-31,2013年报,2013-4,2013四季度,receive_accounts_turnover_days,5.8797,,-0.42399365,,
2013-12-31,2013年报,2013-4,2013四季度,quick_ratio,1.0909,,0.39145408,,
2013-12-31,2013年报,2013-4,2013四季度,sale_gross_margin,57.9207,57.4219,0.04899349,-0.00541961,0.02755812
2013-12-31,2013年报,2013-4,2013四季度,inventory_turnover_days,202.874,,-0.05719941,,
2013-12-31,2013年报,2013-4,2013四季度,calculate_operating_income_total_yoy_growth_ratio,22.085284,17.94028900,-0.12998897,-0.46469910,-0.42632198
2013-12-31,2013年报,2013-4,2013四季度,sale_net_interest_ratio,15.341,7.4611,1.06726947,-0.01590672,0.05739715
2013-12-31,2013年报,2013-4,2013四季度,per_undistributed_profits,0.7675,,-0.23715336,,
2013-12-31,2013年报,2013-4,2013四季度,operating_income_total,686974842.83,165152136.5400,0.22085284,-0.07414435,0.17940289
2013-12-31,2013年报,2013-4,2013四季度,per_capital_reserve,0.7924,,-0.32052821,,
2013-12-31,2013年报,2013-4,2013四季度,index_full_diluted_roe,10.8928,1.2879,0.742848,-0.13581158,-0.10131882
2013-12-31,2013年报,2013-4,2013四季度,calculate_parent_holder_net_profit_yoy_growth_ratio,148.1934,26.54062000,2.51032317,224.12464693,-0.86397774
2013-12-31,2013年报,2013-4,2013四季度,assets_debt_ratio,40.2419,,-0.1280554,,
2013-12-31,2013年报,2013-4,2013四季度,index_deduct_holder_net_profit,53558064.16,12489286.6000,0.76037655,0.07726819,1.97057507
2013-12-31,2013年报,2013-4,2013四季度,index_weighted_avg_roe,11.67,0.8100,0.86421725,-0.42142857,-0.42553191
2013-12-31,2013年报,2013-4,2013四季度,pe_ttm,33.44,,,,
2013-12-31,2013年报,2013-4,2013四季度,pb,3.61,,,,
