report_date,report_name,report_period,quarter_name,metric_name,value,single,yoy,mom,single_yoy
2026-06-30,2026中报,2026-2,2026二季度,index_per_operating_cash_flow_net,56.5489,35.0600,4.41474601,0.63154000,9.21889300
2026-06-30,2026中报,2026-2,2026二季度,deduct_net_profit_yoy_growth_ratio,-2.0402,-7.0988,-1.22852726,-5.88595223,-2.35690802
2026-06-30,2026中报,2026-2,2026二季度,parent_holder_net_profit,44516880421.8600,17274367535.4100,-0.01951595,-0.36590403,-0.06904267
2026-06-30,2026中报,2026-2,2026二季度,calc_per_net_assets,200.9898,,0.05797859,,
2026-06-30,2026中报,2026-2,2026二季度,inventory_turnover_ratio,0.1544,,0.08503162,,
2026-06-30,2026中报,2026-2,2026二季度,conservative_quick_ratio,1.1484,,-0.09802074,,
2026-06-30,2026中报,2026-2,2026二季度,equity_ratio,0.1869,,0.03431101,,
2026-06-30,2026中报,2026-2,2026二季度,current_ratio,5.5895,,-0.02446899,,
2026-06-30,2026中报,2026-2,2026二季度,basic_eps,35.5700,13.8186,-0.01686014,-0.36479349,-0.06449036
2026-06-30,2026中报,2026-2,2026二季度,business_cycle,1165.8063,,-0.07840707,,
2026-06-30,2026中报,2026-2,2026二季度,receive_accounts_turnover_days,0.0032,,-0.94415358,,
2026-06-30,2026中报,2026-2,2026二季度,quick_ratio,4.2348,,-0.04356664,,
2026-06-30,2026中报,2026-2,2026二季度,sale_gross_margin,89.5552,89.2563,-0.01910310,-0.00560277,-0.01286667
2026-06-30,2026中报,2026-2,2026二季度,inventory_turnover_days,1165.8031,,-0.07836785,,
2026-06-30,2026中报,2026-2,2026二季度,calculate_operating_income_total_yoy_growth_ratio,1.30009900,-5.23363400,-0.85803940,-1.82601429,-1.72085326
2026-06-30,2026中报,2026-2,2026二季度,sale_net_interest_ratio,50.7516,48.5935,-0.03448171,-0.06952675,-0.01891566
2026-06-30,2026中报,2026-2,2026二季度,per_undistributed_profits,159.7361,,0.04700700,,
2026-06-30,2026中报,2026-2,2026二季度,operating_income_total,92278072083.2100,37575159697.9800,0.01300099,-0.31310495,-0.05233634
2026-06-30,2026中报,2026-2,2026二季度,per_capital_reserve,0.0013,,-0.99881224,,
2026-06-30,2026中报,2026-2,2026二季度,index_full_diluted_roe,17.7179,6.6167,-0.06871413,-0.37393435,-0.11386251
2026-06-30,2026中报,2026-2,2026二季度,calculate_parent_holder_net_profit_yoy_growth_ratio,-1.95159500,-6.90426700,-1.21949078,-5.69225400,-2.31574357
2026-06-30,2026中报,2026-2,2026二季度,assets_debt_ratio,15.1931,,0.02969861,,
2026-06-30,2026中报,2026-2,2026二季度,index_deduct_holder_net_profit,44464207646.0100,17224222451.6000,-0.02040174,-0.36768606,-0.07098790
2026-06-30,2026中报,2026-2,2026二季度,index_weighted_avg_roe,16.7500,6.1800,-0.06372275,-0.41532640,-0.11334290
2026-06-30,2026中报,2026-2,2026二季度,fcf_to_net_profit_ratio,1.5692610691668312,,,,
2026-06-30,2026中报,2026-2,2026二季度,pe_ttm,18.76,,,,
2026-06-30,2026中报,2026-2,2026二季度,pb,5.73,,,,
2026-03-31,2026一季报,2026-1,2026一季度,index_per_operating_cash_flow_net,21.4889,21.4889,2.06432707,0.15367353,2.06432707
2026-03-31,2026一季报,2026-1,2026一季度,deduct_net_profit_yoy_growth_ratio,1.4529,1.4529,-0.87512785,1.04712770,-0.87512785
2026-03-31,2026一季报,2026-1,2026一季度,parent_holder_net_profit,27242512886.4500,27242512886.4500,0.01471418,0.53970607,0.01471418
2026-03-31,2026一季报,2026-1,2026一季度,calc_per_net_assets,216.3223,,0.05181106,,
2026-03-31,2026一季报,2026-1,2026一季度,inventory_turnover_ratio,0.0904,,0.21505376,,
2026-03-31,2026一季报,2026-1,2026一季度,conservative_quick_ratio,1.2711,,0.02524601,,
2026-03-31,2026一季报,2026-1,2026一季度,equity_ratio,0.1432,,-0.16257310,,
2026-03-31,2026一季报,2026-1,2026一季度,current_ratio,7.0607,,0.16227428,,
2026-03-31,2026一季报,2026-1,2026一季度,basic_eps,21.7600,21.7545,0.01777362,0.53970557,0.01789725
2026-03-31,2026一季报,2026-1,2026一季度,business_cycle,995.6044,,-0.17698770,,
2026-03-31,2026一季报,2026-1,2026一季度,receive_accounts_turnover_days,0.0292,,-0.03947368,,
2026-03-31,2026一季报,2026-1,2026一季度,quick_ratio,5.4299,,0.13487021,,
2026-03-31,2026一季报,2026-1,2026一季度,sale_gross_margin,89.7592,89.7592,-0.02407647,-0.01165304,-0.02407647
2026-03-31,2026一季报,2026-1,2026一季度,inventory_turnover_days,995.5752,,-0.17699115,,
2026-03-31,2026一季报,2026-1,2026一季度,calculate_operating_income_total_yoy_growth_ratio,6.33600900,6.33600900,-0.40603994,1.32748944,-0.40603994
2026-03-31,2026一季报,2026-1,2026一季度,sale_net_interest_ratio,52.2245,52.2245,-0.04855209,0.14550775,-0.04855209
2026-03-31,2026一季报,2026-1,2026一季度,per_undistributed_profits,175.0003,,0.04865637,,
2026-03-31,2026一季报,2026-1,2026一季度,operating_income_total,54702912385.2300,54702912385.2300,0.06336009,0.32934477,0.06336009
2026-03-31,2026一季报,2026-1,2026一季度,per_capital_reserve,0.0013,,-0.99881224,,
2026-03-31,2026一季报,2026-1,2026一季度,index_full_diluted_roe,10.0565,10.5687,-0.03224720,0.49842625,-0.03265754
2026-03-31,2026一季报,2026-1,2026一季度,calculate_parent_holder_net_profit_yoy_growth_ratio,1.47141800,1.47141800,-0.87272695,1.04849301,-0.87272695
2026-03-31,2026一季报,2026-1,2026一季度,assets_debt_ratio,12.1227,,-0.14284805,,
2026-03-31,2026一季报,2026-1,2026一季度,index_deduct_holder_net_profit,27239985194.4100,27239985194.4100,0.01452898,0.54662874,0.01452898
2026-03-31,2026一季报,2026-1,2026一季度,index_weighted_avg_roe,10.5700,10.5700,-0.03205128,0.33967047,-0.03205128
2026-03-31,2026一季报,2026-1,2026一季度,fcf_to_net_profit_ratio,0.9655900611989339,,,,
2026-03-31,2026一季报,2026-1,2026一季度,pe_ttm,19.58,,,,
2026-03-31,2026一季报,2026-1,2026一季度,pb,6.86,,,,
2025-12-31,2025年报,2025-4,2025四季度,index_per_operating_cash_flow_net,49.1285,18.6265,-0.33254762,-0.07139118,-0.51295883
2025-12-31,2025年报,2025-4,2025四季度,deduct_net_profit_yoy_growth_ratio,-4.5776,-30.8290,-1.29785600,-33.40042039,-2.91837166
2025-12-31,2025年报,2025-4,2025四季度,parent_holder_net_profit,82320067101.6800,17693320389.5000,-0.04532255,-0.07961305,-0.30342888
2025-12-31,2025年报,2025-4,2025四季度,calc_per_net_assets,195.3554,,0.05276165,,
2025-12-31,2025年报,2025-4,2025四季度,inventory_turnover_ratio,0.2573,,-0.05991962,,
2025-12-31,2025年报,2025-4,2025四季度,conservative_quick_ratio,1.0427,,-0.04304332,,
2025-12-31,2025年报,2025-4,2025四季度,equity_ratio,0.2039,,-0.16502867,,
2025-12-31,2025年报,2025-4,2025四季度,current_ratio,5.0900,,0.14276734,,
2025-12-31,2025年报,2025-4,2025四季度,basic_eps,65.6600,14.1290,-0.04341492,-0.07960993,-0.30124331
2025-12-31,2025年报,2025-4,2025四季度,business_cycle,1399.1680,,0.06368876,,
2025-12-31,2025年报,2025-4,2025四季度,receive_accounts_turnover_days,0.0230,,-0.72488038,,
2025-12-31,2025年报,2025-4,2025四季度,quick_ratio,3.3090,,-0.04579272,,
2025-12-31,2025年报,2025-4,2025四季度,sale_gross_margin,91.1796,90.8175,-0.00817568,-0.00506465,-0.02236080
2025-12-31,2025年报,2025-4,2025四季度,inventory_turnover_days,1399.1450,,0.06373888,,
2025-12-31,2025年报,2025-4,2025四季度,calculate_operating_income_total_yoy_growth_ratio,-1.20009700,-19.34721600,-1.07661507,-56.31790499,-2.51521376
2025-12-31,2025年报,2025-4,2025四季度,sale_net_interest_ratio,50.5279,45.5907,-0.03339174,-0.10558418,-0.13123173
2025-12-31,2025年报,2025-4,2025四季度,per_undistributed_profits,153.2458,,0.05317421,,
2025-12-31,2025年报,2025-4,2025四季度,operating_income_total,172054171890.9100,41150282256.0300,-0.01200097,0.03366367,-0.19347216
2025-12-31,2025年报,2025-4,2025四季度,per_capital_reserve,0.0013,,-0.99881224,,
2025-12-31,2025年报,2025-4,2025四季度,index_full_diluted_roe,33.6498,7.0532,-0.09032467,-0.09061372,-0.34632067
2025-12-31,2025年报,2025-4,2025四季度,calculate_parent_holder_net_profit_yoy_growth_ratio,-4.53225500,-30.34288800,-1.29468563,-64.20750252,-2.87208335
2025-12-31,2025年报,2025-4,2025四季度,assets_debt_ratio,16.4154,,-0.13806393,,
2025-12-31,2025年报,2025-4,2025四季度,index_deduct_holder_net_profit,82293107655.2500,17612491224.0500,-0.04577640,-0.08698007,-0.30829046
2025-12-31,2025年报,2025-4,2025四季度,index_weighted_avg_roe,32.5300,7.8900,-0.09689062,0.16888889,-0.20543807
2025-12-31,2025年报,2025-4,2025四季度,fcf_to_net_profit_ratio,0.7093605742669309,,,,
2025-12-31,2025年报,2025-4,2025四季度,pe_ttm,19.49,,,,
2025-12-31,2025年报,2025-4,2025四季度,pb,6.82,,,,
2025-09-30,2025三季报,2025-3,2025三季度,index_per_operating_cash_flow_net,30.5020,20.0585,-0.13743079,4.84642514,2.23060445
2025-09-30,2025三季报,2025-3,2025三季度,deduct_net_profit_yoy_growth_ratio,6.4200,0.9515,-0.57418585,-0.81812447,-0.92835900
2025-09-30,2025三季报,2025-3,2025三季度,parent_holder_net_profit,64626746712.1800,19223784414.0800,0.06245845,0.03601610,0.00480052
2025-09-30,2025三季报,2025-3,2025三季度,calc_per_net_assets,205.2831,,0.08483781,,
2025-09-30,2025三季报,2025-3,2025三季度,inventory_turnover_ratio,0.2030,,-0.06062008,,
2025-09-30,2025三季报,2025-3,2025三季度,conservative_quick_ratio,1.4720,,-0.07328129,,
2025-09-30,2025三季报,2025-3,2025三季度,equity_ratio,0.1518,,-0.07664234,,
2025-09-30,2025三季报,2025-3,2025三季度,current_ratio,6.6193,,0.07510273,,
2025-09-30,2025三季报,2025-3,2025三季度,basic_eps,51.5300,15.3511,0.06422966,0.03925883,0.00795141
2025-09-30,2025三季报,2025-3,2025三季度,business_cycle,1330.0961,,0.06450234,,
2025-09-30,2025三季报,2025-3,2025三季度,receive_accounts_turnover_days,0.0468,,-0.40609137,,
2025-09-30,2025三季报,2025-3,2025三季度,quick_ratio,5.0555,,0.03047289,,
2025-09-30,2025三季报,2025-3,2025三季度,sale_gross_margin,91.2934,91.2798,-0.00260020,0.00951231,0.00253930
2025-09-30,2025三季报,2025-3,2025三季度,inventory_turnover_days,1330.0493,,0.06453202,,
2025-09-30,2025三季报,2025-3,2025三季度,calculate_operating_income_total_yoy_growth_ratio,6.32000200,0.34974600,-0.62620874,-0.95182782,-0.97752754
2025-09-30,2025三季报,2025-3,2025三季度,sale_net_interest_ratio,52.0801,50.9726,-0.00208091,0.02911747,-0.00272734
2025-09-30,2025三季报,2025-3,2025三季度,per_undistributed_profits,168.3942,,0.09659127,,
2025-09-30,2025三季报,2025-3,2025三季度,operating_income_total,130903889634.8800,39810127080.9100,0.06320002,0.00403061,0.00349746
2025-09-30,2025三季报,2025-3,2025三季度,per_capital_reserve,1.0980,,0.00319781,,
2025-09-30,2025三季报,2025-3,2025三季度,index_full_diluted_roe,25.1398,7.7560,-0.01755442,0.03871754,-0.07512521
2025-09-30,2025三季报,2025-3,2025三季度,calculate_parent_holder_net_profit_yoy_growth_ratio,6.24584500,0.48005200,-0.58465258,-0.90851667,-0.96372827
2025-09-30,2025三季报,2025-3,2025三季度,assets_debt_ratio,12.8088,,-0.06014602,,
2025-09-30,2025三季报,2025-3,2025三季度,index_deduct_holder_net_profit,64680616431.2000,19290368807.3800,0.06419977,0.04045254,0.00951539
2025-09-30,2025三季报,2025-3,2025三季度,index_weighted_avg_roe,24.6400,6.7500,-0.05557685,-0.03156385,-0.20212766
2025-09-30,2025三季报,2025-3,2025三季度,fcf_to_net_profit_ratio,0.5557132567004399,,,,
2025-09-30,2025三季报,2025-3,2025三季度,pe_ttm,20.04,,,,
2025-09-30,2025三季报,2025-3,2025三季度,pb,7.55,,,,
2025-06-30,2025中报,2025-2,2025二季度,index_per_operating_cash_flow_net,10.4435,3.4309,-0.64176806,-0.51075207,-0.84290175
2025-06-30,2025中报,2025-2,2025二季度,deduct_net_profit_yoy_growth_ratio,8.9276,5.2316,-0.43920349,-0.55036055,-0.67604387
2025-06-30,2025中报,2025-2,2025二季度,parent_holder_net_profit,45402962298.1000,18555488059.3400,0.08891467,-0.30885535,0.05247426
2025-06-30,2025中报,2025-2,2025二季度,calc_per_net_assets,189.9753,,0.09182587,,
2025-06-30,2025中报,2025-2,2025二季度,inventory_turnover_ratio,0.1423,,-0.00697837,,
2025-06-30,2025中报,2025-2,2025二季度,conservative_quick_ratio,1.2732,,0.05949904,,
2025-06-30,2025中报,2025-2,2025二季度,equity_ratio,0.1807,,-0.22810765,,
2025-06-30,2025中报,2025-2,2025二季度,current_ratio,5.7297,,0.25337971,,
2025-06-30,2025中报,2025-2,2025二季度,basic_eps,36.1800,14.7712,0.09008738,-0.30885270,0.05247707
2025-06-30,2025中报,2025-2,2025二季度,business_cycle,1264.9905,,0.00701861,,
2025-06-30,2025中报,2025-2,2025二季度,receive_accounts_turnover_days,0.0573,,-0.15486726,,
2025-06-30,2025中报,2025-2,2025二季度,quick_ratio,4.4277,,0.22089560,,
2025-06-30,2025中报,2025-2,2025二季度,sale_gross_margin,91.2993,90.4197,-0.00502396,-0.01689507,-0.00287383
2025-06-30,2025中报,2025-2,2025二季度,inventory_turnover_days,1264.9332,,0.00702735,,
2025-06-30,2025中报,2025-2,2025二季度,calculate_operating_income_total_yoy_growth_ratio,9.15816800,7.26033200,-0.47840587,-0.31939060,-0.57174036
2025-06-30,2025中报,2025-2,2025二季度,sale_net_interest_ratio,52.5641,49.5304,-0.00256171,-0.09763434,-0.02113254
2025-06-30,2025中报,2025-2,2025二季度,per_undistributed_profits,152.5645,,0.10289132,,
2025-06-30,2025中报,2025-2,2025二季度,operating_income_total,91093762553.9700,39650311970.2000,0.09158168,-0.22924470,0.07260332
2025-06-30,2025中报,2025-2,2025二季度,per_capital_reserve,1.0945,,0.00000000,,
2025-06-30,2025中报,2025-2,2025二季度,index_full_diluted_roe,19.0252,7.4669,-0.00266826,-0.31656217,-0.02947866
2025-06-30,2025中报,2025-2,2025二季度,calculate_parent_holder_net_profit_yoy_growth_ratio,8.89146700,5.24742600,-0.44023150,-0.54611408,-0.67406567
2025-06-30,2025中报,2025-2,2025二季度,assets_debt_ratio,14.7549,,-0.19478613,,
2025-06-30,2025中报,2025-2,2025二季度,index_deduct_holder_net_profit,45390247623.8200,18540363920.9200,0.08927624,-0.30948066,0.05231607
2025-06-30,2025中报,2025-2,2025二季度,index_weighted_avg_roe,17.8900,6.9700,0.01474759,-0.36172161,-0.01274788
2025-06-30,2025中报,2025-2,2025二季度,fcf_to_net_profit_ratio,0.25379544943441307,,,,
2025-06-30,2025中报,2025-2,2025二季度,pe_ttm,19.8,,,,
2025-06-30,2025中报,2025-2,2025二季度,pb,6.82,,,,
2025-03-31,2025一季报,2025-1,2025一季度,index_per_operating_cash_flow_net,7.0126,7.0126,-0.04116931,-0.81663625,-0.04116931
2025-03-31,2025一季报,2025-1,2025一季度,deduct_net_profit_yoy_growth_ratio,11.6351,11.6351,-0.26135260,-0.27599189,-0.26135260
2025-03-31,2025一季报,2025-1,2025一季度,parent_holder_net_profit,26847474238.7600,26847474238.7600,0.11561112,0.05696244,0.11561112
2025-03-31,2025一季报,2025-1,2025一季度,calc_per_net_assets,205.6665,,0.07769525,,
2025-03-31,2025一季报,2025-1,2025一季度,inventory_turnover_ratio,0.0744,,0.02620690,,
2025-03-31,2025一季报,2025-1,2025一季度,conservative_quick_ratio,1.2398,,-0.41967796,,
2025-03-31,2025一季报,2025-1,2025一季度,equity_ratio,0.1710,,0.10823072,,
2025-03-31,2025一季报,2025-1,2025一季度,current_ratio,6.0749,,-0.06266008,,
2025-03-31,2025一季报,2025-1,2025一季度,basic_eps,21.3800,21.3720,0.11586639,0.05696284,0.11561188
2025-03-31,2025一季报,2025-1,2025一季度,business_cycle,1209.7078,,-0.02561613,,
2025-03-31,2025一季报,2025-1,2025一季度,receive_accounts_turnover_days,0.0304,,-0.76829268,,
2025-03-31,2025一季报,2025-1,2025一季度,quick_ratio,4.7846,,-0.07970764,,
2025-03-31,2025一季报,2025-1,2025一季度,sale_gross_margin,91.9736,91.9736,-0.00690722,-0.00991553,-0.00690722
2025-03-31,2025一季报,2025-1,2025一季度,inventory_turnover_days,1209.6774,,-0.02553764,,
2025-03-31,2025一季报,2025-1,2025一季度,calculate_operating_income_total_yoy_growth_ratio,10.66739900,10.66739900,-0.40879812,-0.16456250,-0.40879812
2025-03-31,2025一季报,2025-1,2025一季度,sale_net_interest_ratio,54.8895,54.8895,0.00979077,0.04596455,0.00979077
2025-03-31,2025一季报,2025-1,2025一季度,per_undistributed_profits,166.8805,,0.06387502,,
2025-03-31,2025一季报,2025-1,2025一季度,operating_income_total,51443450583.7700,51443450583.7700,0.10667399,0.00826951,0.10667399
2025-03-31,2025一季报,2025-1,2025一季度,per_capital_reserve,1.0945,,0.00000000,,
2025-03-31,2025一季报,2025-1,2025一季度,index_full_diluted_roe,10.3916,10.9255,0.03518489,0.01255792,0.03375028
2025-03-31,2025一季报,2025-1,2025一季度,calculate_parent_holder_net_profit_yoy_growth_ratio,11.56111200,11.56111200,-0.26488054,-0.28670714,-0.26488054
2025-03-31,2025一季报,2025-1,2025一季度,assets_debt_ratio,14.1430,,0.09176104,,
2025-03-31,2025一季报,2025-1,2025一季度,index_deduct_holder_net_profit,26849883702.9000,26849883702.9000,0.11635099,0.05449708,0.11635099
2025-03-31,2025一季报,2025-1,2025一季度,index_weighted_avg_roe,10.9200,10.9200,0.03311258,0.09969789,0.03311258
2025-03-31,2025一季报,2025-1,2025一季度,fcf_to_net_profit_ratio,0.2945562486527317,,,,
2025-03-31,2025一季报,2025-1,2025一季度,pe_ttm,24.08,,,,
2025-03-31,2025一季报,2025-1,2025一季度,pb,8.38,,,,
2024-12-31,2024年报,2024-4,2024四季度,index_per_operating_cash_flow_net,73.6060,38.2442,0.38848332,5.15957738,1.89562070
2024-12-31,2024年报,2024-4,2024四季度,deduct_net_profit_yoy_growth_ratio,15.3685,16.0704,-0.19309364,0.20998381,-0.16407103
2024-12-31,2024年报,2024-4,2024四季度,parent_holder_net_profit,86228146421.6200,25400594303.1100,0.15379966,0.32765380,0.16208086
2024-12-31,2024年报,2024-4,2024四季度,calc_per_net_assets,185.5647,,0.08085280,,
2024-12-31,2024年报,2024-4,2024四季度,inventory_turnover_ratio,0.2737,,-0.01688218,,
2024-12-31,2024年报,2024-4,2024四季度,conservative_quick_ratio,1.0896,,-0.23734864,,
2024-12-31,2024年报,2024-4,2024四季度,equity_ratio,0.2442,,0.07387863,,
2024-12-31,2024年报,2024-4,2024四季度,current_ratio,4.4541,,-0.03672225,,
2024-12-31,2024年报,2024-4,2024四季度,basic_eps,68.6400,20.2202,0.15380736,0.32765594,0.16208046
2024-12-31,2024年报,2024-4,2024四季度,business_cycle,1315.3923,,0.01715880,,
2024-12-31,2024年报,2024-4,2024四季度,receive_accounts_turnover_days,0.0836,,-0.15640767,,
2024-12-31,2024年报,2024-4,2024四季度,quick_ratio,3.4678,,-0.05463170,,
2024-12-31,2024年报,2024-4,2024四季度,sale_gross_margin,91.9312,92.8947,-0.00036644,0.02027598,0.00357917
2024-12-31,2024年报,2024-4,2024四季度,inventory_turnover_days,1315.3087,,0.01717210,,
2024-12-31,2024年报,2024-4,2024四季度,calculate_operating_income_total_yoy_growth_ratio,15.66398000,12.76863800,-0.13154374,-0.17956834,-0.35497019
2024-12-31,2024年报,2024-4,2024四季度,sale_net_interest_ratio,52.2734,52.4774,-0.00408855,0.02671388,0.02727262
2024-12-31,2024年报,2024-4,2024四季度,per_undistributed_profits,145.5085,,0.05667745,,
2024-12-31,2024年报,2024-4,2024四季度,operating_income_total,174144069958.2500,51021527332.8000,0.15663980,0.28610424,0.12768638
2024-12-31,2024年报,2024-4,2024四季度,per_capital_reserve,1.0945,,0.00000000,,
2024-12-31,2024年报,2024-4,2024四季度,index_full_diluted_roe,36.9910,10.7900,0.06749047,0.28666826,0.06991641
2024-12-31,2024年报,2024-4,2024四季度,calculate_parent_holder_net_profit_yoy_growth_ratio,15.37996600,16.20808600,-0.19728356,0.22464926,-0.16136407
2024-12-31,2024年报,2024-4,2024四季度,assets_debt_ratio,19.0448,,0.05896810,,
2024-12-31,2024年报,2024-4,2024四季度,index_deduct_holder_net_profit,86240905977.4200,25462264522.6600,0.15368492,0.33250681,0.16070352
2024-12-31,2024年报,2024-4,2024四季度,index_weighted_avg_roe,36.0200,9.9300,0.05352442,0.17375887,0.05976521
2024-12-31,2024年报,2024-4,2024四季度,fcf_to_net_profit_ratio,1.0180548203557307,,,,
2024-12-31,2024年报,2024-4,2024四季度,pe_ttm,23.23,,,,
2024-12-31,2024年报,2024-4,2024四季度,pb,8.08,,,,
2024-09-30,2024三季报,2024-3,2024三季度,index_per_operating_cash_flow_net,35.3618,6.2089,-0.11160631,-0.71569929,-0.60236064
2024-09-30,2024三季报,2024-3,2024三季度,deduct_net_profit_yoy_growth_ratio,15.0770,13.2815,-0.20531512,-0.17757027,-0.13166704
2024-09-30,2024三季报,2024-3,2024三季度,parent_holder_net_profit,60827552118.5100,19131941135.1400,0.15037640,0.08517089,0.13234880
2024-09-30,2024三季报,2024-3,2024三季度,calc_per_net_assets,189.2293,,0.09136834,,
2024-09-30,2024三季报,2024-3,2024三季度,inventory_turnover_ratio,0.2161,,0.00698975,,
2024-09-30,2024三季报,2024-3,2024三季度,conservative_quick_ratio,1.5884,,-0.21668804,,
2024-09-30,2024三季报,2024-3,2024三季度,equity_ratio,0.1644,,-0.03350970,,
2024-09-30,2024三季报,2024-3,2024三季度,current_ratio,6.1569,,0.03324495,,
2024-09-30,2024三季报,2024-3,2024三季度,basic_eps,48.4200,15.2300,0.15039202,0.08516748,0.13234201
2024-09-30,2024三季报,2024-3,2024三季度,business_cycle,1249.5004,,-0.00703554,,
2024-09-30,2024三季报,2024-3,2024三季度,receive_accounts_turnover_days,0.0788,,-0.60382102,,
2024-09-30,2024三季报,2024-3,2024三季度,quick_ratio,4.9060,,0.01434892,,
2024-09-30,2024三季报,2024-3,2024三季度,sale_gross_margin,91.5314,91.0486,-0.00192024,0.00406152,-0.00515513
2024-09-30,2024三季报,2024-3,2024三季度,inventory_turnover_days,1249.4216,,-0.00694120,,
2024-09-30,2024三季报,2024-3,2024三季度,calculate_operating_income_total_yoy_growth_ratio,16.90783800,15.56331700,-0.02248350,-0.08197854,0.18461719
2024-09-30,2024三季报,2024-3,2024三季度,sale_net_interest_ratio,52.1887,51.1120,-0.01701201,0.01012457,-0.01568374
2024-09-30,2024三季报,2024-3,2024三季度,per_undistributed_profits,153.5615,,0.07093068,,
2024-09-30,2024三季报,2024-3,2024三季度,operating_income_total,123122542625.4500,39671377978.9200,0.16907838,0.07317319,0.15563317
2024-09-30,2024三季报,2024-3,2024三季度,per_capital_reserve,1.0945,,0.00000000,,
2024-09-30,2024三季报,2024-3,2024三季度,index_full_diluted_roe,25.5890,8.3860,0.05406463,0.08998271,0.03914450
2024-09-30,2024三季报,2024-3,2024三季度,calculate_parent_holder_net_profit_yoy_growth_ratio,15.03764000,13.23488000,-0.21232090,-0.17793948,-0.15582383
2024-09-30,2024三季报,2024-3,2024三季度,assets_debt_ratio,13.6285,,-0.03617397,,
2024-09-30,2024三季报,2024-3,2024三季度,index_deduct_holder_net_profit,60778641454.7600,19108543634.7700,0.15076975,0.08456488,0.13281519
2024-09-30,2024三季报,2024-3,2024三季度,index_weighted_avg_roe,26.0900,8.4600,0.05116841,0.19830028,0.04187192
2024-09-30,2024三季报,2024-3,2024三季度,fcf_to_net_profit_ratio,0.6830296221211427,,,,
2024-09-30,2024三季报,2024-3,2024三季度,pe_ttm,27.29,,,,
2024-09-30,2024三季报,2024-3,2024三季度,pb,10.05,,,,
2024-06-30,2024中报,2024-2,2024二季度,index_per_operating_cash_flow_net,29.1529,21.8392,0.20517325,1.98606724,0.09115800
2024-06-30,2024中报,2024-2,2024二季度,deduct_net_profit_yoy_growth_ratio,15.9195,16.1491,-0.23389173,0.02521601,-0.23682084
2024-06-30,2024中报,2024-2,2024二季度,parent_holder_net_profit,41695610983.3700,17630348609.2200,0.15884186,-0.26739429,0.16099642
2024-06-30,2024中报,2024-2,2024二季度,calc_per_net_assets,173.9978,,0.08789489,,
2024-06-30,2024中报,2024-2,2024二季度,inventory_turnover_ratio,0.1433,,0.00069832,,
2024-06-30,2024中报,2024-2,2024二季度,conservative_quick_ratio,1.2017,,-0.45771661,,
2024-06-30,2024中报,2024-2,2024二季度,equity_ratio,0.2341,,0.45403727,,
2024-06-30,2024中报,2024-2,2024二季度,current_ratio,4.5714,,-0.28050239,,
2024-06-30,2024中报,2024-2,2024二季度,basic_eps,33.1900,14.0347,0.15886872,-0.26739294,0.16099599
2024-06-30,2024中报,2024-2,2024二季度,business_cycle,1256.1739,,-0.00069886,,
2024-06-30,2024中报,2024-2,2024二季度,receive_accounts_turnover_days,0.0678,,-0.02023121,,
2024-06-30,2024中报,2024-2,2024二季度,quick_ratio,3.6266,,-0.28469428,,
2024-06-30,2024中报,2024-2,2024二季度,sale_gross_margin,91.7603,90.6803,-0.00041177,-0.02087173,-0.00126549
2024-06-30,2024中报,2024-2,2024二季度,inventory_turnover_days,1256.1061,,-0.00069778,,
2024-06-30,2024中报,2024-2,2024二季度,calculate_operating_income_total_yoy_growth_ratio,17.55803500,16.95310800,-0.09585964,-0.06043551,-0.16822750
2024-06-30,2024中报,2024-2,2024二季度,sale_net_interest_ratio,52.6991,50.5997,-0.01784130,-0.06912779,-0.01343183
2024-06-30,2024中报,2024-2,2024二季度,per_undistributed_profits,138.3314,,0.06457330,,
2024-06-30,2024中报,2024-2,2024二季度,operating_income_total,83451164646.5300,36966426512.3000,0.17558035,-0.20476208,0.16953108
2024-06-30,2024中报,2024-2,2024二季度,per_capital_reserve,1.0945,,0.00000000,,
2024-06-30,2024中报,2024-2,2024二季度,index_full_diluted_roe,19.0761,7.6937,0.06521593,-0.27203656,0.06191771
2024-06-30,2024中报,2024-2,2024二季度,calculate_parent_holder_net_profit_yoy_growth_ratio,15.88418600,16.09964200,-0.23502554,0.02370430,-0.23373289
2024-06-30,2024中报,2024-2,2024二季度,assets_debt_ratio,18.3242,,0.36824342,,
2024-06-30,2024中报,2024-2,2024二季度,index_deduct_holder_net_profit,41670097819.9900,17618626634.3000,0.15919485,-0.26746158,0.16149102
2024-06-30,2024中报,2024-2,2024二季度,index_weighted_avg_roe,17.6300,7.0600,0.05568862,-0.33207190,0.05373134
2024-06-30,2024中报,2024-2,2024二季度,fcf_to_net_profit_ratio,0.8415955868301278,,,,
2024-06-30,2024中报,2024-2,2024二季度,pe_ttm,24.82,,,,
2024-06-30,2024中报,2024-2,2024二季度,pb,8.08,,,,
2024-03-31,2024一季报,2024-1,2024一季度,index_per_operating_cash_flow_net,7.3137,7.3137,0.75174247,-0.44625064,0.75174247
2024-03-31,2024一季报,2024-1,2024一季度,deduct_net_profit_yoy_growth_ratio,15.7519,15.7519,-0.23174205,-0.18063835,-0.23174205
2024-03-31,2024一季报,2024-1,2024一季度,parent_holder_net_profit,24065262374.1500,24065262374.1500,0.15726848,0.10098923,0.15726848
2024-03-31,2024一季报,2024-1,2024一季度,calc_per_net_assets,190.8392,,0.09829822,,
2024-03-31,2024一季报,2024-1,2024一季度,inventory_turnover_ratio,0.0725,,-0.00412088,,
2024-03-31,2024一季报,2024-1,2024一季度,conservative_quick_ratio,2.1364,,-0.07443029,,
2024-03-31,2024一季报,2024-1,2024一季度,equity_ratio,0.1543,,0.05468216,,
2024-03-31,2024一季报,2024-1,2024一季度,current_ratio,6.4810,,-0.06650151,,
2024-03-31,2024一季报,2024-1,2024一季度,basic_eps,19.1600,19.1572,0.15770393,0.10098851,0.15726903
2024-03-31,2024一季报,2024-1,2024一季度,business_cycle,1241.5105,,0.00416927,,
2024-03-31,2024一季报,2024-1,2024一季度,receive_accounts_turnover_days,0.1312,,0.42453855,,
2024-03-31,2024一季报,2024-1,2024一季度,quick_ratio,5.1990,,-0.08190295,,
2024-03-31,2024一季报,2024-1,2024一季度,sale_gross_margin,92.6133,92.6133,0.00019115,0.00053909,0.00019115
2024-03-31,2024一季报,2024-1,2024一季度,inventory_turnover_days,1241.3793,,0.00413795,,
2024-03-31,2024一季报,2024-1,2024一季度,calculate_operating_income_total_yoy_growth_ratio,18.04358100,18.04358100,-0.03294329,-0.08849733,-0.03294329
2024-03-31,2024一季报,2024-1,2024一季度,sale_net_interest_ratio,54.3573,54.3573,-0.02128223,0.06407265,-0.02128223
2024-03-31,2024一季报,2024-1,2024一季度,per_undistributed_profits,156.8610,,0.08225007,,
2024-03-31,2024一季报,2024-1,2024一季度,operating_income_total,46484738134.2300,46484738134.2300,0.18043581,0.02741350,0.18043581
2024-03-31,2024一季报,2024-1,2024一季度,per_capital_reserve,1.0945,,0.00000000,,
2024-03-31,2024一季报,2024-1,2024一季度,index_full_diluted_roe,10.0384,10.5688,0.05369008,0.04798263,0.05658416
2024-03-31,2024一季报,2024-1,2024一季度,calculate_parent_holder_net_profit_yoy_growth_ratio,15.72684800,15.72684800,-0.23601252,-0.18626420,-0.23601252
2024-03-31,2024一季报,2024-1,2024一季度,assets_debt_ratio,12.9543,,0.04840485,,
2024-03-31,2024一季报,2024-1,2024一季度,index_deduct_holder_net_profit,24051471185.6900,24051471185.6900,0.15751856,0.09639216,0.15751856
2024-03-31,2024一季报,2024-1,2024一季度,index_weighted_avg_roe,10.5700,10.5700,0.05700000,0.12806830,0.05700000
2024-03-31,2024一季报,2024-1,2024一季度,fcf_to_net_profit_ratio,0.34869061222634545,,,,
2024-03-31,2024一季报,2024-1,2024一季度,pe_ttm,30.14,,,,
2024-03-31,2024一季报,2024-1,2024一季度,pb,9.85,,,,
2023-12-31,2023年报,2023-4,2023四季度,index_per_operating_cash_flow_net,53.0118,13.2076,0.81460259,-0.15413977,-0.39210840
2023-12-31,2023年报,2023-4,2023四季度,deduct_net_profit_yoy_growth_ratio,19.0462,19.2246,-0.01920274,0.25688769,-0.07805854
2023-12-31,2023年报,2023-4,2023四季度,parent_holder_net_profit,74734071550.7500,21857854486.6300,0.19159899,0.29368553,0.19326725
2023-12-31,2023年报,2023-4,2023四季度,calc_per_net_assets,171.6836,,0.09195565,,
2023-12-31,2023年报,2023-4,2023四季度,inventory_turnover_ratio,0.2784,,-0.00393560,,
2023-12-31,2023年报,2023-4,2023四季度,conservative_quick_ratio,1.4287,,0.19968091,,
2023-12-31,2023年报,2023-4,2023四季度,equity_ratio,0.2274,,-0.09076369,,
2023-12-31,2023年报,2023-4,2023四季度,current_ratio,4.6239,,0.04738714,,
2023-12-31,2023年报,2023-4,2023四季度,basic_eps,59.4900,17.4000,0.19146806,0.29368030,0.19333379
2023-12-31,2023年报,2023-4,2023四季度,business_cycle,1293.2025,,0.00398075,,
2023-12-31,2023年报,2023-4,2023四季度,receive_accounts_turnover_days,0.0991,,0.63261944,,
2023-12-31,2023年报,2023-4,2023四季度,quick_ratio,3.6682,,0.03079863,,
2023-12-31,2023年报,2023-4,2023四季度,sale_gross_margin,91.9649,92.5634,0.00106894,0.01139637,0.00778457
2023-12-31,2023年报,2023-4,2023四季度,inventory_turnover_days,1293.1034,,0.00395112,,
2023-12-31,2023年报,2023-4,2023四季度,calculate_operating_income_total_yoy_growth_ratio,18.03657900,19.79542300,0.09142952,0.50674810,0.19768009
2023-12-31,2023年报,2023-4,2023四季度,sale_net_interest_ratio,52.4880,51.0842,-0.00363519,-0.01621911,-0.01001147
2023-12-31,2023年报,2023-4,2023四季度,per_undistributed_profits,137.7038,,0.07241858,,
2023-12-31,2023年报,2023-4,2023四季度,operating_income_total,150560330316.4500,45244429868.3500,0.18036579,0.31797701,0.19795423
2023-12-31,2023年报,2023-4,2023四季度,per_capital_reserve,1.0945,,0.00000000,,
2023-12-31,2023年报,2023-4,2023四季度,index_full_diluted_roe,34.6523,10.0849,0.09127010,0.24966233,0.11277971
2023-12-31,2023年报,2023-4,2023四季度,calculate_parent_holder_net_profit_yoy_growth_ratio,19.15989900,19.32672500,-0.02008444,0.23273960,-0.05992452
2023-12-31,2023年报,2023-4,2023四季度,assets_debt_ratio,17.9843,,-0.07397662,,
2023-12-31,2023年报,2023-4,2023四季度,index_deduct_holder_net_profit,74752564425.5200,21936923668.6600,0.19048153,0.30049055,0.19231216
2023-12-31,2023年报,2023-4,2023四季度,index_weighted_avg_roe,34.1900,9.3700,0.12987442,0.15394089,0.12215569
2023-12-31,2023年报,2023-4,2023四季度,fcf_to_net_profit_ratio,0.8560150745815747,,,,
2023-12-31,2023年报,2023-4,2023四季度,pe_ttm,29.11,,,,
2023-12-31,2023年报,2023-4,2023四季度,pb,9.52,,,,
2023-09-30,2023三季报,2023-3,2023三季度,index_per_operating_cash_flow_net,39.8042,15.6144,4.31637082,-0.21985341,1.08303095
2023-09-30,2023三季报,2023-3,2023三季度,deduct_net_profit_yoy_growth_ratio,18.9723,15.2954,0.00728962,-0.27716526,0.01104552
2023-09-30,2023三季报,2023-3,2023三季度,parent_holder_net_profit,52876217064.1200,16895801973.3500,0.19091074,0.11262494,0.15677865
2023-09-30,2023三季报,2023-3,2023三季度,calc_per_net_assets,173.3872,,0.05369821,,
2023-09-30,2023三季报,2023-3,2023三季度,inventory_turnover_ratio,0.2146,,0.03872217,,
2023-09-30,2023三季报,2023-3,2023三季度,conservative_quick_ratio,2.0278,,0.18170163,,
2023-09-30,2023三季报,2023-3,2023三季度,equity_ratio,0.1701,,0.02469880,,
2023-09-30,2023三季报,2023-3,2023三季度,current_ratio,5.9588,,-0.03800329,,
2023-09-30,2023三季报,2023-3,2023三季度,basic_eps,42.0900,13.4500,0.19100170,0.11262770,0.15678028
2023-09-30,2023三季报,2023-3,2023三季度,business_cycle,1258.3536,,-0.03712648,,
2023-09-30,2023三季报,2023-3,2023三季度,receive_accounts_turnover_days,0.1989,,,,
2023-09-30,2023三季报,2023-3,2023三季度,quick_ratio,4.8366,,-0.05946640,,
2023-09-30,2023三季报,2023-3,2023三季度,sale_gross_margin,91.7075,91.5204,-0.00181661,0.00798721,0.00113546
2023-09-30,2023三季报,2023-3,2023三季度,inventory_turnover_days,1258.1547,,-0.03727867,,
2023-09-30,2023三季报,2023-3,2023三季度,calculate_operating_income_total_yoy_growth_ratio,17.29672900,13.13784500,0.04672603,-0.35541624,-0.13747633
2023-09-30,2023三季报,2023-3,2023三季度,sale_net_interest_ratio,53.0919,51.9264,-0.00084123,0.01243551,0.00869092
2023-09-30,2023三季报,2023-3,2023三季度,per_undistributed_profits,143.3907,,0.04690191,,
2023-09-30,2023三季报,2023-3,2023三季度,operating_income_total,105315900448.1000,34328694352.7200,0.17296729,0.08607942,0.13137845
2023-09-30,2023三季报,2023-3,2023三季度,per_capital_reserve,1.0945,,0.00000000,,
2023-09-30,2023三季报,2023-3,2023三季度,index_full_diluted_roe,24.2765,8.0701,0.13022245,0.11387006,0.10176526
2023-09-30,2023三季报,2023-3,2023三季度,calculate_parent_holder_net_profit_yoy_growth_ratio,19.09107400,15.67786500,-0.00268143,-0.25380749,-0.00822432
2023-09-30,2023三季报,2023-3,2023三季度,assets_debt_ratio,14.1400,,0.02105658,,
2023-09-30,2023三季报,2023-3,2023三季度,index_deduct_holder_net_profit,52815640756.8600,16868191551.4100,0.18972282,0.11201931,0.15295414
2023-09-30,2023三季报,2023-3,2023三季度,index_weighted_avg_roe,24.8200,8.1200,0.13281607,0.21194030,0.10626703
2023-09-30,2023三季报,2023-3,2023三季度,fcf_to_net_profit_ratio,0.90886634558432,,,,
2023-09-30,2023三季报,2023-3,2023三季度,pe_ttm,32.79,,,,
2023-09-30,2023三季报,2023-3,2023三季度,pb,11.24,,,,
2023-06-30,2023中报,2023-2,2023二季度,index_per_operating_cash_flow_net,24.1898,20.0147,2718.95505618,3.79382530,2.66247621
2023-06-30,2023中报,2023-2,2023二季度,deduct_net_profit_yoy_growth_ratio,20.7797,21.1603,0.00162441,0.03203859,0.22810795
2023-06-30,2023中报,2023-2,2023二季度,parent_holder_net_profit,35980415090.7700,15185532336.2200,0.20764335,-0.26974667,0.21010483
2023-06-30,2023中报,2023-2,2023二季度,calc_per_net_assets,159.9399,,0.04587698,,
2023-06-30,2023中报,2023-2,2023二季度,inventory_turnover_ratio,0.1432,,0.07588279,,
2023-06-30,2023中报,2023-2,2023二季度,conservative_quick_ratio,2.2160,,0.56497175,,
2023-06-30,2023中报,2023-2,2023二季度,equity_ratio,0.1610,,-0.25290023,,
2023-06-30,2023中报,2023-2,2023二季度,current_ratio,6.3536,,0.28407437,,
2023-06-30,2023中报,2023-2,2023二季度,basic_eps,28.6400,12.0885,0.20741990,-0.26974471,0.21010851
2023-06-30,2023中报,2023-2,2023二季度,business_cycle,1257.0524,,-0.07047956,,
2023-06-30,2023中报,2023-2,2023二季度,receive_accounts_turnover_days,0.0692,,,,
2023-06-30,2023中报,2023-2,2023二季度,quick_ratio,5.0700,,0.23903321,,
2023-06-30,2023中报,2023-2,2023二季度,sale_gross_margin,91.7981,90.7952,-0.00337643,-0.01944369,-0.01072246
2023-06-30,2023中报,2023-2,2023二季度,inventory_turnover_days,1256.9832,,-0.07053073,,
2023-06-30,2023中报,2023-2,2023二季度,calculate_operating_income_total_yoy_growth_ratio,19.41959000,20.38190500,0.12932767,0.09238061,0.28292346
2023-06-30,2023中报,2023-2,2023二季度,sale_net_interest_ratio,53.6564,51.2886,-0.00611633,-0.07653499,-0.01265165
2023-06-30,2023中报,2023-2,2023二季度,per_undistributed_profits,129.9407,,0.03670824,,
2023-06-30,2023中报,2023-2,2023二季度,operating_income_total,70987206095.3800,31607904287.6300,0.19419590,-0.19734727,0.20381905
2023-06-30,2023中报,2023-2,2023二季度,per_capital_reserve,1.0945,,0.00000000,,
2023-06-30,2023中报,2023-2,2023二季度,index_full_diluted_roe,17.9082,7.2451,0.15467494,-0.27569281,0.15147807
2023-06-30,2023中报,2023-2,2023二季度,calculate_parent_holder_net_profit_yoy_growth_ratio,20.76433500,21.01048300,-0.00402466,0.02065881,0.21553047
2023-06-30,2023中报,2023-2,2023二季度,assets_debt_ratio,13.3925,,-0.22397409,,
2023-06-30,2023中报,2023-2,2023二季度,index_deduct_holder_net_profit,35947449205.4500,15168973659.8400,0.20779708,-0.26996696,0.21160285
2023-06-30,2023中报,2023-2,2023二季度,index_weighted_avg_roe,16.7000,6.7000,0.14619080,-0.33000000,0.14139693
2023-06-30,2023中报,2023-2,2023二季度,fcf_to_net_profit_ratio,0.8055003405512343,,,,
2023-06-30,2023中报,2023-2,2023二季度,pe_ttm,32.91,,,,
2023-06-30,2023中报,2023-2,2023二季度,pb,9.99,,,,
2023-03-31,2023一季报,2023-1,2023一季度,index_per_operating_cash_flow_net,4.1751,4.1751,1.76275645,-0.80783729,1.76275645
2023-03-31,2023一季报,2023-1,2023一季度,deduct_net_profit_yoy_growth_ratio,20.5034,20.5034,-0.12505761,-0.01673197,-0.12505761
2023-03-31,2023一季报,2023-1,2023一季度,parent_holder_net_profit,20794882754.5500,20794882754.5500,0.20585217,0.13523733,0.20585217
2023-03-31,2023一季报,2023-1,2023一季度,calc_per_net_assets,173.7590,,0.05557857,,
2023-03-31,2023一季报,2023-1,2023一季度,inventory_turnover_ratio,0.0728,,-0.00817439,,
2023-03-31,2023一季报,2023-1,2023一季度,conservative_quick_ratio,2.3082,,0.47715346,,
2023-03-31,2023一季报,2023-1,2023一季度,equity_ratio,0.1463,,-0.16875000,,
2023-03-31,2023一季报,2023-1,2023一季度,current_ratio,6.9427,,0.16162765,,
2023-03-31,2023一季报,2023-1,2023一季度,basic_eps,16.5500,16.5538,0.20538966,0.13529936,0.20585086
2023-03-31,2023一季报,2023-1,2023一季度,business_cycle,1236.3558,,0.00831687,,
2023-03-31,2023一季报,2023-1,2023一季度,receive_accounts_turnover_days,0.0921,,,,
2023-03-31,2023一季报,2023-1,2023一季度,quick_ratio,5.6628,,0.12558140,,
2023-03-31,2023一季报,2023-1,2023一季度,sale_gross_margin,92.5956,92.5956,0.00246731,0.00813514,0.00246731
2023-03-31,2023一季报,2023-1,2023一季度,inventory_turnover_days,1236.2637,,0.00824176,,
2023-03-31,2023一季报,2023-1,2023一季度,calculate_operating_income_total_yoy_growth_ratio,18.65824500,18.65824500,0.02224782,0.12887755,0.02224782
2023-03-31,2023一季报,2023-1,2023一季度,sale_net_interest_ratio,55.5393,55.5393,-0.00085092,0.07632634,-0.00085092
2023-03-31,2023一季报,2023-1,2023一季度,per_undistributed_profits,144.9397,,0.02310136,,
2023-03-31,2023一季报,2023-1,2023一季度,operating_income_total,39379301807.7500,39379301807.7500,0.18658245,0.04266097,0.18658245
2023-03-31,2023一季报,2023-1,2023一季度,per_capital_reserve,1.0945,,0.00000000,,
2023-03-31,2023一季报,2023-1,2023一季度,index_full_diluted_roe,9.5269,10.0028,0.14236894,0.10372070,0.14941683
2023-03-31,2023一季报,2023-1,2023一季度,calculate_parent_holder_net_profit_yoy_growth_ratio,20.58521700,20.58521700,-0.12701699,0.00129006,-0.12701699
2023-03-31,2023一季报,2023-1,2023一季度,assets_debt_ratio,12.3562,,-0.14678912,,
2023-03-31,2023一季报,2023-1,2023一季度,index_deduct_holder_net_profit,20778475545.6100,20778475545.6100,0.20503380,0.12934838,0.20503380
2023-03-31,2023一季报,2023-1,2023一季度,index_weighted_avg_roe,10.0000,10.0000,0.14942529,0.19760479,0.14942529
2023-03-31,2023一季报,2023-1,2023一季度,fcf_to_net_profit_ratio,0.20865891053079405,,,,
2023-03-31,2023一季报,2023-1,2023一季度,pe_ttm,37.49,,,,
2023-03-31,2023一季报,2023-1,2023一季度,pb,10.81,,,,
2022-12-31,2022年报,2022-4,2022四季度,index_per_operating_cash_flow_net,29.2140,21.7269,-0.42684157,1.89846585,0.00062174
2022-12-31,2022年报,2022-4,2022四季度,deduct_net_profit_yoy_growth_ratio,19.4191,20.8523,0.64073642,0.37836373,0.29618832
2022-12-31,2022年报,2022-4,2022四季度,parent_holder_net_profit,62717467870.1200,18317652286.5800,0.19552602,0.25412627,0.20558695
2022-12-31,2022年报,2022-4,2022四季度,calc_per_net_assets,157.2258,,0.04203511,,
2022-12-31,2022年报,2022-4,2022四季度,inventory_turnover_ratio,0.2795,,-0.03153153,,
2022-12-31,2022年报,2022-4,2022四季度,conservative_quick_ratio,1.1909,,0.33031725,,
2022-12-31,2022年报,2022-4,2022四季度,equity_ratio,0.2501,,-0.18560729,,
2022-12-31,2022年报,2022-4,2022四季度,current_ratio,4.4147,,0.15813636,,
2022-12-31,2022年报,2022-4,2022四季度,basic_eps,49.9300,14.5810,0.19564176,0.25405303,0.20551954
2022-12-31,2022年报,2022-4,2022四季度,business_cycle,1288.0750,,0.03260683,,
2022-12-31,2022年报,2022-4,2022四季度,receive_accounts_turnover_days,0.0607,,,,
2022-12-31,2022年报,2022-4,2022四季度,quick_ratio,3.5586,,0.10262131,,
2022-12-31,2022年报,2022-4,2022四季度,sale_gross_margin,91.8667,91.8484,0.00356564,0.00472343,-0.00560164
2022-12-31,2022年报,2022-4,2022四季度,inventory_turnover_days,1288.0143,,0.03255817,,
2022-12-31,2022年报,2022-4,2022四季度,calculate_operating_income_total_yoy_growth_ratio,16.52564700,16.52813900,0.41173077,0.08510271,0.17638594
2022-12-31,2022年报,2022-4,2022四季度,sale_net_interest_ratio,52.6795,51.6008,0.00394684,0.00236601,0.00826333
2022-12-31,2022年报,2022-4,2022四季度,per_undistributed_profits,128.4049,,0.00364079,,
2022-12-31,2022年报,2022-4,2022四季度,operating_income_total,127553959355.9700,37768079037.6100,0.16525647,0.24473102,0.16528139
2022-12-31,2022年报,2022-4,2022四季度,per_capital_reserve,1.0945,,0.00000000,,
2022-12-31,2022年报,2022-4,2022四季度,index_full_diluted_roe,31.7541,9.0628,0.14728102,0.23729299,0.08524830
2022-12-31,2022年报,2022-4,2022四季度,calculate_parent_holder_net_profit_yoy_growth_ratio,19.55260200,20.55869500,0.58437587,0.30053510,0.13863249
2022-12-31,2022年报,2022-4,2022四季度,assets_debt_ratio,19.4210,,-0.14867596,,
2022-12-31,2022年报,2022-4,2022四季度,index_deduct_holder_net_profit,62791872697.7200,18398641180.8100,0.19419087,0.25756158,0.20852305
2022-12-31,2022年报,2022-4,2022四季度,index_weighted_avg_roe,30.2600,8.3500,0.01204013,0.13760218,0.01581509
2022-12-31,2022年报,2022-4,2022四季度,fcf_to_net_profit_ratio,0.5005311993542052,,,,
2022-12-31,2022年报,2022-4,2022四季度,pe_ttm,37.33,,,,
2022-12-31,2022年报,2022-4,2022四季度,pb,10.76,,,,
2022-09-30,2022三季报,2022-3,2022三季度,index_per_operating_cash_flow_net,7.4871,7.4960,-0.74409026,0.37168789,-0.37361076
2022-09-30,2022三季报,2022-3,2022三季度,deduct_net_profit_yoy_growth_ratio,18.8350,15.1283,0.84821753,-0.12197911,0.14898190
2022-09-30,2022三季报,2022-3,2022三季度,parent_holder_net_profit,44399815583.5400,14605907505.7100,0.19142403,0.16391569,0.15807874
2022-09-30,2022三季报,2022-3,2022三季度,calc_per_net_assets,164.5511,,0.18560695,,
2022-09-30,2022三季报,2022-3,2022三季度,inventory_turnover_ratio,0.2066,,-0.06894998,,
2022-09-30,2022三季报,2022-3,2022三季度,conservative_quick_ratio,1.7160,,0.45349822,,
2022-09-30,2022三季报,2022-3,2022三季度,equity_ratio,0.1660,,-0.34048470,,
2022-09-30,2022三季报,2022-3,2022三季度,current_ratio,6.1942,,0.39748218,,
2022-09-30,2022三季报,2022-3,2022三季度,basic_eps,35.3400,11.6271,0.19110212,0.16392048,0.15807769
2022-09-30,2022三季报,2022-3,2022三季度,business_cycle,1306.8732,,0.07405617,,
2022-09-30,2022三季报,2022-3,2022三季度,receive_accounts_turnover_days,,,,,
2022-09-30,2022三季报,2022-3,2022三季度,quick_ratio,5.1424,,0.38650274,,
2022-09-30,2022三季报,2022-3,2022三季度,sale_gross_margin,91.8744,91.4166,0.00748974,-0.00395187,0.00643384
2022-09-30,2022三季报,2022-3,2022三季度,inventory_turnover_days,1306.8732,,0.07405617,,
2022-09-30,2022三季报,2022-3,2022三季度,calculate_operating_income_total_yoy_growth_ratio,16.52460000,15.23186600,0.53738204,-0.04124182,0.52508762
2022-09-30,2022三季报,2022-3,2022三季度,sale_net_interest_ratio,53.1366,51.4790,0.00220673,-0.00898629,-0.01592181
2022-09-30,2022三季报,2022-3,2022三季度,per_undistributed_profits,136.9667,,0.17447410,,
2022-09-30,2022三季报,2022-3,2022三季度,operating_income_total,89785880318.3600,30342361807.1200,0.16524600,0.15561958,0.15231866
2022-09-30,2022三季报,2022-3,2022三季度,per_capital_reserve,1.0945,,0.00000000,,
2022-09-30,2022三季报,2022-3,2022三季度,index_full_diluted_roe,21.4794,7.3247,0.00490772,0.16412905,-0.02406300
2022-09-30,2022三季报,2022-3,2022三季度,calculate_parent_holder_net_profit_yoy_growth_ratio,19.14240300,15.80787400,0.88286962,-0.08545879,0.27962352
2022-09-30,2022三季报,2022-3,2022三季度,assets_debt_ratio,13.8484,,-0.29096374,,
2022-09-30,2022三季报,2022-3,2022三季度,index_deduct_holder_net_profit,44393231516.9100,14630409785.5000,0.18835009,0.16858574,0.15128339
2022-09-30,2022三季报,2022-3,2022三季度,index_weighted_avg_roe,21.9100,7.3400,0.01060886,0.25042589,-0.01871658
2022-09-30,2022三季报,2022-3,2022三季度,fcf_to_net_profit_ratio,0.15240033130539643,,,,
2022-09-30,2022三季报,2022-3,2022三季度,pe_ttm,40.63,,,,
2022-09-30,2022三季报,2022-3,2022三季度,pb,12.18,,,,
2022-06-30,2022中报,2022-2,2022二季度,index_per_operating_cash_flow_net,-0.0089,5.4648,-1.00051475,1.99837404,-0.70415604
2022-06-30,2022中报,2022-2,2022二季度,deduct_net_profit_yoy_growth_ratio,20.7460,17.2300,1.37994723,-0.26474354,0.41106907
2022-06-30,2022中报,2022-2,2022二季度,parent_holder_net_profit,29793908077.8300,12548939490.5100,0.20848242,-0.27231300,0.17285032
2022-06-30,2022中报,2022-2,2022二季度,calc_per_net_assets,152.9242,,0.18774417,,
2022-06-30,2022中报,2022-2,2022二季度,inventory_turnover_ratio,0.1331,,-0.06399437,,
2022-06-30,2022中报,2022-2,2022二季度,conservative_quick_ratio,1.4160,,0.14544572,,
2022-06-30,2022中报,2022-2,2022二季度,equity_ratio,0.2155,,-0.23063192,,
2022-06-30,2022中报,2022-2,2022二季度,current_ratio,4.9480,,0.22106510,,
2022-06-30,2022中报,2022-2,2022二季度,basic_eps,23.7200,9.9896,0.20835456,-0.27231405,0.17284617
2022-06-30,2022中报,2022-2,2022二季度,business_cycle,1352.3666,,0.06836960,,
2022-06-30,2022中报,2022-2,2022二季度,receive_accounts_turnover_days,,,,,
2022-06-30,2022中报,2022-2,2022二季度,quick_ratio,4.0919,,0.22215585,,
2022-06-30,2022中报,2022-2,2022二季度,sale_gross_margin,92.1091,91.7793,0.00799642,-0.00637019,0.00849613
2022-06-30,2022中报,2022-2,2022二季度,inventory_turnover_days,1352.3666,,0.06836960,,
2022-06-30,2022中报,2022-2,2022二季度,calculate_operating_income_total_yoy_growth_ratio,17.19570900,15.88707800,0.54252553,-0.12957887,0.39199558
2022-06-30,2022中报,2022-2,2022二季度,sale_net_interest_ratio,53.9866,51.9458,0.01121415,-0.06549780,-0.00891571
2022-06-30,2022中报,2022-2,2022二季度,per_undistributed_profits,125.3397,,0.17601851,,
2022-06-30,2022中报,2022-2,2022二季度,operating_income_total,59443518511.2400,26256358284.1900,0.17195709,-0.20883986,0.15887078
2022-06-30,2022中报,2022-2,2022二季度,per_capital_reserve,1.0945,,0.00000000,,
2022-06-30,2022中报,2022-2,2022二季度,index_full_diluted_roe,15.5093,6.2920,0.01745696,-0.27698937,-0.00907144
2022-06-30,2022中报,2022-2,2022二季度,calculate_parent_holder_net_profit_yoy_growth_ratio,20.84824200,17.28503200,1.29594988,-0.26697206,0.37914375
2022-06-30,2022中报,2022-2,2022二季度,assets_debt_ratio,17.2578,,-0.18911985,,
2022-06-30,2022中报,2022-2,2022二季度,index_deduct_holder_net_profit,29762821731.4100,12519757284.5800,0.20745992,-0.27392504,0.17229986
2022-06-30,2022中报,2022-2,2022二季度,index_weighted_avg_roe,14.5700,5.8700,0.02605634,-0.32528736,-0.00676819
2022-06-30,2022中报,2022-2,2022二季度,fcf_to_net_profit_ratio,-0.05696062773123802,,,,
2022-06-30,2022中报,2022-2,2022二季度,pe_ttm,45.88,,,,
2022-06-30,2022中报,2022-2,2022二季度,pb,12.37,,,,
2022-03-31,2022一季报,2022-1,2022一季度,index_per_operating_cash_flow_net,-5.4737,-5.4737,-3.63048811,-1.25208857,-3.63048811
2022-03-31,2022一季报,2022-1,2022一季度,deduct_net_profit_yoy_growth_ratio,23.4340,23.4340,2.78608934,0.45666795,2.78608934
2022-03-31,2022一季报,2022-1,2022一季度,parent_holder_net_profit,17244968587.3200,17244968587.3200,0.23580318,0.13498765,0.23580318
2022-03-31,2022一季报,2022-1,2022一季度,calc_per_net_assets,164.6102,,0.17976802,,
2022-03-31,2022一季报,2022-1,2022一季度,inventory_turnover_ratio,0.0734,,-0.05412371,,
2022-03-31,2022一季报,2022-1,2022一季度,conservative_quick_ratio,1.5626,,-0.02799204,,
2022-03-31,2022一季报,2022-1,2022一季度,equity_ratio,0.1760,,-0.05731119,,
2022-03-31,2022一季报,2022-1,2022一季度,current_ratio,5.9767,,0.03966114,,
2022-03-31,2022一季报,2022-1,2022一季度,basic_eps,13.7300,13.7279,0.23582358,0.13498743,0.23580141
2022-03-31,2022一季报,2022-1,2022一季度,business_cycle,1226.1580,,0.05722069,,
2022-03-31,2022一季报,2022-1,2022一季度,receive_accounts_turnover_days,,,,,
2022-03-31,2022一季报,2022-1,2022一季度,quick_ratio,5.0310,,0.04792851,,
2022-03-31,2022一季报,2022-1,2022一季度,sale_gross_margin,92.3677,92.3677,0.00754175,0.00002057,0.00754175
2022-03-31,2022一季报,2022-1,2022一季度,inventory_turnover_days,1226.1580,,0.05722069,,
2022-03-31,2022一季报,2022-1,2022一季度,calculate_operating_income_total_yoy_growth_ratio,18.25217400,18.25217400,0.66924010,0.29909368,0.66924010
2022-03-31,2022一季报,2022-1,2022一季度,sale_net_interest_ratio,55.5866,55.5866,0.02619268,0.08614461,0.02619268
2022-03-31,2022一季报,2022-1,2022一季度,per_undistributed_profits,141.6670,,0.17428666,,
2022-03-31,2022一季报,2022-1,2022一季度,operating_income_total,33187160227.0500,33187160227.0500,0.18252174,0.02394353,0.18252174
2022-03-31,2022一季报,2022-1,2022一季度,per_capital_reserve,1.0945,,0.00000000,,
2022-03-31,2022一季报,2022-1,2022一季度,index_full_diluted_roe,8.3396,8.7025,0.04749105,0.04210325,0.04956884
2022-03-31,2022一季报,2022-1,2022一季度,calculate_parent_holder_net_profit_yoy_growth_ratio,23.58031800,23.58031800,2.58729148,0.30598348,2.58729148
2022-03-31,2022一季报,2022-1,2022一季度,assets_debt_ratio,14.4820,,-0.04768168,,
2022-03-31,2022一季报,2022-1,2022一季度,index_deduct_holder_net_profit,17243064446.8300,17243064446.8300,0.23433979,0.13261847,0.23433979
2022-03-31,2022一季报,2022-1,2022一季度,index_weighted_avg_roe,8.7000,8.7000,0.04945718,0.05839416,0.04945718
2022-03-31,2022一季报,2022-1,2022一季度,fcf_to_net_profit_ratio,-0.46965995612687217,,,,
2022-03-31,2022一季报,2022-1,2022一季度,pe_ttm,41.43,,,,
2022-03-31,2022一季报,2022-1,2022一季度,pb,12.47,,,,
2021-12-31,2021年报,2021-4,2021四季度,index_per_operating_cash_flow_net,50.9702,21.7134,0.23920712,0.81443971,0.02704620
2021-12-31,2021年报,2021-4,2021四季度,deduct_net_profit_yoy_growth_ratio,11.8356,16.0874,-0.12634990,0.22182475,-0.21970597
2021-12-31,2021年报,2021-4,2021四季度,parent_holder_net_profit,52460144378.1600,15193970218.1900,0.12340886,0.20470528,0.18055602
2021-12-31,2021年报,2021-4,2021四季度,calc_per_net_assets,150.8834,,0.17490854,,
2021-12-31,2021年报,2021-4,2021四季度,inventory_turnover_ratio,0.2886,,-0.04151445,,
2021-12-31,2021年报,2021-4,2021四季度,conservative_quick_ratio,0.8952,,0.08574894,,
2021-12-31,2021年报,2021-4,2021四季度,equity_ratio,0.3071,,0.08477570,,
2021-12-31,2021年报,2021-4,2021四季度,current_ratio,3.8119,,-0.06221708,,
2021-12-31,2021年报,2021-4,2021四季度,basic_eps,41.7600,12.0952,0.12348668,0.20470120,0.18056084
2021-12-31,2021年报,2021-4,2021四季度,business_cycle,1247.4012,,0.04331248,,
2021-12-31,2021年报,2021-4,2021四季度,receive_accounts_turnover_days,,,,,
2021-12-31,2021年报,2021-4,2021四季度,quick_ratio,3.2274,,-0.05421404,,
2021-12-31,2021年报,2021-4,2021四季度,sale_gross_margin,91.5403,92.3658,0.00143421,0.01688388,0.00821167
2021-12-31,2021年报,2021-4,2021四季度,inventory_turnover_days,1247.4012,,0.04331248,,
2021-12-31,2021年报,2021-4,2021四季度,calculate_operating_income_total_yoy_growth_ratio,11.70594800,14.04992900,0.13812810,0.40674641,0.15893567
2021-12-31,2021年报,2021-4,2021四季度,sale_net_interest_ratio,52.4724,51.1779,0.00567499,-0.02167767,0.03685042
2021-12-31,2021年报,2021-4,2021四季度,per_undistributed_profits,127.9391,,0.16804799,,
2021-12-31,2021年报,2021-4,2021四季度,operating_income_total,109464278563.8900,32411123597.9300,0.11705948,0.23088449,0.14049929
2021-12-31,2021年报,2021-4,2021四季度,per_capital_reserve,1.0945,,0.00000000,,
2021-12-31,2021年报,2021-4,2021四季度,index_full_diluted_roe,27.6777,8.3509,-0.04383259,0.11266705,0.00499434
2021-12-31,2021年报,2021-4,2021四季度,calculate_parent_holder_net_profit_yoy_growth_ratio,12.34088600,18.05560200,-0.07386354,0.46157371,-0.08368724
2021-12-31,2021年报,2021-4,2021四季度,assets_debt_ratio,22.8127,,0.06581978,,
2021-12-31,2021年报,2021-4,2021四季度,index_deduct_holder_net_profit,52581102656.2400,15224071426.4100,0.11835614,0.19799929,0.16087387
2021-12-31,2021年报,2021-4,2021四季度,index_weighted_avg_roe,29.9000,8.2200,-0.04807386,0.09893048,0.00121803
2021-12-31,2021年报,2021-4,2021四季度,fcf_to_net_profit_ratio,1.1555418372160835,,,,
2021-12-31,2021年报,2021-4,2021四季度,pe_ttm,51.99,,,,
2021-12-31,2021年报,2021-4,2021四季度,pb,14.95,,,,
2021-09-30,2021三季报,2021-3,2021三季度,index_per_operating_cash_flow_net,29.2568,11.9670,0.46359375,-0.35215111,0.20359661
2021-09-30,2021三季报,2021-3,2021三季度,deduct_net_profit_yoy_growth_ratio,10.1909,13.1667,-0.07606597,0.07830082,0.90322487
2021-09-30,2021三季报,2021-3,2021三季度,parent_holder_net_profit,37266174159.9700,12612188608.3900,0.10166611,0.17876171,0.12353535
2021-09-30,2021三季报,2021-3,2021三季度,calc_per_net_assets,138.7906,,0.17444081,,
2021-09-30,2021三季报,2021-3,2021三季度,inventory_turnover_ratio,0.2219,,-0.00537875,,
2021-09-30,2021三季报,2021-3,2021三季度,conservative_quick_ratio,1.1806,,0.23467894,,
2021-09-30,2021三季报,2021-3,2021三季度,equity_ratio,0.2517,,0.22900391,,
2021-09-30,2021三季报,2021-3,2021三季度,current_ratio,4.4324,,-0.14425824,,
2021-09-30,2021三季报,2021-3,2021三季度,basic_eps,29.6700,10.0400,0.10174527,0.17876347,0.12353264
2021-09-30,2021三季报,2021-3,2021三季度,business_cycle,1216.7643,,0.00540786,,
2021-09-30,2021三季报,2021-3,2021三季度,receive_accounts_turnover_days,,,,,
2021-09-30,2021三季报,2021-3,2021三季度,quick_ratio,3.7089,,-0.12826118,,
2021-09-30,2021三季报,2021-3,2021三季度,sale_gross_margin,91.1914,90.8322,-0.00146291,-0.00191086,-0.00255203
2021-09-30,2021三季报,2021-3,2021三季度,inventory_turnover_days,1216.7643,,0.00540786,,
2021-09-30,2021三季报,2021-3,2021三季度,calculate_operating_income_total_yoy_growth_ratio,10.74853200,9.98753500,0.12528981,-0.12491117,0.39032778
2021-09-30,2021三季报,2021-3,2021三季度,sale_net_interest_ratio,53.0196,52.3119,-0.00595830,-0.00193082,0.02061047
2021-09-30,2021三季报,2021-3,2021三季度,per_undistributed_profits,116.6196,,0.17414733,,
2021-09-30,2021三季报,2021-3,2021三季度,operating_income_total,77053154965.9600,26331572039.7800,0.10748532,0.16219048,0.09987535
2021-09-30,2021三季报,2021-3,2021三季度,per_capital_reserve,1.0945,,0.00000000,,
2021-09-30,2021三季报,2021-3,2021三季度,index_full_diluted_roe,21.3745,7.5053,-0.06196652,0.18201147,-0.04498142
2021-09-30,2021三季报,2021-3,2021三季度,calculate_parent_holder_net_profit_yoy_growth_ratio,10.16661100,12.35353500,-0.08185097,-0.01433214,0.79817067
2021-09-30,2021三季报,2021-3,2021三季度,assets_debt_ratio,19.5313,,0.18558334,,
2021-09-30,2021三季报,2021-3,2021三季度,index_deduct_holder_net_profit,37357031229.8300,12707913515.4000,0.10190904,0.18991805,0.13166709
2021-09-30,2021三季报,2021-3,2021三季度,index_weighted_avg_roe,21.6800,7.4800,-0.06551724,0.26565144,-0.04834606
2021-09-30,2021三季报,2021-3,2021三季度,fcf_to_net_profit_ratio,0.9257956156129813,,,,
2021-09-30,2021三季报,2021-3,2021三季度,pe_ttm,42.21,,,,
2021-09-30,2021三季报,2021-3,2021三季度,pb,12.72,,,,
2021-06-30,2021中报,2021-2,2021二季度,index_per_operating_cash_flow_net,17.2898,18.4719,0.72089181,16.62634295,1.24894078
2021-06-30,2021中报,2021-2,2021二季度,deduct_net_profit_yoy_growth_ratio,8.7170,12.2106,-0.33890503,0.97279263,0.35308002
2021-06-30,2021中报,2021-2,2021二季度,parent_holder_net_profit,24653985551.5800,10699523465.9700,0.09080443,-0.23325432,0.12533162
2021-06-30,2021中报,2021-2,2021二季度,calc_per_net_assets,128.7518,,0.17861838,,
2021-06-30,2021中报,2021-2,2021二季度,inventory_turnover_ratio,0.1422,,-0.02268041,,
2021-06-30,2021中报,2021-2,2021二季度,conservative_quick_ratio,1.2362,,0.37066194,,
2021-06-30,2021中报,2021-2,2021二季度,equity_ratio,0.2801,,0.29496070,,
2021-06-30,2021中报,2021-2,2021二季度,current_ratio,4.0522,,-0.17170189,,
2021-06-30,2021中报,2021-2,2021二季度,basic_eps,19.6300,8.5174,0.09116176,-0.23325381,0.12533030
2021-06-30,2021中报,2021-2,2021二季度,business_cycle,1265.8228,,0.02320677,,
2021-06-30,2021中报,2021-2,2021二季度,receive_accounts_turnover_days,,,,,
2021-06-30,2021中报,2021-2,2021二季度,quick_ratio,3.3481,,-0.15673484,,
2021-06-30,2021中报,2021-2,2021二季度,sale_gross_margin,91.3784,91.0061,-0.00092278,-0.00731050,-0.00214251
2021-06-30,2021中报,2021-2,2021二季度,inventory_turnover_days,1265.8228,,0.02320677,,
2021-06-30,2021中报,2021-2,2021二季度,calculate_operating_income_total_yoy_growth_ratio,11.14776300,11.41316700,0.02872073,0.04378339,0.29788704
2021-06-30,2021中报,2021-2,2021二季度,sale_net_interest_ratio,53.3879,52.4131,-0.01931145,-0.03239378,0.01795543
2021-06-30,2021中报,2021-2,2021二季度,per_undistributed_profits,106.5797,,0.17915246,,
2021-06-30,2021中报,2021-2,2021二季度,operating_income_total,50721582926.1800,22656847194.4100,0.11147763,-0.19269337,0.11413167
2021-06-30,2021中报,2021-2,2021二季度,per_capital_reserve,1.0945,,0.00000000,,
2021-06-30,2021中报,2021-2,2021二季度,index_full_diluted_roe,15.2432,6.3496,-0.07450380,-0.23420370,-0.04390773
2021-06-30,2021中报,2021-2,2021二季度,calculate_parent_holder_net_profit_yoy_growth_ratio,9.08044300,12.53316200,-0.31652403,0.90667935,0.40576557
2021-06-30,2021中报,2021-2,2021二季度,assets_debt_ratio,21.2828,,0.23478765,,
2021-06-30,2021中报,2021-2,2021二季度,index_deduct_holder_net_profit,24649117714.4300,10679654343.7200,0.08717043,-0.23550003,0.12210597
2021-06-30,2021中报,2021-2,2021二季度,index_weighted_avg_roe,14.2000,5.9100,-0.07431551,-0.28709288,-0.04058442
2021-06-30,2021中报,2021-2,2021二季度,fcf_to_net_profit_ratio,0.8057853849767044,,,,
2021-06-30,2021中报,2021-2,2021二季度,pe_ttm,55.23,,,,
2021-06-30,2021中报,2021-2,2021二季度,pb,14.99,,,,
2021-03-31,2021一季报,2021-1,2021一季度,index_per_operating_cash_flow_net,-1.1821,-1.1821,-1.64475837,-1.05591346,-1.64475837
2021-03-31,2021一季报,2021-1,2021一季度,deduct_net_profit_yoy_growth_ratio,6.1895,6.1895,-0.62259376,-0.69978804,-0.62259376
2021-03-31,2021一季报,2021-1,2021一季度,parent_holder_net_profit,13954462085.6100,13954462085.6100,0.06573293,0.08424750,0.06573293
2021-03-31,2021一季报,2021-1,2021一季度,calc_per_net_assets,139.5276,,0.17551668,,
2021-03-31,2021一季报,2021-1,2021一季度,inventory_turnover_ratio,0.0776,,-0.03482587,,
2021-03-31,2021一季报,2021-1,2021一季度,conservative_quick_ratio,1.6076,,0.96624266,,
2021-03-31,2021一季报,2021-1,2021一季度,equity_ratio,0.1867,,0.07546083,,
2021-03-31,2021一季报,2021-1,2021一季度,current_ratio,5.7487,,-0.06019389,,
2021-03-31,2021一季报,2021-1,2021一季度,basic_eps,11.1100,11.1085,0.06621881,0.08425327,0.06573734
2021-03-31,2021一季报,2021-1,2021一季度,business_cycle,1159.7938,,0.03608245,,
2021-03-31,2021一季报,2021-1,2021一季度,receive_accounts_turnover_days,,,,,
2021-03-31,2021一季报,2021-1,2021一季度,quick_ratio,4.8009,,-0.05535005,,
2021-03-31,2021一季报,2021-1,2021一季度,sale_gross_margin,91.6763,91.6763,0.00004472,0.00068549,0.00004472
2021-03-31,2021一季报,2021-1,2021一季度,inventory_turnover_days,1159.7938,,0.03608245,,
2021-03-31,2021一季报,2021-1,2021一季度,calculate_operating_income_total_yoy_growth_ratio,10.93442100,10.93442100,-0.12769895,-0.09805305,-0.12769895
2021-03-31,2021一季报,2021-1,2021一季度,sale_net_interest_ratio,54.1678,54.1678,-0.04638184,0.09742499,-0.04638184
2021-03-31,2021一季报,2021-1,2021一季度,per_undistributed_profits,120.6409,,0.17492340,,
2021-03-31,2021一季报,2021-1,2021一季度,operating_income_total,28064735731.7700,28064735731.7700,0.10934421,-0.01244364,0.10934421
2021-03-31,2021一季报,2021-1,2021一季度,per_capital_reserve,1.0945,,0.00000000,,
2021-03-31,2021一季报,2021-1,2021一季度,index_full_diluted_roe,7.9615,8.2915,-0.09338845,-0.00215419,-0.09726834
2021-03-31,2021一季报,2021-1,2021一季度,calculate_parent_holder_net_profit_yoy_growth_ratio,6.57329300,6.57329300,-0.60604485,-0.66640867,-0.60604485
2021-03-31,2021一季报,2021-1,2021一季度,assets_debt_ratio,15.2071,,0.06682054,,
2021-03-31,2021一季报,2021-1,2021一季度,index_deduct_holder_net_profit,13969463370.7100,13969463370.7100,0.06189534,0.06520684,0.06189534
2021-03-31,2021一季报,2021-1,2021一季度,index_weighted_avg_roe,8.2900,8.2900,-0.09694989,0.00974421,-0.09694989
2021-03-31,2021一季报,2021-1,2021一季度,fcf_to_net_profit_ratio,-0.20751575013171963,,,,
2021-03-31,2021一季报,2021-1,2021一季度,pe_ttm,56.64,,,,
2021-03-31,2021一季报,2021-1,2021一季度,pb,17.01,,,,
2020-12-31,2020年报,2020-4,2020四季度,index_per_operating_cash_flow_net,41.1313,21.1416,0.14285357,1.12634395,0.48408971
2020-12-31,2020年报,2020-4,2020四季度,deduct_net_profit_yoy_growth_ratio,13.5473,20.6171,-0.17187987,1.98016797,9.15971024
2020-12-31,2020年报,2020-4,2020四季度,parent_holder_net_profit,46697285429.8100,12870181468.5900,0.13325127,0.14651820,0.19704628
2020-12-31,2020年报,2020-4,2020四季度,calc_per_net_assets,128.4214,,0.18610640,,
2020-12-31,2020年报,2020-4,2020四季度,inventory_turnover_ratio,0.3011,,-0.01149048,,
2020-12-31,2020年报,2020-4,2020四季度,conservative_quick_ratio,0.8245,,1.29091414,,
2020-12-31,2020年报,2020-4,2020四季度,equity_ratio,0.2831,,-0.06475058,,
2020-12-31,2020年报,2020-4,2020四季度,current_ratio,4.0648,,0.05039020,,
2020-12-31,2020年报,2020-4,2020四季度,basic_eps,37.1700,10.2453,0.13323171,0.14650687,0.19703467
2020-12-31,2020年报,2020-4,2020四季度,business_cycle,1195.6161,,0.01162404,,
2020-12-31,2020年报,2020-4,2020四季度,receive_accounts_turnover_days,,,,,
2020-12-31,2020年报,2020-4,2020四季度,quick_ratio,3.4124,,0.06097068,,
2020-12-31,2020年报,2020-4,2020四季度,sale_gross_margin,91.4092,91.6135,0.00116535,0.00602759,0.00853274
2020-12-31,2020年报,2020-4,2020四季度,inventory_turnover_days,1195.6161,,0.01162404,,
2020-12-31,2020年报,2020-4,2020四季度,calculate_operating_income_total_yoy_growth_ratio,10.28526400,12.12313100,-0.31873081,0.68761619,-0.13499047
2020-12-31,2020年报,2020-4,2020四季度,sale_net_interest_ratio,52.1763,49.3590,0.01373634,-0.03700091,0.04609392
2020-12-31,2020年报,2020-4,2020四季度,per_undistributed_profits,109.5324,,0.18726072,,
2020-12-31,2020年报,2020-4,2020四季度,operating_income_total,97993240501.2100,28418363640.6800,0.10285264,0.18704108,0.12123131
2020-12-31,2020年报,2020-4,2020四季度,per_capital_reserve,1.0945,,0.00000000,,
2020-12-31,2020年报,2020-4,2020四季度,index_full_diluted_roe,28.9465,8.3094,-0.04456276,0.05733700,0.00961083
2020-12-31,2020年报,2020-4,2020四季度,calculate_parent_holder_net_profit_yoy_growth_ratio,13.32512700,19.70462800,-0.21854934,1.86818989,6.32779106
2020-12-31,2020年报,2020-4,2020四季度,assets_debt_ratio,21.4039,,-0.04828834,,
2020-12-31,2020年报,2020-4,2020四季度,index_deduct_holder_net_profit,47016420742.7300,13114319981.7200,0.13547284,0.16785846,0.20617090
2020-12-31,2020年报,2020-4,2020四季度,index_weighted_avg_roe,31.4100,8.2100,-0.05077063,0.04452926,0.00489596
2020-12-31,2020年报,2020-4,2020四季度,fcf_to_net_profit_ratio,1.0617169443130032,,,,
2020-12-31,2020年报,2020-4,2020四季度,pe_ttm,51.99,,,,
2020-12-31,2020年报,2020-4,2020四季度,pb,15.61,,,,
2020-09-30,2020三季报,2020-3,2020三季度,index_per_operating_cash_flow_net,19.9897,9.9427,-0.08070087,0.21051670,2.86875486
2020-09-30,2020三季报,2020-3,2020三季度,deduct_net_profit_yoy_growth_ratio,11.0299,6.9181,-0.50944865,-0.23339206,-0.57081084
2020-09-30,2020三季报,2020-3,2020三季度,parent_holder_net_profit,33827103961.2200,11225448875.7100,0.11072942,0.18064628,0.06870057
2020-09-30,2020三季报,2020-3,2020三季度,calc_per_net_assets,118.1759,,0.18516992,,
2020-09-30,2020三季报,2020-3,2020三季度,inventory_turnover_ratio,0.2231,,0.01640091,,
2020-09-30,2020三季报,2020-3,2020三季度,conservative_quick_ratio,0.9562,,-0.73362677,,
2020-09-30,2020三季报,2020-3,2020三季度,equity_ratio,0.2048,,-0.19147256,,
2020-09-30,2020三季报,2020-3,2020三季度,current_ratio,5.1796,,0.17246531,,
2020-09-30,2020三季报,2020-3,2020三季度,basic_eps,26.9300,8.9361,0.11097360,0.18064951,0.06870695
2020-09-30,2020三季报,2020-3,2020三季度,business_cycle,1210.2196,,-0.01613626,,
2020-09-30,2020三季报,2020-3,2020三季度,receive_accounts_turnover_days,,,,,
2020-09-30,2020三季报,2020-3,2020三季度,quick_ratio,4.2546,,0.18117712,,
2020-09-30,2020三季报,2020-3,2020三季度,sale_gross_margin,91.3250,91.0646,-0.00179693,-0.00150107,0.00297375
2020-09-30,2020三季报,2020-3,2020三季度,inventory_turnover_days,1210.2196,,-0.01613626,,
2020-09-30,2020三季报,2020-3,2020三季度,calculate_operating_income_total_yoy_growth_ratio,9.55179000,7.18358300,-0.38513817,-0.18309446,-0.45899646
2020-09-30,2020三季报,2020-3,2020三季度,sale_net_interest_ratio,53.3374,51.2555,0.00273538,-0.00452722,-0.01988886
2020-09-30,2020三季报,2020-3,2020三季度,per_undistributed_profits,99.3228,,0.18334124,,
2020-09-30,2020三季报,2020-3,2020三季度,operating_income_total,69574876860.5300,23940505584.9500,0.09551790,0.17725451,0.07183583
2020-09-30,2020三季报,2020-3,2020三季度,per_capital_reserve,1.0945,,0.00000000,,
2020-09-30,2020三季报,2020-3,2020三季度,index_full_diluted_roe,22.7865,7.8588,-0.06281232,0.18334036,-0.10212849
2020-09-30,2020三季报,2020-3,2020三季度,calculate_parent_holder_net_profit_yoy_growth_ratio,11.07294200,6.87005700,-0.52130972,-0.22942913,-0.59842585
2020-09-30,2020三季报,2020-3,2020三季度,assets_debt_ratio,16.4740,,-0.15600617,,
2020-09-30,2020三季报,2020-3,2020三季度,index_deduct_holder_net_profit,33902100761.0100,11229374451.3700,0.11029854,0.17986479,0.06918098
2020-09-30,2020三季报,2020-3,2020三季度,index_weighted_avg_roe,23.2000,7.8600,-0.06902087,0.27597403,-0.09758898
2020-09-30,2020三季报,2020-3,2020三季度,fcf_to_net_profit_ratio,0.6945865062337605,,,,
2020-09-30,2020三季报,2020-3,2020三季度,pe_ttm,47.74,,,,
2020-09-30,2020三季报,2020-3,2020三季度,pb,15.26,,,,
2020-06-30,2020中报,2020-2,2020二季度,index_per_operating_cash_flow_net,10.0470,8.2136,-0.47602284,3.47998255,-0.54939159
2020-06-30,2020中报,2020-2,2020二季度,deduct_net_profit_yoy_growth_ratio,13.1857,9.0243,-0.49498458,-0.44974116,-0.50941294
2020-06-30,2020中报,2020-2,2020二季度,parent_holder_net_profit,22601655085.5100,9507884874.3500,0.13285680,-0.27386194,0.08915542
2020-06-30,2020中报,2020-2,2020二季度,calc_per_net_assets,109.2396,,0.19582271,,
2020-06-30,2020中报,2020-2,2020二季度,inventory_turnover_ratio,0.1455,,0.07618343,,
2020-06-30,2020中报,2020-2,2020二季度,conservative_quick_ratio,0.9019,,-0.64884753,,
2020-06-30,2020中报,2020-2,2020二季度,equity_ratio,0.2163,,-0.45461422,,
2020-06-30,2020中报,2020-2,2020二季度,current_ratio,4.8922,,0.55941604,,
2020-06-30,2020中报,2020-2,2020二季度,basic_eps,17.9900,7.5688,0.13287154,-0.27385761,0.08916134
2020-06-30,2020中报,2020-2,2020二季度,business_cycle,1237.1134,,-0.07079035,,
2020-06-30,2020中报,2020-2,2020二季度,receive_accounts_turnover_days,,,,,
2020-06-30,2020中报,2020-2,2020二季度,quick_ratio,3.9704,,0.54070625,,
2020-06-30,2020中报,2020-2,2020二季度,sale_gross_margin,91.4628,91.2015,-0.00439767,-0.00513460,-0.00402751
2020-06-30,2020中报,2020-2,2020二季度,inventory_turnover_days,1237.1134,,-0.07079035,,
2020-06-30,2020中报,2020-2,2020二季度,calculate_operating_income_total_yoy_growth_ratio,10.83653000,8.79365200,-0.35485628,-0.29848029,-0.19263719
2020-06-30,2020中报,2020-2,2020二季度,sale_net_interest_ratio,54.4392,51.4886,0.01416763,-0.09354886,-0.01005164
2020-06-30,2020中报,2020-2,2020二季度,per_undistributed_profits,90.3867,,0.19602475,,
2020-06-30,2020中报,2020-2,2020二季度,operating_income_total,45634371275.5800,20335879249.6400,0.10836530,-0.19616239,0.08793652
2020-06-30,2020中报,2020-2,2020二季度,per_capital_reserve,1.0945,,0.00000000,,
2020-06-30,2020中报,2020-2,2020二季度,index_full_diluted_roe,16.4703,6.6412,-0.05265792,-0.27694368,-0.09159052
2020-06-30,2020中报,2020-2,2020二季度,calculate_parent_holder_net_profit_yoy_growth_ratio,13.28568000,8.91554200,-0.49977087,-0.46566756,-0.56053853
2020-06-30,2020中报,2020-2,2020二季度,assets_debt_ratio,17.2360,,-0.37470070,,
2020-06-30,2020中报,2020-2,2020二季度,index_deduct_holder_net_profit,22672726309.6400,9517509578.6400,0.13185708,-0.27652202,0.09024257
2020-06-30,2020中报,2020-2,2020二季度,index_weighted_avg_roe,15.3400,6.1600,-0.05367057,-0.32897603,-0.08605341
2020-06-30,2020中报,2020-2,2020二季度,fcf_to_net_profit_ratio,0.5157452623424534,,,,
2020-06-30,2020中报,2020-2,2020二季度,pe_ttm,43.0,,,,
2020-06-30,2020中报,2020-2,2020二季度,pb,12.42,,,,
2020-03-31,2020一季报,2020-1,2020一季度,index_per_operating_cash_flow_net,1.8334,1.8334,0.93662195,-0.87129971,0.93662195
2020-03-31,2020一季报,2020-1,2020一季度,deduct_net_profit_yoy_growth_ratio,16.4001,16.4001,-0.49989022,7.08165377,-0.49989022
2020-03-31,2020一季报,2020-1,2020一季度,parent_holder_net_profit,13093770211.1600,13093770211.1600,0.16685384,0.21784211,0.16685384
2020-03-31,2020一季报,2020-1,2020一季度,calc_per_net_assets,118.6947,,0.20189132,,
2020-03-31,2020一季报,2020-1,2020一季度,inventory_turnover_ratio,0.0804,,0.11977716,,
2020-03-31,2020一季报,2020-1,2020一季度,conservative_quick_ratio,0.8176,,-0.77818172,,
2020-03-31,2020一季报,2020-1,2020一季度,equity_ratio,0.1736,,-0.29545455,,
2020-03-31,2020一季报,2020-1,2020一季度,current_ratio,6.1169,,0.35608664,,
2020-03-31,2020一季报,2020-1,2020一季度,basic_eps,10.4200,10.4233,0.16685330,0.21783173,0.16684391
2020-03-31,2020一季报,2020-1,2020一季度,business_cycle,1119.4030,,-0.10696517,,
2020-03-31,2020一季报,2020-1,2020一季度,receive_accounts_turnover_days,,,,,
2020-03-31,2020一季报,2020-1,2020一季度,quick_ratio,5.0822,,0.37882200,,
2020-03-31,2020一季报,2020-1,2020一季度,sale_gross_margin,91.6722,91.6722,-0.00476706,0.00917894,-0.00476706
2020-03-31,2020一季报,2020-1,2020一季度,inventory_turnover_days,1119.4030,,-0.10696517,,
2020-03-31,2020一季报,2020-1,2020一季度,calculate_operating_income_total_yoy_growth_ratio,12.53514600,12.53514600,-0.43556407,-0.10559238,-0.43556407
2020-03-31,2020一季报,2020-1,2020一季度,sale_net_interest_ratio,56.8024,56.8024,0.03177290,0.20384621,0.03177290
2020-03-31,2020一季报,2020-1,2020一季度,per_undistributed_profits,102.6798,,0.20319055,,
2020-03-31,2020一季报,2020-1,2020一季度,operating_income_total,25298492025.9400,25298492025.9400,0.12535146,-0.00186156,0.12535146
2020-03-31,2020一季报,2020-1,2020一季度,per_capital_reserve,1.0945,,0.00000000,,
2020-03-31,2020一季报,2020-1,2020一季度,index_full_diluted_roe,8.7816,9.1849,-0.02915326,0.11598605,-0.03048439
2020-03-31,2020一季报,2020-1,2020一季度,calculate_parent_holder_net_profit_yoy_growth_ratio,16.68538400,16.68538400,-0.47710549,5.20498939,-0.47710549
2020-03-31,2020一季报,2020-1,2020一季度,assets_debt_ratio,14.2546,,-0.25435733,,
2020-03-31,2020一季报,2020-1,2020一季度,index_deduct_holder_net_profit,13155216731.0000,13155216731.0000,0.16400112,0.20993232,0.16400112
2020-03-31,2020一季报,2020-1,2020一季度,index_weighted_avg_roe,9.1800,9.1800,-0.03062302,0.12362301,-0.03062302
2020-03-31,2020一季报,2020-1,2020一季度,fcf_to_net_profit_ratio,0.14424012009469056,,,,
2020-03-31,2020一季报,2020-1,2020一季度,pe_ttm,33.15,,,,
2020-03-31,2020一季报,2020-1,2020一季度,pb,10.83,,,,
2019-12-31,2019年报,2019-4,2019四季度,index_per_operating_cash_flow_net,35.9900,14.2455,0.09243340,4.54299611,0.35940721
2019-12-31,2019年报,2019-4,2019四季度,deduct_net_profit_yoy_growth_ratio,16.3591,2.0293,-0.46735758,-0.87410509,-0.95884683
2019-12-31,2019年报,2019-4,2019四季度,parent_holder_net_profit,41206471014.4300,10751615628.9900,0.17051783,0.02359005,0.02689027
2019-12-31,2019年报,2019-4,2019四季度,calc_per_net_assets,108.2714,,0.20535260,,
2019-12-31,2019年报,2019-4,2019四季度,inventory_turnover_ratio,0.3046,,0.06391897,,
2019-12-31,2019年报,2019-4,2019四季度,conservative_quick_ratio,0.3599,,-0.86487704,,
2019-12-31,2019年报,2019-4,2019四季度,equity_ratio,0.3027,,-0.19516086,,
2019-12-31,2019年报,2019-4,2019四季度,current_ratio,3.8698,,0.19125750,,
2019-12-31,2019年报,2019-4,2019四季度,basic_eps,32.8000,8.5589,0.17059243,0.02359596,0.02689959
2019-12-31,2019年报,2019-4,2019四季度,business_cycle,1181.8779,,-0.06007878,,
2019-12-31,2019年报,2019-4,2019四季度,receive_accounts_turnover_days,,,,,
2019-12-31,2019年报,2019-4,2019四季度,quick_ratio,3.2163,,0.20754646,,
2019-12-31,2019年报,2019-4,2019四季度,sale_gross_margin,91.3028,90.8384,0.00176428,0.00048241,-0.00381636
2019-12-31,2019年报,2019-4,2019四季度,inventory_turnover_days,1181.8779,,-0.06007878,,
2019-12-31,2019年报,2019-4,2019四季度,calculate_operating_income_total_yoy_growth_ratio,15.09721000,14.01502600,-0.42870512,0.05548704,-0.58918606
2019-12-31,2019年报,2019-4,2019四季度,sale_net_interest_ratio,51.4693,47.1841,0.00189793,-0.09774245,-0.10322984
2019-12-31,2019年报,2019-4,2019四季度,per_undistributed_profits,92.2564,,0.20743861,,
2019-12-31,2019年报,2019-4,2019四季度,operating_income_total,88854337488.7600,25345674442.0600,0.15097210,0.13474638,0.14015026
2019-12-31,2019年报,2019-4,2019四季度,per_capital_reserve,1.0945,,0.00000000,,
2019-12-31,2019年报,2019-4,2019四季度,index_full_diluted_roe,30.2966,8.2303,-0.02889910,-0.05968444,-0.15414894
2019-12-31,2019年报,2019-4,2019四季度,calculate_parent_holder_net_profit_yoy_growth_ratio,17.05178300,2.68902700,-0.43163919,-0.84281881,-0.94345920
2019-12-31,2019年报,2019-4,2019四季度,assets_debt_ratio,22.4899,,-0.15290045,,
2019-12-31,2019年报,2019-4,2019四季度,index_deduct_holder_net_profit,41406909012.0800,10872688093.1200,0.16359120,0.03521985,0.02029343
2019-12-31,2019年报,2019-4,2019四季度,index_weighted_avg_roe,33.0900,8.1700,-0.03975624,-0.06199770,-0.14270724
2019-12-31,2019年报,2019-4,2019四季度,fcf_to_net_profit_ratio,1.0207558894439297,,,,
2019-12-31,2019年报,2019-4,2019四季度,pe_ttm,34.84,,,,
2019-12-31,2019年报,2019-4,2019四季度,pb,11.38,,,,
2019-09-30,2019三季报,2019-3,2019三季度,index_per_operating_cash_flow_net,21.7445,2.5700,-0.03209796,-0.85900657,-0.69212708
2019-09-30,2019三季报,2019-3,2019三季度,deduct_net_profit_yoy_growth_ratio,22.4847,16.1190,-0.06722229,-0.12372451,4.97199066
2019-09-30,2019三季报,2019-3,2019三季度,parent_holder_net_profit,30454855385.4400,10503829776.2200,0.23131746,0.20324375,0.17107817
2019-09-30,2019三季报,2019-3,2019三季度,calc_per_net_assets,99.7122,,0.22358869,,
2019-09-30,2019三季报,2019-3,2019三季度,inventory_turnover_ratio,0.2195,,0.03929924,,
2019-09-30,2019三季报,2019-3,2019三季度,conservative_quick_ratio,3.5897,,0.44454728,,
2019-09-30,2019三季报,2019-3,2019三季度,equity_ratio,0.2533,,-0.36738262,,
2019-09-30,2019三季报,2019-3,2019三季度,current_ratio,4.4177,,0.45009027,,
2019-09-30,2019三季报,2019-3,2019三季度,basic_eps,24.2400,8.3616,0.23108177,0.20324642,0.17107604
2019-09-30,2019三季报,2019-3,2019三季度,business_cycle,1230.0683,,-0.03781325,,
2019-09-30,2019三季报,2019-3,2019三季度,receive_accounts_turnover_days,,,,,
2019-09-30,2019三季报,2019-3,2019三季度,quick_ratio,3.6020,,0.44949698,,
2019-09-30,2019三季报,2019-3,2019三季度,sale_gross_margin,91.4894,90.7946,0.00401212,-0.00847109,-0.00712116
2019-09-30,2019三季报,2019-3,2019三季度,inventory_turnover_days,1230.0683,,-0.03781325,,
2019-09-30,2019三季报,2019-3,2019三季度,calculate_operating_income_total_yoy_growth_ratio,15.53485600,13.27825500,-0.34066773,0.21910320,2.48187117
2019-09-30,2019三季报,2019-3,2019三季度,sale_net_interest_ratio,53.1919,52.2956,0.04580004,0.00546419,0.02125283
2019-09-30,2019三季报,2019-3,2019三季度,per_undistributed_profits,83.9342,,0.22821969,,
2019-09-30,2019三季报,2019-3,2019三季度,operating_income_total,63508663046.7000,22335981736.7600,0.15534856,0.19493876,0.13278255
2019-09-30,2019三季报,2019-3,2019三季度,per_capital_reserve,1.0945,,0.00000000,,
2019-09-30,2019三季报,2019-3,2019三季度,index_full_diluted_roe,24.3137,8.7527,0.00632010,0.19722876,-0.04480918
2019-09-30,2019三季报,2019-3,2019三季度,calculate_parent_holder_net_profit_yoy_growth_ratio,23.13174600,17.10781700,-0.02675809,-0.15672806,5.32040643
2019-09-30,2019三季报,2019-3,2019三季度,assets_debt_ratio,19.5191,,-0.29930574,,
2019-09-30,2019三季报,2019-3,2019三季度,index_deduct_holder_net_profit,30534220918.9600,10502781738.5700,0.22484686,0.20310673,0.16119010
2019-09-30,2019三季报,2019-3,2019三季度,index_weighted_avg_roe,24.9200,8.7100,-0.00040112,0.29228487,-0.03863135
2019-09-30,2019三季报,2019-3,2019三季度,fcf_to_net_profit_ratio,0.8303228588965653,,,,
2019-09-30,2019三季报,2019-3,2019三季度,pe_ttm,37.46,,,,
2019-09-30,2019三季报,2019-3,2019三季度,pb,12.86,,,,
2019-06-30,2019中报,2019-2,2019二季度,index_per_operating_cash_flow_net,19.1745,18.2278,0.35815980,18.25404035,0.78895094
2019-06-30,2019中报,2019-2,2019二季度,deduct_net_profit_yoy_growth_ratio,26.1095,18.3949,-0.36035288,-0.43906017,-0.57890411
2019-06-30,2019中报,2019-2,2019二季度,parent_holder_net_profit,19951025609.2200,8729594264.1400,0.26559189,-0.22206054,0.20287426
2019-06-30,2019中报,2019-2,2019二季度,calc_per_net_assets,91.3510,,0.22867000,,
2019-06-30,2019中报,2019-2,2019二季度,inventory_turnover_ratio,0.1352,,-0.01385850,,
2019-06-30,2019中报,2019-2,2019二季度,conservative_quick_ratio,2.5684,,0.01145985,,
2019-06-30,2019中报,2019-2,2019二季度,equity_ratio,0.3966,,0.10875035,,
2019-06-30,2019中报,2019-2,2019二季度,current_ratio,3.1372,,-0.02758663,,
2019-06-30,2019中报,2019-2,2019二季度,basic_eps,15.8800,6.9492,0.26533865,-0.22206674,0.20286644
2019-06-30,2019中报,2019-2,2019二季度,business_cycle,1331.3609,,0.01405321,,
2019-06-30,2019中报,2019-2,2019二季度,receive_accounts_turnover_days,,,,,
2019-06-30,2019中报,2019-2,2019二季度,quick_ratio,2.5770,,0.01484661,,
2019-06-30,2019中报,2019-2,2019二季度,sale_gross_margin,91.8668,91.5703,0.01016801,-0.00587333,0.01133817
2019-06-30,2019中报,2019-2,2019二季度,inventory_turnover_days,1331.3609,,0.01405321,,
2019-06-30,2019中报,2019-2,2019二季度,calculate_operating_income_total_yoy_growth_ratio,16.79707900,10.89182200,-0.56113757,-0.50956011,-0.76091884
2019-06-30,2019中报,2019-2,2019二季度,sale_net_interest_ratio,53.6787,52.0114,0.05942642,-0.05525201,0.06352124
2019-06-30,2019中报,2019-2,2019二季度,per_undistributed_profits,75.5726,,0.23488676,,
2019-06-30,2019中报,2019-2,2019二季度,operating_income_total,41172681309.9400,18692156055.2500,0.16797079,-0.16851782,0.10891822
2019-06-30,2019中报,2019-2,2019二季度,per_capital_reserve,1.0945,,0.00000000,,
2019-06-30,2019中报,2019-2,2019二季度,index_full_diluted_roe,17.3858,7.3108,0.03004989,-0.22830573,-0.02609669
2019-06-30,2019中报,2019-2,2019二季度,calculate_parent_holder_net_profit_yoy_growth_ratio,26.55918900,20.28742600,-0.33792990,-0.36422298,-0.51149638
2019-06-30,2019中报,2019-2,2019二季度,assets_debt_ratio,27.5644,,0.07183158,,
2019-06-30,2019中报,2019-2,2019二季度,index_deduct_holder_net_profit,20031439180.3900,8729717422.2600,0.26109460,-0.22757633,0.18394902
2019-06-30,2019中报,2019-2,2019二季度,index_weighted_avg_roe,16.2100,6.7400,0.02142407,-0.28827878,-0.03438395
2019-06-30,2019中报,2019-2,2019二季度,fcf_to_net_profit_ratio,1.1509247010969939,,,,
2019-06-30,2019中报,2019-2,2019二季度,pe_ttm,32.6,,,,
2019-06-30,2019中报,2019-2,2019二季度,pb,9.96,,,,
2019-03-31,2019一季报,2019-1,2019一季度,index_per_operating_cash_flow_net,0.9467,0.9467,-0.75904197,-0.90965913,-0.75904197
2019-03-31,2019一季报,2019-1,2019一季度,deduct_net_profit_yoy_growth_ratio,32.7930,32.7930,-0.14662676,-0.33497462,-0.14662676
2019-03-31,2019一季报,2019-1,2019一季度,parent_holder_net_profit,11221431345.0800,11221431345.0800,0.31909656,0.07176252,0.31909656
2019-03-31,2019一季报,2019-1,2019一季度,calc_per_net_assets,98.7566,,0.24110049,,
2019-03-31,2019一季报,2019-1,2019一季度,inventory_turnover_ratio,0.0718,,0.04208999,,
2019-03-31,2019一季报,2019-1,2019一季度,conservative_quick_ratio,3.6859,,0.21250699,,
2019-03-31,2019一季报,2019-1,2019一季度,equity_ratio,0.2464,,-0.15818244,,
2019-03-31,2019一季报,2019-1,2019一季度,current_ratio,4.5107,,0.17991577,,
2019-03-31,2019一季报,2019-1,2019一季度,basic_eps,8.9300,8.9329,0.31905465,0.07177223,0.31911280
2019-03-31,2019一季报,2019-1,2019一季度,business_cycle,1253.4819,,-0.04038995,,
2019-03-31,2019一季报,2019-1,2019一季度,receive_accounts_turnover_days,,,,,
2019-03-31,2019一季报,2019-1,2019一季度,quick_ratio,3.6859,,0.21119217,,
2019-03-31,2019一季报,2019-1,2019一季度,sale_gross_margin,92.1113,92.1113,0.00882532,0.01014296,0.00882532
2019-03-31,2019一季报,2019-1,2019一季度,inventory_turnover_days,1253.4819,,-0.04038995,,
2019-03-31,2019一季报,2019-1,2019一季度,calculate_operating_income_total_yoy_growth_ratio,22.20827100,22.20827100,-0.31056792,-0.34902245,-0.31056792
2019-03-31,2019一季报,2019-1,2019一季度,sale_net_interest_ratio,55.0532,55.0532,0.05313378,0.04632847,0.05313378
2019-03-31,2019一季报,2019-1,2019一季度,per_undistributed_profits,85.3396,,0.21108859,,
2019-03-31,2019一季报,2019-1,2019一季度,operating_income_total,22480525254.6900,22480525254.6900,0.22208271,0.01126434,0.22208271
2019-03-31,2019一季报,2019-1,2019一季度,per_capital_reserve,1.0945,,0.00000000,,
2019-03-31,2019一季报,2019-1,2019一季度,index_full_diluted_roe,9.0453,9.4737,0.06284002,-0.02636123,0.06581390
2019-03-31,2019一季报,2019-1,2019一季度,calculate_parent_holder_net_profit_yoy_growth_ratio,31.90965600,31.90965600,-0.18035210,-0.32905198,-0.18035210
2019-03-31,2019一季报,2019-1,2019一季度,assets_debt_ratio,19.1172,,-0.12171456,,
2019-03-31,2019一季报,2019-1,2019一季度,index_deduct_holder_net_profit,11301721758.1300,11301721758.1300,0.32793037,0.06055397,0.32793037
2019-03-31,2019一季报,2019-1,2019一季度,index_weighted_avg_roe,9.4700,9.4700,0.06524184,-0.00629591,0.06524184
2019-03-31,2019一季报,2019-1,2019一季度,fcf_to_net_profit_ratio,0.05166254575038501,,,,
2019-03-31,2019一季报,2019-1,2019一季度,pe_ttm,30.47,,,,
2019-03-31,2019一季报,2019-1,2019一季度,pb,9.51,,,,
2018-12-31,2018年报,2018-4,2018四季度,index_per_operating_cash_flow_net,32.9448,10.4792,0.86814857,0.25535483,21.77145689
2018-12-31,2018年报,2018-4,2018四季度,deduct_net_profit_yoy_growth_ratio,30.7131,49.3109,-0.49292880,17.26938609,-0.20286163
2018-12-31,2018年报,2018-4,2018四季度,parent_holder_net_profit,35203625263.2200,10470072542.8900,0.30001687,0.16731455,0.47559058
2018-12-31,2018年报,2018-4,2018四季度,calc_per_net_assets,89.8255,,0.23386167,,
2018-12-31,2018年报,2018-4,2018四季度,inventory_turnover_ratio,0.2863,,0.02837644,,
2018-12-31,2018年报,2018-4,2018四季度,conservative_quick_ratio,2.6635,,0.14974532,,
2018-12-31,2018年报,2018-4,2018四季度,equity_ratio,0.3761,,-0.10876777,,
2018-12-31,2018年报,2018-4,2018四季度,current_ratio,3.2485,,0.11636139,,
2018-12-31,2018年报,2018-4,2018四季度,basic_eps,28.0200,8.3347,0.29962894,0.16730858,0.47558601
2018-12-31,2018年报,2018-4,2018四季度,business_cycle,1257.4223,,-0.02759339,,
2018-12-31,2018年报,2018-4,2018四季度,receive_accounts_turnover_days,,,,,
2018-12-31,2018年报,2018-4,2018四季度,quick_ratio,2.6635,,0.14974532,,
2018-12-31,2018年报,2018-4,2018四季度,sale_gross_margin,91.1420,91.1864,0.01498727,-0.00283665,0.01966731
2018-12-31,2018年报,2018-4,2018四季度,inventory_turnover_days,1257.4223,,-0.02759339,,
2018-12-31,2018年报,2018-4,2018四季度,calculate_operating_income_total_yoy_growth_ratio,26.42630000,34.11526400,-0.49245890,7.94582566,0.08932755
2018-12-31,2018年报,2018-4,2018四季度,sale_net_interest_ratio,51.3718,52.6156,0.03106742,0.02750194,0.08517545
2018-12-31,2018年报,2018-4,2018四季度,per_undistributed_profits,76.4067,,0.19960530,,
2018-12-31,2018年报,2018-4,2018四季度,operating_income_total,77199384110.2200,22230117658.8000,0.26426300,0.12741359,0.34115264
2018-12-31,2018年报,2018-4,2018四季度,per_capital_reserve,1.0945,,0.00000000,,
2018-12-31,2018年报,2018-4,2018四季度,index_full_diluted_roe,31.1982,9.7302,0.05361593,0.06186636,0.20544110
2018-12-31,2018年报,2018-4,2018四季度,calculate_parent_holder_net_profit_yoy_growth_ratio,30.00168700,47.55905800,-0.51589691,16.57048115,-0.28850588
2018-12-31,2018年报,2018-4,2018四季度,assets_debt_ratio,26.5493,,-0.07391439,,
2018-12-31,2018年报,2018-4,2018四季度,index_deduct_holder_net_profit,35585443648.6000,10656432489.9300,0.30713100,0.17817776,0.49310927
2018-12-31,2018年报,2018-4,2018四季度,index_weighted_avg_roe,34.4600,9.5300,0.04582701,0.05187638,0.19423559
2018-12-31,2018年报,2018-4,2018四季度,fcf_to_net_profit_ratio,1.1299541988364397,,,,
2018-12-31,2018年报,2018-4,2018四季度,pe_ttm,23.29,,,,
2018-12-31,2018年报,2018-4,2018四季度,pb,7.24,,,,
2018-09-30,2018三季报,2018-3,2018三季度,index_per_operating_cash_flow_net,22.4656,8.3476,0.23849059,-0.18073235,-0.33846861
2018-09-30,2018三季报,2018-3,2018三季度,deduct_net_profit_yoy_growth_ratio,24.1051,2.6991,-0.59902489,-0.93821223,-0.98001957
2018-09-30,2018三季报,2018-3,2018三季度,parent_holder_net_profit,24733552720.3300,8969366937.6700,0.23767725,0.23591319,0.02706759
2018-09-30,2018三季报,2018-3,2018三季度,calc_per_net_assets,81.4916,,0.21353943,,
2018-09-30,2018三季报,2018-3,2018三季度,inventory_turnover_ratio,0.2112,,0.02524272,,
2018-09-30,2018三季报,2018-3,2018三季度,conservative_quick_ratio,2.4850,,0.17778094,,
2018-09-30,2018三季报,2018-3,2018三季度,equity_ratio,0.4004,,-0.14279598,,
2018-09-30,2018三季报,2018-3,2018三季度,current_ratio,3.0465,,0.14482733,,
2018-09-30,2018三季报,2018-3,2018三季度,basic_eps,19.6900,7.1401,0.23758642,0.23591013,0.02707174
2018-09-30,2018三季报,2018-3,2018三季度,business_cycle,1278.4091,,-0.02462120,,
2018-09-30,2018三季报,2018-3,2018三季度,receive_accounts_turnover_days,,,,,
2018-09-30,2018三季报,2018-3,2018三季度,quick_ratio,2.4850,,0.17778094,,
2018-09-30,2018三季报,2018-3,2018三季度,sale_gross_margin,91.1238,91.4458,0.01323984,0.00996314,0.01213287
2018-09-30,2018三季报,2018-3,2018三季度,inventory_turnover_days,1278.4091,,-0.02462120,,
2018-09-30,2018三季报,2018-3,2018三季度,calculate_operating_income_total_yoy_growth_ratio,23.56149800,3.81354000,-0.61738349,-0.91629081,-0.96711183
2018-09-30,2018三季报,2018-3,2018三季度,sale_net_interest_ratio,50.8624,51.2073,0.01076094,0.04707913,0.00361210
2018-09-30,2018三季报,2018-3,2018三季度,per_undistributed_profits,68.3381,,0.17149690,,
2018-09-30,2018三季报,2018-3,2018三季度,operating_income_total,54969266451.4200,19717801668.0900,0.23561498,0.16976498,0.03813540
2018-09-30,2018三季报,2018-3,2018三季度,per_capital_reserve,1.0945,,0.00000000,,
2018-09-30,2018三季报,2018-3,2018三季度,index_full_diluted_roe,24.1610,9.1633,0.01989042,0.22068286,-0.16069319
2018-09-30,2018三季报,2018-3,2018三季度,calculate_parent_holder_net_profit_yoy_growth_ratio,23.76772500,2.70675900,-0.60592203,-0.93482359,-0.98044456
2018-09-30,2018三季报,2018-3,2018三季度,assets_debt_ratio,27.8568,,-0.09654403,,
2018-09-30,2018三季报,2018-3,2018三季度,index_deduct_holder_net_profit,24929011158.6700,9044842645.6900,0.24105144,0.22668720,0.02699067
2018-09-30,2018三季报,2018-3,2018三季度,index_weighted_avg_roe,24.9300,9.0600,-0.00160192,0.29799427,-0.14849624
2018-09-30,2018三季报,2018-3,2018三季度,fcf_to_net_profit_ratio,1.0999150949531291,,,,
2018-09-30,2018三季报,2018-3,2018三季度,pe_ttm,25.68,,,,
2018-09-30,2018三季报,2018-3,2018三季度,pb,8.69,,,,
2018-06-30,2018中报,2018-2,2018二季度,index_per_operating_cash_flow_net,14.1180,10.1891,1.55719176,1.59337219,14.48966251
2018-06-30,2018中报,2018-2,2018二季度,deduct_net_profit_yoy_growth_ratio,40.8186,43.6834,0.44768883,0.13677445,0.40208178
2018-06-30,2018中报,2018-2,2018二季度,parent_holder_net_profit,15764185782.6600,7257279104.4600,0.40115373,-0.14689565,0.41529735
2018-06-30,2018中报,2018-2,2018二季度,calc_per_net_assets,74.3495,,0.23504973,,
2018-06-30,2018中报,2018-2,2018二季度,inventory_turnover_ratio,0.1371,,0.13212221,,
2018-06-30,2018中报,2018-2,2018二季度,conservative_quick_ratio,2.5393,,0.38843020,,
2018-06-30,2018中报,2018-2,2018二季度,equity_ratio,0.3577,,-0.34535139,,
2018-06-30,2018中报,2018-2,2018二季度,current_ratio,3.2262,,0.36813536,,
2018-06-30,2018中报,2018-2,2018二季度,basic_eps,12.5500,5.7772,0.40066964,-0.14688640,0.41528662
2018-06-30,2018中报,2018-2,2018二季度,business_cycle,1312.9103,,-0.11670313,,
2018-06-30,2018中报,2018-2,2018二季度,receive_accounts_turnover_days,,,,,
2018-06-30,2018中报,2018-2,2018二季度,quick_ratio,2.5393,,0.38843020,,
2018-06-30,2018中报,2018-2,2018二季度,sale_gross_margin,90.9421,90.5437,0.01476701,-0.00834342,0.03197346
2018-06-30,2018中报,2018-2,2018二季度,inventory_turnover_days,1312.9103,,-0.11670313,,
2018-06-30,2018中报,2018-2,2018二季度,calculate_operating_income_total_yoy_growth_ratio,38.27413300,45.55700700,0.06148069,0.41426869,0.24972176
2018-06-30,2018中报,2018-2,2018二季度,sale_net_interest_ratio,50.6677,48.9049,0.01760964,-0.06447941,-0.03237940
2018-06-30,2018中报,2018-2,2018二季度,per_undistributed_profits,61.1980,,0.19103735,,
2018-06-30,2018中报,2018-2,2018二季度,operating_income_total,35251464783.3300,16856207937.3700,0.38274133,-0.08366553,0.45557007
2018-06-30,2018中报,2018-2,2018二季度,per_capital_reserve,1.0945,,0.00000000,,
2018-06-30,2018中报,2018-2,2018二季度,index_full_diluted_roe,16.8786,7.5067,0.13449750,-0.15547830,0.13192497
2018-06-30,2018中报,2018-2,2018二季度,calculate_parent_holder_net_profit_yoy_growth_ratio,40.11537300,41.52973500,0.44235619,0.06675422,0.33830893
2018-06-30,2018中报,2018-2,2018二季度,assets_debt_ratio,25.7171,,-0.25074148,,
2018-06-30,2018中报,2018-2,2018二季度,index_deduct_holder_net_profit,15884168512.9800,7373389609.5300,0.40818638,-0.13364103,0.43683404
2018-06-30,2018中报,2018-2,2018二季度,index_weighted_avg_roe,15.8700,6.9800,0.10746685,-0.21484814,0.11323764
2018-06-30,2018中报,2018-2,2018二季度,fcf_to_net_profit_ratio,1.0795604280386988,,,,
2018-06-30,2018中报,2018-2,2018二季度,pe_ttm,31.47,,,,
2018-06-30,2018中报,2018-2,2018二季度,pb,9.27,,,,
2018-03-31,2018一季报,2018-1,2018一季度,index_per_operating_cash_flow_net,3.9289,3.9289,-0.19209969,8.78771060,-0.19209969
2018-03-31,2018一季报,2018-1,2018一季度,deduct_net_profit_yoy_growth_ratio,38.4275,38.4275,0.48797884,-0.37879790,0.48797884
2018-03-31,2018一季报,2018-1,2018一季度,parent_holder_net_profit,8506906678.2000,8506906678.2000,0.38930931,0.19891350,0.38930931
2018-03-31,2018一季报,2018-1,2018一季度,calc_per_net_assets,79.5718,,0.26500621,,
2018-03-31,2018一季报,2018-1,2018一季度,inventory_turnover_ratio,0.0689,,0.21089631,,
2018-03-31,2018一季报,2018-1,2018一季度,conservative_quick_ratio,3.0399,,0.49483674,,
2018-03-31,2018一季报,2018-1,2018一季度,equity_ratio,0.2927,,-0.36672436,,
2018-03-31,2018一季报,2018-1,2018一季度,current_ratio,3.8229,,0.45556655,,
2018-03-31,2018一季报,2018-1,2018一季度,basic_eps,6.7700,6.7719,0.39014374,0.19890588,0.38930718
2018-03-31,2018一季报,2018-1,2018一季度,business_cycle,1306.2409,,-0.17416547,,
2018-03-31,2018一季报,2018-1,2018一季度,receive_accounts_turnover_days,,,,,
2018-03-31,2018一季报,2018-1,2018一季度,quick_ratio,3.0432,,0.49645948,,
2018-03-31,2018一季报,2018-1,2018一季度,sale_gross_margin,91.3055,91.3055,0.00163895,0.02099911,0.00163895
2018-03-31,2018一季报,2018-1,2018一季度,inventory_turnover_days,1306.2409,,-0.17416547,,
2018-03-31,2018一季报,2018-1,2018一季度,calculate_operating_income_total_yoy_growth_ratio,32.21241300,32.21241300,-0.09842666,0.02856800,-0.09842666
2018-03-31,2018一季报,2018-1,2018一季度,sale_net_interest_ratio,52.2756,52.2756,0.06300265,0.07816309,0.06300265
2018-03-31,2018一季报,2018-1,2018一季度,per_undistributed_profits,70.4652,,0.28583785,,
2018-03-31,2018一季报,2018-1,2018一季度,operating_income_total,18395256845.9600,18395256845.9600,0.32212413,0.10979382,0.32212413
2018-03-31,2018一季报,2018-1,2018一季度,per_capital_reserve,1.0945,,0.00000000,,
2018-03-31,2018一季报,2018-1,2018一季度,index_full_diluted_roe,8.5105,8.8887,0.09827074,0.10119055,0.10262485
2018-03-31,2018一季报,2018-1,2018一季度,calculate_parent_holder_net_profit_yoy_growth_ratio,38.93093100,38.93093100,0.54268546,-0.41758459,0.54268546
2018-03-31,2018一季报,2018-1,2018一季度,assets_debt_ratio,21.7665,,-0.29096115,,
2018-03-31,2018一季报,2018-1,2018一季度,index_deduct_holder_net_profit,8510778903.4500,8510778903.4500,0.38427509,0.19247439,0.38427509
2018-03-31,2018一季报,2018-1,2018一季度,index_weighted_avg_roe,8.8900,8.8900,0.10297767,0.11403509,0.10297767
2018-03-31,2018一季报,2018-1,2018一季度,fcf_to_net_profit_ratio,0.5126260368266703,,,,
2018-03-31,2018一季报,2018-1,2018一季度,pe_ttm,38.46,,,,
2018-03-31,2018一季报,2018-1,2018一季度,pb,11.05,,,,
2017-12-31,2017年报,2017-4,2017四季度,index_per_operating_cash_flow_net,17.6350,-0.5045,-0.40848349,-1.03998066,-1.12891603
2017-12-31,2017年报,2017-4,2017四季度,deduct_net_profit_yoy_growth_ratio,60.5696,61.8599,6.07051888,-0.54207430,7.09451467
2017-12-31,2017年报,2017-4,2017四季度,parent_holder_net_profit,27079360255.7400,7095513271.6400,0.61973757,-0.18750434,0.66843923
2017-12-31,2017年报,2017-4,2017四季度,calc_per_net_assets,72.8003,,0.25458058,,
2017-12-31,2017年报,2017-4,2017四季度,inventory_turnover_ratio,0.2784,,0.57733711,,
2017-12-31,2017年报,2017-4,2017四季度,conservative_quick_ratio,2.3166,,0.26320955,,
2017-12-31,2017年报,2017-4,2017四季度,equity_ratio,0.4220,,-0.16945483,,
2017-12-31,2017年报,2017-4,2017四季度,current_ratio,2.9099,,0.19454023,,
2017-12-31,2017年报,2017-4,2017四季度,basic_eps,21.5600,5.6484,0.61983471,-0.18750270,0.66845868
2017-12-31,2017年报,2017-4,2017四季度,business_cycle,1293.1034,,-0.36602015,,
2017-12-31,2017年报,2017-4,2017四季度,receive_accounts_turnover_days,,,,,
2017-12-31,2017年报,2017-4,2017四季度,quick_ratio,2.3166,,0.25601822,,
2017-12-31,2017年报,2017-4,2017四季度,sale_gross_margin,89.7962,89.4276,-0.01566345,-0.01020480,-0.00980807
2017-12-31,2017年报,2017-4,2017四季度,inventory_turnover_days,1293.1034,,-0.36602015,,
2017-12-31,2017年报,2017-4,2017四季度,calculate_operating_income_total_yoy_growth_ratio,52.06731000,31.31772800,1.59604867,-0.72991430,0.04534227
2017-12-31,2017年报,2017-4,2017四季度,sale_net_interest_ratio,49.8239,48.4858,0.07986519,-0.04972659,0.28899487
2017-12-31,2017年报,2017-4,2017四季度,per_undistributed_profits,63.6932,,0.27573423,,
2017-12-31,2017年报,2017-4,2017四季度,operating_income_total,61062756866.1600,16575382294.7200,0.52067310,-0.12731189,0.31317728
2017-12-31,2017年报,2017-4,2017四季度,per_capital_reserve,1.0945,,0.00000000,,
2017-12-31,2017年报,2017-4,2017四季度,index_full_diluted_roe,29.6106,8.0719,0.29106043,-0.26065930,0.34321230
2017-12-31,2017年报,2017-4,2017四季度,calculate_parent_holder_net_profit_yoy_growth_ratio,61.97375700,66.84392300,6.90592015,-0.51707470,14.63792583
2017-12-31,2017年报,2017-4,2017四季度,assets_debt_ratio,28.6683,,-0.12581188,,
2017-12-31,2017年报,2017-4,2017四季度,index_deduct_holder_net_profit,27224083628.1700,7137074786.5400,0.60569643,-0.18962557,0.61859879
2017-12-31,2017年报,2017-4,2017四季度,index_weighted_avg_roe,32.9500,7.9800,0.34819967,-0.25000000,0.33222037
2017-12-31,2017年报,2017-4,2017四季度,fcf_to_net_profit_ratio,0.776533075120292,,,,
2017-12-31,2017年报,2017-4,2017四季度,pe_ttm,35.34,,,,
2017-12-31,2017年报,2017-4,2017四季度,pb,10.15,,,,
2017-09-30,2017三季报,2017-3,2017三季度,index_per_operating_cash_flow_net,18.1395,12.6186,-0.29962780,18.18303436,-0.16268422
2017-09-30,2017三季报,2017-3,2017三季度,deduct_net_profit_yoy_growth_ratio,60.1162,135.0872,5.75827413,3.33581867,41.38428715
2017-09-30,2017三季报,2017-3,2017三季度,parent_holder_net_profit,19983846984.1000,8732986054.3900,0.60312240,0.70308622,1.38414622
2017-09-30,2017三季报,2017-3,2017三季度,calc_per_net_assets,67.1520,,0.22891553,,
2017-09-30,2017三季报,2017-3,2017三季度,inventory_turnover_ratio,0.2060,,0.70247934,,
2017-09-30,2017三季报,2017-3,2017三季度,conservative_quick_ratio,2.1099,,0.12642144,,
2017-09-30,2017三季报,2017-3,2017三季度,equity_ratio,0.4671,,-0.05311170,,
2017-09-30,2017三季报,2017-3,2017三季度,current_ratio,2.6611,,0.07863483,,
2017-09-30,2017三季报,2017-3,2017三季度,basic_eps,15.9100,6.9519,0.60383065,0.70306222,1.38413526
2017-09-30,2017三季报,2017-3,2017三季度,business_cycle,1310.6796,,-0.41263304,,
2017-09-30,2017三季报,2017-3,2017三季度,receive_accounts_turnover_days,,,,,
2017-09-30,2017三季报,2017-3,2017三季度,quick_ratio,2.1099,,0.12642144,,
2017-09-30,2017三季报,2017-3,2017三季度,sale_gross_margin,89.9331,90.3496,-0.01866791,0.02976120,-0.00860058
2017-09-30,2017三季报,2017-3,2017三季度,inventory_turnover_days,1310.6796,,-0.41262138,,
2017-09-30,2017三季报,2017-3,2017三季度,calculate_operating_income_total_yoy_growth_ratio,61.57993100,115.95478000,2.84780851,2.18087646,6.02237438
2017-09-30,2017三季报,2017-3,2017三季度,sale_net_interest_ratio,50.3209,51.0230,0.00534228,0.00952882,0.09179575
2017-09-30,2017三季报,2017-3,2017三季度,per_undistributed_profits,58.3340,,0.24795694,,
2017-09-30,2017三季报,2017-3,2017三季度,operating_income_total,44487374571.4400,18993477826.4100,0.61579931,0.64012796,1.15954780
2017-09-30,2017三季报,2017-3,2017三季度,per_capital_reserve,1.0945,,0.00000000,,
2017-09-30,2017三季报,2017-3,2017三季度,index_full_diluted_roe,23.6898,10.9177,0.30449722,0.64626497,0.99133623
2017-09-30,2017三季报,2017-3,2017三季度,calculate_parent_holder_net_profit_yoy_growth_ratio,60.31224000,138.41462200,5.61945455,3.46045526,37.68412467
2017-09-30,2017三季报,2017-3,2017三季度,assets_debt_ratio,30.8336,,-0.04258940,,
2017-09-30,2017三季报,2017-3,2017三季度,index_deduct_holder_net_profit,20087008841.6300,8807132263.1100,0.60116151,0.71622389,1.35087233
2017-09-30,2017三季报,2017-3,2017三季度,index_weighted_avg_roe,24.9700,10.6400,0.35338753,0.69696970,0.91023339
2017-09-30,2017三季报,2017-3,2017三季度,fcf_to_net_profit_ratio,1.102378974472624,,,,
2017-09-30,2017三季报,2017-3,2017三季度,pe_ttm,32.77,,,,
2017-09-30,2017三季报,2017-3,2017三季度,pb,8.3,,,,
2017-06-30,2017中报,2017-2,2017二季度,index_per_operating_cash_flow_net,5.5209,0.6578,-0.49019807,-0.86473648,-0.86602851
2017-06-30,2017中报,2017-2,2017二季度,deduct_net_profit_yoy_growth_ratio,28.1957,31.1561,1.44718227,0.20641774,1.81896981
2017-06-30,2017中报,2017-2,2017二季度,parent_holder_net_profit,11250860929.7100,5127741605.5800,0.27812390,-0.16256056,0.31031501
2017-06-30,2017中报,2017-2,2017二季度,calc_per_net_assets,60.1996,,0.16380129,,
2017-06-30,2017中报,2017-2,2017二季度,inventory_turnover_ratio,0.1211,,0.49690977,,
2017-06-30,2017中报,2017-2,2017二季度,conservative_quick_ratio,1.8289,,-0.04967524,,
2017-06-30,2017中报,2017-2,2017二季度,equity_ratio,0.5464,,0.25927633,,
2017-06-30,2017中报,2017-2,2017二季度,current_ratio,2.3581,,-0.10150505,,
2017-06-30,2017中报,2017-2,2017二季度,basic_eps,8.9600,4.0820,0.27817404,-0.16254642,0.31034926
2017-06-30,2017中报,2017-2,2017二季度,business_cycle,1486.3749,,-0.33195895,,
2017-06-30,2017中报,2017-2,2017二季度,receive_accounts_turnover_days,,,,,
2017-06-30,2017中报,2017-2,2017二季度,quick_ratio,1.8289,,-0.04967524,,
2017-06-30,2017中报,2017-2,2017二季度,sale_gross_margin,89.6187,87.7384,-0.02462631,-0.03749283,-0.03922138
2017-06-30,2017中报,2017-2,2017二季度,inventory_turnover_days,1486.3749,,-0.33195706,,
2017-06-30,2017中报,2017-2,2017二季度,calculate_operating_income_total_yoy_growth_ratio,36.05730500,36.45372000,1.28690781,0.02028066,1.55005110
2017-06-30,2017中报,2017-2,2017二季度,sale_net_interest_ratio,49.7909,50.5414,-0.03504138,0.02773841,-0.00685983
2017-06-30,2017中报,2017-2,2017二季度,per_undistributed_profits,51.3821,,0.17236588,,
2017-06-30,2017中报,2017-2,2017二季度,operating_income_total,25493896745.0300,11580485375.7300,0.36057305,-0.16767462,0.36453720
2017-06-30,2017中报,2017-2,2017二季度,per_capital_reserve,1.0945,,0.00000000,,
2017-06-30,2017中报,2017-2,2017二季度,index_full_diluted_roe,14.8776,6.6318,0.09822912,-0.17733892,0.13369916
2017-06-30,2017中报,2017-2,2017二季度,calculate_parent_holder_net_profit_yoy_growth_ratio,27.81239000,31.03150100,1.39927202,0.22966094,1.80319050
2017-06-30,2017中报,2017-2,2017二季度,assets_debt_ratio,34.3234,,0.16320935,,
2017-06-30,2017中报,2017-2,2017二季度,index_deduct_holder_net_profit,11279876578.5200,5131691901.7700,0.28195738,-0.16533218,0.31156058
2017-06-30,2017中报,2017-2,2017二季度,index_weighted_avg_roe,14.3300,6.2700,0.11257764,-0.22208437,0.13793103
2017-06-30,2017中报,2017-2,2017二季度,fcf_to_net_profit_ratio,0.5736770863157729,,,,
2017-06-30,2017中报,2017-2,2017二季度,pe_ttm,33.08,,,,
2017-06-30,2017中报,2017-2,2017二季度,pb,7.52,,,,
2017-03-31,2017一季报,2017-1,2017一季度,index_per_operating_cash_flow_net,4.8631,4.8631,-0.17846102,0.24267900,-0.17846102
2017-03-31,2017一季报,2017-1,2017一季度,deduct_net_profit_yoy_growth_ratio,25.8253,25.8253,1.17010210,2.37930177,1.17010210
2017-03-31,2017一季报,2017-1,2017一季度,parent_holder_net_profit,6123119324.1300,6123119324.1300,0.25235819,0.43979048,0.25235819
2017-03-31,2017一季报,2017-1,2017一季度,calc_per_net_assets,62.9023,,0.14820000,,
2017-03-31,2017一季报,2017-1,2017一季度,inventory_turnover_ratio,0.0569,,0.35799523,,
2017-03-31,2017一季报,2017-1,2017一季度,conservative_quick_ratio,2.0336,,-0.17517745,,
2017-03-31,2017一季报,2017-1,2017一季度,equity_ratio,0.4622,,0.61045296,,
2017-03-31,2017一季报,2017-1,2017一季度,current_ratio,2.6264,,-0.25009280,,
2017-03-31,2017一季报,2017-1,2017一季度,basic_eps,4.8700,4.8743,0.25192802,0.43980032,0.25235734
2017-03-31,2017一季报,2017-1,2017一季度,business_cycle,1581.7223,,-0.26362113,,
2017-03-31,2017一季报,2017-1,2017一季度,receive_accounts_turnover_days,,,,,
2017-03-31,2017一季报,2017-1,2017一季度,quick_ratio,2.0336,,-0.18188036,,
2017-03-31,2017一季报,2017-1,2017一季度,sale_gross_margin,91.1561,91.1561,-0.01283606,0.00933084,-0.01283606
2017-03-31,2017一季报,2017-1,2017一季度,inventory_turnover_days,1581.7223,,-0.26362041,,
2017-03-31,2017一季报,2017-1,2017一季度,calculate_operating_income_total_yoy_growth_ratio,35.72911000,35.72911000,1.09996790,0.19258808,1.09996790
2017-03-31,2017一季报,2017-1,2017一季度,sale_net_interest_ratio,49.1773,49.1773,-0.05753601,0.30737840,-0.05753601
2017-03-31,2017一季报,2017-1,2017一季度,per_undistributed_profits,54.8010,,0.15179692,,
2017-03-31,2017一季报,2017-1,2017一季度,operating_income_total,13913411369.3000,13913411369.3000,0.35729110,0.10228382,0.35729110
2017-03-31,2017一季报,2017-1,2017一季度,per_capital_reserve,1.0945,,0.00000000,,
2017-03-31,2017一季报,2017-1,2017一季度,index_full_diluted_roe,7.7490,8.0614,0.09070180,0.34146504,0.09434731
2017-03-31,2017一季报,2017-1,2017一季度,calculate_parent_holder_net_profit_yoy_growth_ratio,25.23581900,25.23581900,1.10065214,4.90384059,1.10065214
2017-03-31,2017一季报,2017-1,2017一季度,assets_debt_ratio,30.6986,,0.40971230,,
2017-03-31,2017一季报,2017-1,2017一季度,index_deduct_holder_net_profit,6148184676.7500,6148184676.7500,0.25825282,0.39433095,0.25825282
2017-03-31,2017一季报,2017-1,2017一季度,index_weighted_avg_roe,8.0600,8.0600,0.09362280,0.34557596,0.09362280
2017-03-31,2017一季报,2017-1,2017一季度,fcf_to_net_profit_ratio,0.9474918794391319,,,,
2017-03-31,2017一季报,2017-1,2017一季度,pe_ttm,29.37,,,,
2017-03-31,2017一季报,2017-1,2017一季度,pb,7.08,,,,
2016-12-31,2016年报,2016-4,2016四季度,index_per_operating_cash_flow_net,29.8132,3.9134,1.14787865,-0.74032368,-0.18244302
2016-12-31,2016年报,2016-4,2016四季度,deduct_net_profit_yoy_growth_ratio,8.5665,7.6422,12.84596735,1.39777861,1.57093123
2016-12-31,2016年报,2016-4,2016四季度,parent_holder_net_profit,16718362734.1600,4252784970.0200,0.07838905,0.16103028,0.04274475
2016-12-31,2016年报,2016-4,2016四季度,calc_per_net_assets,58.0276,,0.14028906,,
2016-12-31,2016年报,2016-4,2016四季度,inventory_turnover_ratio,0.1765,,0.14684860,,
2016-12-31,2016年报,2016-4,2016四季度,conservative_quick_ratio,1.8339,,-0.19204335,,
2016-12-31,2016年报,2016-4,2016四季度,equity_ratio,0.5081,,0.61866837,,
2016-12-31,2016年报,2016-4,2016四季度,current_ratio,2.4360,,-0.24856561,,
2016-12-31,2016年报,2016-4,2016四季度,basic_eps,13.3100,3.3854,0.07860616,0.16101375,0.04272030
2016-12-31,2016年报,2016-4,2016四季度,business_cycle,2039.6601,,-0.12805463,,
2016-12-31,2016年报,2016-4,2016四季度,receive_accounts_turnover_days,,,,,
2016-12-31,2016年报,2016-4,2016四季度,quick_ratio,1.8444,,-0.18741739,,
2016-12-31,2016年报,2016-4,2016四季度,sale_gross_margin,91.2251,90.3134,-0.01087307,-0.00899780,-0.01490834
2016-12-31,2016年报,2016-4,2016四季度,inventory_turnover_days,2039.6601,,-0.12804531,,
2016-12-31,2016年报,2016-4,2016四季度,calculate_operating_income_total_yoy_growth_ratio,20.05636900,29.95930500,4.25485114,0.81437502,10.07951824
2016-12-31,2016年报,2016-4,2016四季度,sale_net_interest_ratio,46.1390,37.6152,-0.08424203,-0.19510582,-0.17343582
2016-12-31,2016年报,2016-4,2016四季度,per_undistributed_profits,49.9267,,0.14283785,,
2016-12-31,2016年报,2016-4,2016四季度,operating_income_total,40155084412.9300,12622349261.9100,0.20056369,0.43515405,0.29959305
2016-12-31,2016年报,2016-4,2016四季度,per_capital_reserve,1.0945,,0.00000000,,
2016-12-31,2016年报,2016-4,2016四季度,index_full_diluted_roe,22.9351,6.0094,-0.05428508,0.09608580,-0.08813086
2016-12-31,2016年报,2016-4,2016四季度,calculate_parent_holder_net_profit_yoy_growth_ratio,7.83890500,4.27447500,6.84975336,0.19463046,1.34434619
2016-12-31,2016年报,2016-4,2016四季度,assets_debt_ratio,32.7942,,0.41034551,,
2016-12-31,2016年报,2016-4,2016四季度,index_deduct_holder_net_profit,16954689021.7700,4409415625.2900,0.08566524,0.17699756,0.07642249
2016-12-31,2016年报,2016-4,2016四季度,index_weighted_avg_roe,24.4400,5.9900,-0.06824247,0.07540395,-0.08409786
2016-12-31,2016年报,2016-4,2016四季度,fcf_to_net_profit_ratio,2.179165034844574,,,,
2016-12-31,2016年报,2016-4,2016四季度,pe_ttm,24.64,,,,
2016-12-31,2016年报,2016-4,2016四季度,pb,5.94,,,,
2016-09-30,2016三季报,2016-3,2016三季度,index_per_operating_cash_flow_net,25.8998,15.0703,1.84813495,2.06930754,2.13873037
2016-09-30,2016三季报,2016-3,2016三季度,deduct_net_profit_yoy_growth_ratio,8.8952,3.1872,0.31659809,-0.71162563,0.26601787
2016-09-30,2016三季报,2016-3,2016三季度,parent_holder_net_profit,12465577764.1400,3662940626.1200,0.09111361,-0.06399221,0.03578073
2016-09-30,2016三季报,2016-3,2016三季度,calc_per_net_assets,54.6433,,0.14695165,,
2016-09-30,2016三季报,2016-3,2016三季度,inventory_turnover_ratio,0.1210,,0.08617594,,
2016-09-30,2016三季报,2016-3,2016三季度,conservative_quick_ratio,1.8731,,-0.25022016,,
2016-09-30,2016三季报,2016-3,2016三季度,equity_ratio,0.4933,,0.88786835,,
2016-09-30,2016三季报,2016-3,2016三季度,current_ratio,2.4671,,-0.32732577,,
2016-09-30,2016三季报,2016-3,2016三季度,basic_eps,9.9200,2.9159,0.09130913,-0.06397663,0.03577011
2016-09-30,2016三季报,2016-3,2016三季度,business_cycle,2231.4493,,-0.07933856,,
2016-09-30,2016三季报,2016-3,2016三季度,receive_accounts_turnover_days,0.0443,,-0.06540084,,
2016-09-30,2016三季报,2016-3,2016三季度,quick_ratio,1.8731,,-0.25022016,,
2016-09-30,2016三季报,2016-3,2016三季度,sale_gross_margin,91.6439,91.1334,-0.00875040,-0.00204446,-0.01064980
2016-09-30,2016三季报,2016-3,2016三季度,inventory_turnover_days,2231.4050,,-0.07933883,,
2016-09-30,2016三季报,2016-3,2016三季度,calculate_operating_income_total_yoy_growth_ratio,16.00389700,16.51219000,1.27318751,0.15507905,140.42102775
2016-09-30,2016三季报,2016-3,2016三季度,sale_net_interest_ratio,50.0535,46.7331,-0.04453437,-0.08169305,-0.08452812
2016-09-30,2016三季报,2016-3,2016三季度,per_undistributed_profits,46.7436,,0.13257689,,
2016-09-30,2016三季报,2016-3,2016三季度,operating_income_total,27532735151.0200,8795118059.2000,0.16003897,0.03633530,0.16512190
2016-09-30,2016三季报,2016-3,2016三季度,per_capital_reserve,1.0945,,0.00000000,,
2016-09-30,2016三季报,2016-3,2016三季度,index_full_diluted_roe,18.1601,5.4826,-0.04868147,-0.06275535,-0.06086093
2016-09-30,2016三季报,2016-3,2016三季度,calculate_parent_holder_net_profit_yoy_growth_ratio,9.11136100,3.57807300,0.33228010,-0.67677940,0.69923935
2016-09-30,2016三季报,2016-3,2016三季度,assets_debt_ratio,32.2052,,0.59704446,,
2016-09-30,2016三季报,2016-3,2016三季度,index_deduct_holder_net_profit,12545273396.4800,3746325205.4900,0.08895170,-0.04251219,0.03187238
2016-09-30,2016三季报,2016-3,2016三季度,index_weighted_avg_roe,18.4500,5.5700,-0.06297613,0.01088929,-0.06228956
2016-09-30,2016三季报,2016-3,2016三季度,fcf_to_net_profit_ratio,2.5478212039007824,,,,
2016-09-30,2016三季报,2016-3,2016三季度,pe_ttm,22.28,,,,
2016-09-30,2016三季报,2016-3,2016三季度,pb,5.63,,,,
2016-06-30,2016中报,2016-2,2016二季度,index_per_operating_cash_flow_net,10.8295,4.9100,1.52306509,-0.17053805,1.00974172
2016-06-30,2016中报,2016-2,2016二季度,deduct_net_profit_yoy_growth_ratio,11.5217,11.0523,0.30532362,-0.07127432,19.13934023
2016-06-30,2016中报,2016-2,2016二季度,parent_holder_net_profit,8802637138.0200,3913365542.7000,0.11592012,-0.19960152,0.11070065
2016-06-30,2016中报,2016-2,2016二季度,calc_per_net_assets,51.7267,,-0.03641837,,
2016-06-30,2016中报,2016-2,2016二季度,inventory_turnover_ratio,0.0809,,0.08445040,,
2016-06-30,2016中报,2016-2,2016二季度,conservative_quick_ratio,1.9245,,-0.51561753,,
2016-06-30,2016中报,2016-2,2016二季度,equity_ratio,0.4339,,2.06643110,,
2016-06-30,2016中报,2016-2,2016二季度,current_ratio,2.6245,,-0.57318957,,
2016-06-30,2016中报,2016-2,2016二季度,basic_eps,7.0100,3.1152,0.11624204,-0.19960947,0.00972384
2016-06-30,2016中报,2016-2,2016二季度,business_cycle,2224.9754,,-0.07788150,,
2016-06-30,2016中报,2016-2,2016二季度,receive_accounts_turnover_days,0.0063,,-0.76404494,,
2016-06-30,2016中报,2016-2,2016二季度,quick_ratio,1.9245,,-0.51561753,,
2016-06-30,2016中报,2016-2,2016二季度,sale_gross_margin,91.8814,91.3201,-0.00787811,-0.01106004,-0.00629606
2016-06-30,2016中报,2016-2,2016二季度,inventory_turnover_days,2224.9691,,-0.07787390,,
2016-06-30,2016中报,2016-2,2016二季度,calculate_operating_income_total_yoy_growth_ratio,15.76683800,14.29529000,0.46777463,-0.15979855,1.56912966
2016-06-30,2016中报,2016-2,2016二季度,sale_net_interest_ratio,51.5990,50.8905,-0.02664700,-0.02470319,-0.01461126
2016-06-30,2016中报,2016-2,2016二季度,per_undistributed_profits,43.8277,,-0.06303820,,
2016-06-30,2016中报,2016-2,2016二季度,operating_income_total,18737617091.8200,8486749508.1300,0.15766838,-0.17209451,0.14295290
2016-06-30,2016中报,2016-2,2016二季度,per_capital_reserve,1.0945,,-0.09094684,,
2016-06-30,2016中报,2016-2,2016二季度,index_full_diluted_roe,13.5469,5.8497,0.05281605,-0.20589433,-0.01139072
2016-06-30,2016中报,2016-2,2016二季度,calculate_parent_holder_net_profit_yoy_growth_ratio,11.59201200,11.07006500,0.27295417,-0.07851789,55.76028295
2016-06-30,2016中报,2016-2,2016二季度,assets_debt_ratio,29.5075,,1.46024996,,
2016-06-30,2016中报,2016-2,2016二季度,index_deduct_holder_net_profit,8798948190.9900,3912660978.5300,0.11521727,-0.19925686,0.11052296
2016-06-30,2016中报,2016-2,2016二季度,index_weighted_avg_roe,12.8800,5.5100,-0.06327273,-0.25237449,-0.06610169
2016-06-30,2016中报,2016-2,2016二季度,fcf_to_net_profit_ratio,1.4890260762683525,,,,
2016-06-30,2016中报,2016-2,2016二季度,pe_ttm,22.59,,,,
2016-06-30,2016中报,2016-2,2016二季度,pb,5.26,,,,
2016-03-31,2016一季报,2016-1,2016一季度,index_per_operating_cash_flow_net,5.9195,5.9195,2.20128711,0.23665573,2.20128711
2016-03-31,2016一季报,2016-1,2016一季度,deduct_net_profit_yoy_growth_ratio,11.9005,11.9005,-0.33347709,1.88905906,-0.33347709
2016-03-31,2016一季报,2016-1,2016一季度,parent_holder_net_profit,4889271595.3200,4889271595.3200,0.12013326,0.19880557,0.12013326
2016-03-31,2016一季报,2016-1,2016一季度,calc_per_net_assets,54.7834,,0.08266733,,
2016-03-31,2016一季报,2016-1,2016一季度,inventory_turnover_ratio,0.0419,,0.10554090,,
2016-03-31,2016一季报,2016-1,2016一季度,conservative_quick_ratio,2.4655,,-0.30814345,,
2016-03-31,2016一季报,2016-1,2016一季度,equity_ratio,0.2870,,0.87581699,,
2016-03-31,2016一季报,2016-1,2016一季度,current_ratio,3.5023,,-0.38766697,,
2016-03-31,2016一季报,2016-1,2016一季度,basic_eps,3.8900,3.8921,0.12103746,0.19878646,0.01828790
2016-03-31,2016一季报,2016-1,2016一季度,business_cycle,2147.9735,,-0.09547414,,
2016-03-31,2016一季报,2016-1,2016一季度,receive_accounts_turnover_days,0.0021,,-0.91699605,,
2016-03-31,2016一季报,2016-1,2016一季度,quick_ratio,2.4857,,-0.30247503,,
2016-03-31,2016一季报,2016-1,2016一季度,sale_gross_margin,92.3414,92.3414,-0.00936338,0.00721203,-0.00936338
2016-03-31,2016一季报,2016-1,2016一季度,inventory_turnover_days,2147.9714,,-0.09546538,,
2016-03-31,2016一季报,2016-1,2016一季度,calculate_operating_income_total_yoy_growth_ratio,17.01412200,17.01412200,0.09446418,6.15632893,0.09446418
2016-03-31,2016一季报,2016-1,2016一季度,sale_net_interest_ratio,52.1795,52.1795,-0.03672231,0.14660312,-0.03672231
2016-03-31,2016一季报,2016-1,2016一季度,per_undistributed_profits,47.5787,,0.08819715,,
2016-03-31,2016一季报,2016-1,2016一季度,operating_income_total,10250867583.6900,10250867583.6900,0.17014122,0.05542606,0.17014122
2016-03-31,2016一季报,2016-1,2016一季度,per_capital_reserve,1.0945,,-0.09094684,,
2016-03-31,2016一季报,2016-1,2016一季度,index_full_diluted_roe,7.1046,7.3664,-0.05944186,0.11778095,-0.06153337
2016-03-31,2016一季报,2016-1,2016一季度,calculate_parent_holder_net_profit_yoy_growth_ratio,12.01332600,12.01332600,-0.33221785,1.96777805,-0.33221785
2016-03-31,2016一季报,2016-1,2016一季度,assets_debt_ratio,21.7765,,0.69427371,,
2016-03-31,2016一季报,2016-1,2016一季度,index_deduct_holder_net_profit,4886287212.4600,4886287212.4600,0.11900493,0.19283594,0.11900493
2016-03-31,2016一季报,2016-1,2016一季度,index_weighted_avg_roe,7.3700,7.3700,-0.06114650,0.12691131,-0.06114650
2016-03-31,2016一季报,2016-1,2016一季度,fcf_to_net_profit_ratio,1.4458100009041002,,,,
2016-03-31,2016一季报,2016-1,2016一季度,pe_ttm,20.07,,,,
2016-03-31,2016一季报,2016-1,2016一季度,pb,4.87,,,,
2015-12-31,2015年报,2015-4,2015四季度,index_per_operating_cash_flow_net,13.8803,4.7867,0.25479578,-0.00306161,0.10361285
2015-12-31,2015年报,2015-4,2015四季度,deduct_net_profit_yoy_growth_ratio,0.6187,-13.3855,0.37948718,-6.31698113,-1.93146329
2015-12-31,2015年报,2015-4,2015四季度,parent_holder_net_profit,15503090276.3800,4078452532.6700,0.00998618,0.15327628,-0.12413307
2015-12-31,2015年报,2015-4,2015四季度,calc_per_net_assets,50.8885,,0.08766789,,
2015-12-31,2015年报,2015-4,2015四季度,inventory_turnover_ratio,0.1539,,-0.11754587,,
2015-12-31,2015年报,2015-4,2015四季度,conservative_quick_ratio,2.2698,,-0.19484942,,
2015-12-31,2015年报,2015-4,2015四季度,equity_ratio,0.3139,,0.58775923,,
2015-12-31,2015年报,2015-4,2015四季度,current_ratio,3.2418,,-0.28146818,,
2015-12-31,2015年报,2015-4,2015四季度,basic_eps,12.3400,3.2467,0.00981997,0.15327508,-0.20375230
2015-12-31,2015年报,2015-4,2015四季度,business_cycle,2339.2063,,0.13319913,,
2015-12-31,2015年报,2015-4,2015四季度,receive_accounts_turnover_days,0.0250,,-0.16107383,,
2015-12-31,2015年报,2015-4,2015四季度,quick_ratio,2.2698,,-0.19484942,,
2015-12-31,2015年报,2015-4,2015四季度,sale_gross_margin,92.2279,91.6802,-0.00394737,-0.00471370,-0.00820329
2015-12-31,2015年报,2015-4,2015四季度,inventory_turnover_days,2339.1813,,0.13320338,,
2015-12-31,2015年报,2015-4,2015四季度,calculate_operating_income_total_yoy_growth_ratio,3.81673400,-3.29965800,0.03424380,-26.86073256,-1.30665927
2015-12-31,2015年报,2015-4,2015四季度,sale_net_interest_ratio,50.3834,45.5079,-0.02221127,-0.10852901,-0.08348321
2015-12-31,2015年报,2015-4,2015四季度,per_undistributed_profits,43.6866,,0.09489402,,
2015-12-31,2015年报,2015-4,2015四季度,operating_income_total,33446859045.5800,9712539795.1000,0.03816734,0.28665616,-0.03299658
2015-12-31,2015年报,2015-4,2015四季度,per_capital_reserve,1.0945,,-0.09094684,,
2015-12-31,2015年报,2015-4,2015四季度,index_full_diluted_roe,24.2516,6.5902,-0.15583774,0.12886483,-0.27700190
2015-12-31,2015年报,2015-4,2015四季度,calculate_parent_holder_net_profit_yoy_growth_ratio,0.99861800,-12.41330700,-0.29088974,-6.89512279,-1.85551665
2015-12-31,2015年报,2015-4,2015四季度,assets_debt_ratio,23.2526,,0.45026913,,
2015-12-31,2015年报,2015-4,2015四季度,index_deduct_holder_net_profit,15616866431.9400,4096361481.6900,0.00618737,0.12828493,-0.13385469
2015-12-31,2015年报,2015-4,2015四季度,index_weighted_avg_roe,26.2300,6.5400,-0.17928661,0.10101010,-0.26845638
2015-12-31,2015年报,2015-4,2015四季度,fcf_to_net_profit_ratio,0.9917293511361828,,,,
2015-12-31,2015年报,2015-4,2015四季度,pe_ttm,16.86,,,,
2015-12-31,2015年报,2015-4,2015四季度,pb,4.53,,,,
2015-09-30,2015三季报,2015-3,2015三季度,index_per_operating_cash_flow_net,9.0936,4.8014,0.35230872,0.96529000,0.61717750
2015-09-30,2015三季报,2015-3,2015三季度,deduct_net_profit_yoy_growth_ratio,6.7562,2.5175,2.45648565,5.13179058,1.29358258
2015-09-30,2015三季报,2015-3,2015三季度,parent_holder_net_profit,11424637743.7100,3536405467.5400,0.06838923,0.00371095,0.02105691
2015-09-30,2015三季报,2015-3,2015三季度,calc_per_net_assets,47.6422,,0.11626261,,
2015-09-30,2015三季报,2015-3,2015三季度,inventory_turnover_ratio,0.1114,,-0.11587302,,
2015-09-30,2015三季报,2015-3,2015三季度,conservative_quick_ratio,2.4982,,-0.14177746,,
2015-09-30,2015三季报,2015-3,2015三季度,equity_ratio,0.2613,,0.53255132,,
2015-09-30,2015三季报,2015-3,2015三季度,current_ratio,3.6676,,-0.27570749,,
2015-09-30,2015三季报,2015-3,2015三季度,basic_eps,9.0900,2.8152,0.06815511,-0.08751459,-0.07174888
2015-09-30,2015三季报,2015-3,2015三季度,business_cycle,2423.7458,,0.13107105,,
2015-09-30,2015三季报,2015-3,2015三季度,receive_accounts_turnover_days,0.0474,,1.41836735,,
2015-09-30,2015三季报,2015-3,2015三季度,quick_ratio,2.4982,,-0.14177746,,
2015-09-30,2015三季报,2015-3,2015三季度,sale_gross_margin,92.4529,92.1144,-0.00227489,0.00234715,0.00331336
2015-09-30,2015三季报,2015-3,2015三季度,inventory_turnover_days,2423.6984,,0.13105928,,
2015-09-30,2015三季报,2015-3,2015三季度,calculate_operating_income_total_yoy_growth_ratio,7.04028900,-0.11843400,8.06521277,-1.02128479,0.96969141
2015-09-30,2015三季报,2015-3,2015三季度,sale_net_interest_ratio,52.3865,51.0481,0.00015082,-0.01155966,0.01742137
2015-09-30,2015三季报,2015-3,2015三季度,per_undistributed_profits,41.2719,,0.15186182,,
2015-09-30,2015三季报,2015-3,2015三季度,operating_income_total,23734319250.4800,7548667681.0100,0.07040289,0.01661674,-0.00118434
2015-09-30,2015三季报,2015-3,2015三季度,per_capital_reserve,1.0945,,-0.09094684,,
2015-09-30,2015三季报,2015-3,2015三季度,index_full_diluted_roe,19.0894,5.8379,-0.12989931,-0.01338494,-0.20763603
2015-09-30,2015三季报,2015-3,2015三季度,calculate_parent_holder_net_profit_yoy_growth_ratio,6.83892300,2.10569100,3.00889310,11.41622023,1.22433253
2015-09-30,2015三季报,2015-3,2015三季度,assets_debt_ratio,20.1655,,0.42323274,,
2015-09-30,2015三季报,2015-3,2015三季度,index_deduct_holder_net_profit,11520504950.2500,3630609060.1700,0.06756180,0.03046871,0.02517508
2015-09-30,2015三季报,2015-3,2015三季度,index_weighted_avg_roe,19.6900,5.9400,-0.14465682,0.00677966,-0.19512195
2015-09-30,2015三季报,2015-3,2015三季度,fcf_to_net_profit_ratio,0.8413906306781891,,,,
2015-09-30,2015三季报,2015-3,2015三季度,pe_ttm,15.65,,,,
2015-09-30,2015三季报,2015-3,2015三季度,pb,4.09,,,,
2015-06-30,2015中报,2015-2,2015二季度,index_per_operating_cash_flow_net,4.2922,2.4431,0.14291040,0.32123736,-0.31909142
2015-06-30,2015中报,2015-2,2015二季度,deduct_net_profit_yoy_growth_ratio,8.8267,-0.6093,4.40799228,-1.03412566,0.82114131
2015-06-30,2015中报,2015-2,2015二季度,parent_holder_net_profit,7888232276.1700,3523330555.2800,0.09106386,-0.19280415,-0.00202155
2015-06-30,2015中报,2015-2,2015二季度,calc_per_net_assets,53.6817,,0.35398464,,
2015-06-30,2015中报,2015-2,2015二季度,inventory_turnover_ratio,0.0746,,-0.05329949,,
2015-06-30,2015中报,2015-2,2015二季度,conservative_quick_ratio,3.9731,,0.58240401,,
2015-06-30,2015中报,2015-2,2015二季度,equity_ratio,0.1415,,-0.25447840,,
2015-06-30,2015中报,2015-2,2015二季度,current_ratio,6.1491,,0.36485917,,
2015-06-30,2015中报,2015-2,2015二季度,basic_eps,6.2800,3.0852,-0.00789889,-0.19282089,-0.00203785
2015-06-30,2015中报,2015-2,2015二季度,business_cycle,2412.8953,,0.05630277,,
2015-06-30,2015中报,2015-2,2015二季度,receive_accounts_turnover_days,0.0267,,0.34848485,,
2015-06-30,2015中报,2015-2,2015二季度,quick_ratio,3.9731,,0.58240401,,
2015-06-30,2015中报,2015-2,2015二季度,sale_gross_margin,92.6110,91.8987,-0.00530050,-0.01411266,-0.01190675
2015-06-30,2015中报,2015-2,2015二季度,inventory_turnover_days,2412.8686,,0.05630023,,
2015-06-30,2015中报,2015-2,2015二季度,calculate_operating_income_total_yoy_growth_ratio,10.74200200,5.56425400,2.17569902,-0.64206930,5.23127455
2015-06-30,2015中报,2015-2,2015二季度,sale_net_interest_ratio,53.0116,51.6451,-0.00944743,-0.04658779,-0.04382351
2015-06-30,2015中报,2015-2,2015二季度,per_undistributed_profits,46.7764,,0.42620976,,
2015-06-30,2015中报,2015-2,2015二季度,operating_income_total,16185651569.4700,7425283641.2500,0.10742002,-0.15240048,0.05564254
2015-06-30,2015中报,2015-2,2015二季度,per_capital_reserve,1.2040,,0.00000000,,
2015-06-30,2015中报,2015-2,2015二季度,index_full_diluted_roe,12.8673,5.9171,-0.19418211,-0.24617168,-0.23268148
2015-06-30,2015中报,2015-2,2015二季度,calculate_parent_holder_net_profit_yoy_growth_ratio,9.10638600,-0.20215500,37.48391827,-1.01123715,0.94059726
2015-06-30,2015中报,2015-2,2015二季度,assets_debt_ratio,11.9937,,-0.22937495,,
2015-06-30,2015中报,2015-2,2015二季度,index_deduct_holder_net_profit,7889895890.0800,3523259874.2900,0.08826681,-0.19314093,-0.00609341
2015-06-30,2015中报,2015-2,2015二季度,index_weighted_avg_roe,13.7500,5.9000,-0.12084399,-0.24840764,-0.19398907
2015-06-30,2015中报,2015-2,2015二季度,fcf_to_net_profit_ratio,0.4596442928808427,,,,
2015-06-30,2015中报,2015-2,2015二季度,pe_ttm,16.78,,,,
2015-06-30,2015中报,2015-2,2015二季度,pb,4.65,,,,
2015-03-31,2015一季报,2015-1,2015一季度,index_per_operating_cash_flow_net,1.8491,1.8491,10.03940299,-0.57367487,10.03940299
2015-03-31,2015一季报,2015-1,2015一季度,deduct_net_profit_yoy_growth_ratio,17.8546,17.8546,10.94297488,0.24245672,10.94297488
2015-03-31,2015一季报,2015-1,2015一季度,parent_holder_net_profit,4364901720.8900,4364901720.8900,0.17989888,-0.06261676,0.17989888
2015-03-31,2015一季报,2015-1,2015一季度,calc_per_net_assets,50.6004,,0.13491218,,
2015-03-31,2015一季报,2015-1,2015一季度,inventory_turnover_ratio,0.0379,,-0.08232446,,
2015-03-31,2015一季报,2015-1,2015一季度,conservative_quick_ratio,3.5636,,0.27791723,,
2015-03-31,2015一季报,2015-1,2015一季度,equity_ratio,0.1530,,-0.17431193,,
2015-03-31,2015一季报,2015-1,2015一季度,current_ratio,5.7196,,0.21026683,,
2015-03-31,2015一季报,2015-1,2015一季度,basic_eps,3.4700,3.8222,0.07098765,-0.06261189,0.07265737
2015-03-31,2015一季报,2015-1,2015一季度,business_cycle,2374.6955,,0.08971046,,
2015-03-31,2015一季报,2015-1,2015一季度,receive_accounts_turnover_days,0.0253,,0.16055046,,
2015-03-31,2015一季报,2015-1,2015一季度,quick_ratio,3.5636,,0.27791723,,
2015-03-31,2015一季报,2015-1,2015一季度,sale_gross_margin,93.2142,93.2142,0.00020280,0.00839153,0.00020280
2015-03-31,2015一季报,2015-1,2015一季度,inventory_turnover_days,2374.6702,,0.08970975,,
2015-03-31,2015一季报,2015-1,2015一季度,calculate_operating_income_total_yoy_growth_ratio,15.54561800,15.54561800,1.67809955,0.44475816,1.67809955
2015-03-31,2015一季报,2015-1,2015一季度,sale_net_interest_ratio,54.1687,54.1687,0.02087982,0.09094296,0.02087982
2015-03-31,2015一季报,2015-1,2015一季度,per_undistributed_profits,43.7225,,0.14508965,,
2015-03-31,2015一季报,2015-1,2015一季度,operating_income_total,8760367928.2200,8760367928.2200,0.15545618,-0.12779706,0.15545618
2015-03-31,2015一季报,2015-1,2015一季度,per_capital_reserve,1.2040,,-0.09090909,,
2015-03-31,2015一季报,2015-1,2015一季度,index_full_diluted_roe,7.5536,7.8494,-0.05487851,-0.13885750,-0.05675523
2015-03-31,2015一季报,2015-1,2015一季度,calculate_parent_holder_net_profit_yoy_growth_ratio,17.98988800,17.98988800,5.08152746,0.23985080,5.08152746
2015-03-31,2015一季报,2015-1,2015一季度,assets_debt_ratio,12.8530,,-0.16028041,,
2015-03-31,2015一季报,2015-1,2015一季度,index_deduct_holder_net_profit,4366636015.7900,4366636015.7900,0.17854599,-0.07670714,0.17854599
2015-03-31,2015一季报,2015-1,2015一季度,index_weighted_avg_roe,7.8500,7.8500,-0.05649038,-0.12192394,-0.05649038
2015-03-31,2015一季报,2015-1,2015一季度,fcf_to_net_profit_ratio,0.2854367364234632,,,,
2015-03-31,2015一季报,2015-1,2015一季度,pe_ttm,14.94,,,,
2015-03-31,2015一季报,2015-1,2015一季度,pb,4.53,,,,
2014-12-31,2014年报,2014-4,2014四季度,index_per_operating_cash_flow_net,11.0618,4.3373,-0.09252149,0.46086224,0.32053585
2014-12-31,2014年报,2014-4,2014四季度,deduct_net_profit_yoy_growth_ratio,0.4485,14.3704,-0.97068263,2.67582885,-0.65937314
2014-12-31,2014年报,2014-4,2014四季度,parent_holder_net_profit,15349804322.2700,4656475101.4100,0.01408269,0.34445163,0.14509720
2014-12-31,2014年报,2014-4,2014四季度,calc_per_net_assets,46.7868,,0.13962104,,
2014-12-31,2014年报,2014-4,2014四季度,inventory_turnover_ratio,0.1744,,-0.14551690,,
2014-12-31,2014年报,2014-4,2014四季度,conservative_quick_ratio,2.8191,,0.23601368,,
2014-12-31,2014年报,2014-4,2014四季度,equity_ratio,0.1977,,-0.25592774,,
2014-12-31,2014年报,2014-4,2014四季度,current_ratio,4.5117,,0.21661633,,
2014-12-31,2014年报,2014-4,2014四季度,basic_eps,12.2200,4.0775,-0.07773585,0.34446716,0.04100181
2014-12-31,2014年报,2014-4,2014四季度,business_cycle,2064.2500,,0.17024266,,
2014-12-31,2014年报,2014-4,2014四季度,receive_accounts_turnover_days,0.0298,,-0.72685610,,
2014-12-31,2014年报,2014-4,2014四季度,quick_ratio,2.8191,,0.23601368,,
2014-12-31,2014年报,2014-4,2014四季度,sale_gross_margin,92.5934,92.4385,-0.00335289,0.00684347,0.00893584
2014-12-31,2014年报,2014-4,2014四季度,inventory_turnover_days,2064.2202,,0.17029814,,
2014-12-31,2014年报,2014-4,2014四季度,calculate_operating_income_total_yoy_growth_ratio,3.69036200,10.76001400,-0.78846318,3.75360841,-0.72410206
2014-12-31,2014年报,2014-4,2014四季度,sale_net_interest_ratio,51.5279,49.6531,-0.00197560,-0.01038187,0.03698668
2014-12-31,2014年报,2014-4,2014四季度,per_undistributed_profits,39.9003,,0.15145735,,
2014-12-31,2014年报,2014-4,2014四季度,operating_income_total,32217213741.0800,10043956018.7600,0.03690362,0.32898426,0.10760014
2014-12-31,2014年报,2014-4,2014四季度,per_capital_reserve,1.2040,,-0.09090909,,
2014-12-31,2014年报,2014-4,2014四季度,index_full_diluted_roe,28.7286,9.1151,-0.19105129,0.23717035,-0.09023675
2014-12-31,2014年报,2014-4,2014四季度,calculate_parent_holder_net_profit_yoy_growth_ratio,1.40826900,14.50972000,-0.89750758,2.54581189,-0.64440357
2014-12-31,2014年报,2014-4,2014四季度,assets_debt_ratio,16.0333,,-0.21491597,,
2014-12-31,2014年报,2014-4,2014四季度,index_deduct_holder_net_profit,15520833325.6900,4729415974.4800,0.00448537,0.33544518,0.14370372
2014-12-31,2014年报,2014-4,2014四季度,index_weighted_avg_roe,31.9600,8.9400,-0.18944966,0.21138211,-0.09514170
2014-12-31,2014年报,2014-4,2014四季度,fcf_to_net_profit_ratio,0.5343037082662387,,,,
2014-12-31,2014年报,2014-4,2014四季度,pe_ttm,14.24,,,,
2014-12-31,2014年报,2014-4,2014四季度,pb,4.31,,,,
2014-09-30,2014三季报,2014-3,2014三季度,index_per_operating_cash_flow_net,6.7245,2.9690,-0.24487092,-0.17251951,-0.23516835
2014-09-30,2014三季报,2014-3,2014三季度,deduct_net_profit_yoy_growth_ratio,-4.6387,-8.5751,-1.59126367,-1.51720190,-1.79782473
2014-09-30,2014三季报,2014-3,2014三季度,parent_holder_net_profit,10693329220.8600,3463475371.3400,-0.03404324,-0.01897545,-0.09386472
2014-09-30,2014三季报,2014-3,2014三季度,calc_per_net_assets,42.6801,,0.14938464,,
2014-09-30,2014三季报,2014-3,2014三季度,inventory_turnover_ratio,0.1260,,-0.11016949,,
2014-09-30,2014三季报,2014-3,2014三季度,conservative_quick_ratio,2.9109,,0.21322886,,
2014-09-30,2014三季报,2014-3,2014三季度,equity_ratio,0.1705,,-0.30464927,,
2014-09-30,2014三季报,2014-3,2014三季度,current_ratio,5.0637,,0.19933209,,
2014-09-30,2014三季报,2014-3,2014三季度,basic_eps,8.5100,3.0328,-0.12177503,-0.01898755,-0.17625010
2014-09-30,2014三季报,2014-3,2014三季度,business_cycle,2142.8767,,0.12375175,,
2014-09-30,2014三季报,2014-3,2014三季度,receive_accounts_turnover_days,0.0196,,-0.83015598,,
2014-09-30,2014三季报,2014-3,2014三季度,quick_ratio,2.9109,,0.21322886,,
2014-09-30,2014三季报,2014-3,2014三季度,sale_gross_margin,92.6637,91.8102,-0.00821672,-0.01285830,-0.01796665
2014-09-30,2014三季报,2014-3,2014三季度,inventory_turnover_days,2142.8571,,0.12380948,,
2014-09-30,2014三季报,2014-3,2014三季度,calculate_operating_income_total_yoy_growth_ratio,0.77662700,-3.90760500,-0.92525485,-5.37603309,-1.21747176
2014-09-30,2014三季报,2014-3,2014三季度,sale_net_interest_ratio,52.3786,50.1740,-0.01479539,-0.07106000,-0.03062269
2014-09-30,2014三季报,2014-3,2014三季度,per_undistributed_profits,35.8306,,0.16551841,,
2014-09-30,2014三季报,2014-3,2014三季度,operating_income_total,22173257722.3200,7557618464.2100,0.00776627,0.07445640,-0.03907605
2014-09-30,2014三季报,2014-3,2014三季度,per_capital_reserve,1.2040,,-0.09090909,,
2014-09-30,2014三季报,2014-3,2014三季度,index_full_diluted_roe,21.9393,7.3677,-0.23598773,-0.04457038,-0.29369302
2014-09-30,2014三季报,2014-3,2014三季度,calculate_parent_holder_net_profit_yoy_growth_ratio,-3.40432400,-9.38647200,-1.54562884,-1.75819115,-1.80777747
2014-09-30,2014三季报,2014-3,2014三季度,assets_debt_ratio,14.1688,,-0.26152627,,
2014-09-30,2014三季报,2014-3,2014三季度,index_deduct_holder_net_profit,10791417351.2100,3541452719.1200,-0.04638724,-0.00096124,-0.08575062
2014-09-30,2014三季报,2014-3,2014三季度,index_weighted_avg_roe,23.0200,7.3800,-0.22098139,0.00819672,-0.28764479
2014-09-30,2014三季报,2014-3,2014三季度,fcf_to_net_profit_ratio,0.3722873716844035,,,,
2014-09-30,2014三季报,2014-3,2014三季度,pe_ttm,11.9,,,,
2014-09-30,2014三季报,2014-3,2014三季度,pb,3.97,,,,
2014-06-30,2014中报,2014-2,2014二季度,index_per_operating_cash_flow_net,3.7555,3.5880,-0.25236901,20.42089552,-0.15837868
2014-06-30,2014中报,2014-2,2014二季度,deduct_net_profit_yoy_growth_ratio,-2.5900,-3.4066,-1.40506725,-0.89708749,0.61645594
2014-06-30,2014中报,2014-2,2014二季度,parent_holder_net_profit,7229853849.5200,3530467577.8000,-0.00249600,-0.04566128,-0.03403126
2014-06-30,2014中报,2014-2,2014二季度,calc_per_net_assets,39.6472,,0.18504791,,
2014-06-30,2014中报,2014-2,2014二季度,inventory_turnover_ratio,0.0788,,-0.15450644,,
2014-06-30,2014中报,2014-2,2014二季度,conservative_quick_ratio,2.5108,,0.04586162,,
2014-06-30,2014中报,2014-2,2014二季度,equity_ratio,0.1898,,-0.15943313,,
2014-06-30,2014中报,2014-2,2014二季度,current_ratio,4.5053,,0.01630950,,
2014-06-30,2014中报,2014-2,2014二季度,basic_eps,6.3300,3.0915,-0.00314961,-0.13240535,-0.12183275
2014-06-30,2014中报,2014-2,2014二季度,business_cycle,2284.2838,,0.18267826,,
2014-06-30,2014中报,2014-2,2014二季度,receive_accounts_turnover_days,0.0198,,-0.83417085,,
2014-06-30,2014中报,2014-2,2014二季度,quick_ratio,2.5108,,0.04586162,,
2014-06-30,2014中报,2014-2,2014二季度,sale_gross_margin,93.1045,93.0061,-0.00315421,-0.00203015,-0.00544935
2014-06-30,2014中报,2014-2,2014二季度,inventory_turnover_days,2284.2640,,0.18274112,,
2014-06-30,2014中报,2014-2,2014二季度,calculate_operating_income_total_yoy_growth_ratio,3.38256300,0.89295600,-0.48604687,-0.84616726,1.23381498
2014-06-30,2014中报,2014-2,2014二季度,sale_net_interest_ratio,53.5172,54.0121,-0.00788248,0.01792849,-0.02266016
2014-06-30,2014中报,2014-2,2014二季度,per_undistributed_profits,32.7977,,0.21179439,,
2014-06-30,2014中报,2014-2,2014二季度,operating_income_total,14615639258.1100,7033899623.9700,0.03382563,-0.07225782,0.00892956
2014-06-30,2014中报,2014-2,2014二季度,per_capital_reserve,1.2040,,-0.09090909,,
2014-06-30,2014中报,2014-2,2014二季度,index_full_diluted_roe,15.9680,7.7114,-0.23478361,-0.07333838,-0.23540493
2014-06-30,2014中报,2014-2,2014二季度,calculate_parent_holder_net_profit_yoy_growth_ratio,-0.24960000,-3.40312600,-1.06922966,-2.15043541,0.63130991
2014-06-30,2014中报,2014-2,2014二季度,assets_debt_ratio,15.5636,,-0.13423969,,
2014-06-30,2014中报,2014-2,2014二季度,index_deduct_holder_net_profit,7249964632.0900,3544860163.5600,-0.02590032,-0.04324961,-0.03406643
2014-06-30,2014中报,2014-2,2014二季度,index_weighted_avg_roe,15.6400,7.3200,-0.18499218,-0.12019231,-0.20348205
2014-06-30,2014中报,2014-2,2014二季度,fcf_to_net_profit_ratio,0.19953767028717712,,,,
2014-06-30,2014中报,2014-2,2014二季度,pe_ttm,10.66,,,,
2014-06-30,2014中报,2014-2,2014二季度,pb,3.51,,,,
2014-03-31,2014一季报,2014-1,2014一季度,index_per_operating_cash_flow_net,0.1675,0.1675,-0.77960526,-0.94900289,-0.77960526
2014-03-31,2014一季报,2014-1,2014一季度,deduct_net_profit_yoy_growth_ratio,-1.7957,-1.7957,-1.06620141,-1.04256414,-1.06620141
2014-03-31,2014一季报,2014-1,2014一季度,parent_holder_net_profit,3699386271.7200,3699386271.7200,0.02958120,-0.09026532,0.02958120
2014-03-31,2014一季报,2014-1,2014一季度,calc_per_net_assets,44.5853,,0.22655571,,
2014-03-31,2014一季报,2014-1,2014一季度,inventory_turnover_ratio,0.0413,,-0.15195072,,
2014-03-31,2014一季报,2014-1,2014一季度,conservative_quick_ratio,2.7886,,-0.07979145,,
2014-03-31,2014一季报,2014-1,2014一季度,equity_ratio,0.1853,,-0.04287190,,
2014-03-31,2014一季报,2014-1,2014一季度,current_ratio,4.7259,,-0.06538119,,
2014-03-31,2014一季报,2014-1,2014一季度,basic_eps,3.2400,3.5633,-0.06358382,-0.09027547,0.02955793
2014-03-31,2014一季报,2014-1,2014一季度,business_cycle,2179.1986,,0.17911181,,
2014-03-31,2014一季报,2014-1,2014一季度,receive_accounts_turnover_days,0.0218,,-0.81878637,,
2014-03-31,2014一季报,2014-1,2014一季度,quick_ratio,2.7886,,-0.07979145,,
2014-03-31,2014一季报,2014-1,2014一季度,sale_gross_margin,93.1953,93.1953,-0.00097121,0.01719606,-0.00097121
2014-03-31,2014一季报,2014-1,2014一季度,inventory_turnover_days,2179.1768,,0.17917677,,
2014-03-31,2014一季报,2014-1,2014一季度,calculate_operating_income_total_yoy_growth_ratio,5.80472000,5.80472000,-0.69629103,-0.85116095,-0.69629103
2014-03-31,2014一季报,2014-1,2014一季度,sale_net_interest_ratio,53.0608,53.0608,0.00764745,0.10815524,0.00764745
2014-03-31,2014一季报,2014-1,2014一季度,per_undistributed_profits,38.1826,,0.22751530,,
2014-03-31,2014一季报,2014-1,2014一季度,operating_income_total,7581739634.1400,7581739634.1400,0.05804720,-0.16392148,0.05804720
2014-03-31,2014一季报,2014-1,2014一季度,per_capital_reserve,1.3244,,0.00000000,,
2014-03-31,2014一季报,2014-1,2014一季度,index_full_diluted_roe,7.9922,8.3217,-0.16048319,-0.16942470,-0.16748034
2014-03-31,2014一季报,2014-1,2014一季度,calculate_parent_holder_net_profit_yoy_growth_ratio,2.95812000,2.95812000,-0.85921549,-0.92750398,-0.85921549
2014-03-31,2014一季报,2014-1,2014一季度,assets_debt_ratio,15.3063,,-0.03841007,,
2014-03-31,2014一季报,2014-1,2014一季度,index_deduct_holder_net_profit,3705104468.5300,3705104468.5300,-0.01795708,-0.10400316,-0.01795708
2014-03-31,2014一季报,2014-1,2014一季度,index_weighted_avg_roe,8.3200,8.3200,-0.16800000,-0.15789474,-0.16800000
2014-03-31,2014一季报,2014-1,2014一季度,fcf_to_net_profit_ratio,-0.5003673773432068,,,,
2014-03-31,2014一季报,2014-1,2014一季度,pe_ttm,10.81,,,,
2014-03-31,2014一季报,2014-1,2014一季度,pb,3.84,,,,
